CPU Reset (CPU 0)
EAX=00000000 EBX=00000000 ECX=00000000 EDX=00060fb1
ESI=00000000 EDI=00000000 EBP=00000000 ESP=00000000
EIP=0000fff0 EFL=00000002 [-------] CPL=0 II=0 A20=1 SMM=0 HLT=0
ES =0000 00000000 0000ffff 00009300
CS =f000 ffff0000 0000ffff 00009b00
SS =0000 00000000 0000ffff 00009300
DS =0000 00000000 0000ffff 00009300
FS =0000 00000000 0000ffff 00009300
GS =0000 00000000 0000ffff 00009300
LDT=0000 00000000 0000ffff 00008200
TR =0000 00000000 0000ffff 00008b00
GDT=     00000000 0000ffff
IDT=     00000000 0000ffff
CR0=60000010 CR2=00000000 CR3=00000000 CR4=00000000
DR0=0000000000000000 DR1=0000000000000000 DR2=0000000000000000 DR3=0000000000000000 
DR6=00000000ffff0ff0 DR7=0000000000000400
CCS=00000000 CCD=00000000 CCO=EFLAGS
EFER=0000000000000000
FCW=037f FSW=0000 [ST=0] FTW=00 MXCSR=00001f80
FPR0=0000000000000000 0000 FPR1=0000000000000000 0000
FPR2=0000000000000000 0000 FPR3=0000000000000000 0000
FPR4=0000000000000000 0000 FPR5=0000000000000000 0000
FPR6=0000000000000000 0000 FPR7=0000000000000000 0000
XMM00=0000000000000000 0000000000000000 XMM01=0000000000000000 0000000000000000
XMM02=0000000000000000 0000000000000000 XMM03=0000000000000000 0000000000000000
XMM04=0000000000000000 0000000000000000 XMM05=0000000000000000 0000000000000000
XMM06=0000000000000000 0000000000000000 XMM07=0000000000000000 0000000000000000
CPU Reset (CPU 0)
EAX=00000000 EBX=00000000 ECX=00000000 EDX=00060fb1
ESI=00000000 EDI=00000000 EBP=00000000 ESP=00000000
EIP=0000fff0 EFL=00000002 [-------] CPL=0 II=0 A20=1 SMM=0 HLT=0
ES =0000 00000000 0000ffff 00009300
CS =f000 ffff0000 0000ffff 00009b00
SS =0000 00000000 0000ffff 00009300
DS =0000 00000000 0000ffff 00009300
FS =0000 00000000 0000ffff 00009300
GS =0000 00000000 0000ffff 00009300
LDT=0000 00000000 0000ffff 00008200
TR =0000 00000000 0000ffff 00008b00
GDT=     00000000 0000ffff
IDT=     00000000 0000ffff
CR0=60000010 CR2=00000000 CR3=00000000 CR4=00000000
DR0=0000000000000000 DR1=0000000000000000 DR2=0000000000000000 DR3=0000000000000000 
DR6=00000000ffff0ff0 DR7=0000000000000400
CCS=00000000 CCD=00000000 CCO=EFLAGS
EFER=0000000000000000
FCW=037f FSW=0000 [ST=0] FTW=00 MXCSR=00001f80
FPR0=0000000000000000 0000 FPR1=0000000000000000 0000
FPR2=0000000000000000 0000 FPR3=0000000000000000 0000
FPR4=0000000000000000 0000 FPR5=0000000000000000 0000
FPR6=0000000000000000 0000 FPR7=0000000000000000 0000
XMM00=0000000000000000 0000000000000000 XMM01=0000000000000000 0000000000000000
XMM02=0000000000000000 0000000000000000 XMM03=0000000000000000 0000000000000000
XMM04=0000000000000000 0000000000000000 XMM05=0000000000000000 0000000000000000
XMM06=0000000000000000 0000000000000000 XMM07=0000000000000000 0000000000000000
SMM: enter
EAX=00000000 EBX=00000000 ECX=02000000 EDX=02000628
ESI=0000000b EDI=02000000 EBP=00fab0e0 ESP=00006d5c
EIP=000ebede EFL=00000046 [---Z-P-] CPL=0 II=0 A20=1 SMM=0 HLT=0
ES =0010 00000000 ffffffff 00cf9300 DPL=0 DS   [-WA]
CS =0008 00000000 ffffffff 00cf9b00 DPL=0 CS32 [-RA]
SS =0010 00000000 ffffffff 00cf9300 DPL=0 DS   [-WA]
DS =0010 00000000 ffffffff 00cf9300 DPL=0 DS   [-WA]
FS =0010 00000000 ffffffff 00cf9300 DPL=0 DS   [-WA]
GS =0010 00000000 ffffffff 00cf9300 DPL=0 DS   [-WA]
LDT=0000 00000000 0000ffff 00008200 DPL=0 LDT
TR =0000 00000000 0000ffff 00008b00 DPL=0 TSS32-busy
GDT=     000f6220 00000037
IDT=     000f625e 00000000
CR0=00000011 CR2=00000000 CR3=00000000 CR4=00000000
DR0=0000000000000000 DR1=0000000000000000 DR2=0000000000000000 DR3=0000000000000000 
DR6=00000000ffff0ff0 DR7=0000000000000400
CCS=00000044 CCD=ffffffff CCO=EFLAGS
EFER=0000000000000000
SMM: after RSM
EAX=00000000 EBX=00000000 ECX=02000000 EDX=02000628
ESI=0000000b EDI=02000000 EBP=00fab0e0 ESP=00006d5c
EIP=000ebede EFL=00000046 [---Z-P-] CPL=0 II=0 A20=1 SMM=0 HLT=0
ES =0010 00000000 ffffffff 00c09300 DPL=0 DS   [-WA]
CS =0008 00000000 ffffffff 00c09b00 DPL=0 CS32 [-RA]
SS =0010 00000000 ffffffff 00c09300 DPL=0 DS   [-WA]
DS =0010 00000000 ffffffff 00c09300 DPL=0 DS   [-WA]
FS =0010 00000000 ffffffff 00c09300 DPL=0 DS   [-WA]
GS =0010 00000000 ffffffff 00c09300 DPL=0 DS   [-WA]
LDT=0000 00000000 0000ffff 00008200 DPL=0 LDT
TR =0000 00000000 0000ffff 00008b00 DPL=0 TSS32-busy
GDT=     000f6220 00000037
IDT=     000f625e 00000000
CR0=00000011 CR2=00000000 CR3=00000000 CR4=00000000
DR0=0000000000000000 DR1=0000000000000000 DR2=0000000000000000 DR3=0000000000000000 
DR6=00000000ffff0ff0 DR7=0000000000000400
CCS=00000044 CCD=00000000 CCO=EFLAGS
EFER=0000000000000000
SMM: enter
EAX=000000b5 EBX=000f7d2d ECX=00001234 EDX=00006cff
ESI=00006cb8 EDI=00fbee71 EBP=00006c78 ESP=00006c78
EIP=00007d2a EFL=00000006 [-----P-] CPL=0 II=0 A20=1 SMM=0 HLT=0
ES =da80 000da800 ffffffff 008f9300
CS =f000 000f0000 ffffffff 008f9b00
SS =0000 00000000 ffffffff 008f9300
DS =0000 00000000 ffffffff 008f9300
FS =0000 00000000 ffffffff 008f9300
GS =0000 00000000 ffffffff 008f9300
LDT=0000 00000000 0000ffff 00008200
TR =0000 00000000 0000ffff 00008b00
GDT=     00000000 00000000
IDT=     00000000 000003ff
CR0=00000010 CR2=00000000 CR3=00000000 CR4=00000000
DR0=0000000000000000 DR1=0000000000000000 DR2=0000000000000000 DR3=0000000000000000 
DR6=00000000ffff0ff0 DR7=0000000000000400
CCS=00000000 CCD=00006c78 CCO=ADDL
EFER=0000000000000000
SMM: after RSM
EAX=000000b5 EBX=000f7d2d ECX=00001234 EDX=00006cff
ESI=00006cb8 EDI=00fbee71 EBP=00006c78 ESP=00006c78
EIP=000f7d2d EFL=00000046 [---Z-P-] CPL=0 II=0 A20=1 SMM=0 HLT=0
ES =0010 00000000 ffffffff 00c09300 DPL=0 DS   [-WA]
CS =0008 00000000 ffffffff 00c09b00 DPL=0 CS32 [-RA]
SS =0010 00000000 ffffffff 00c09300 DPL=0 DS   [-WA]
DS =0010 00000000 ffffffff 00c09300 DPL=0 DS   [-WA]
FS =0010 00000000 ffffffff 00c09300 DPL=0 DS   [-WA]
GS =0010 00000000 ffffffff 00c09300 DPL=0 DS   [-WA]
LDT=0000 00000000 0000ffff 00008200 DPL=0 LDT
TR =0000 00000000 0000ffff 00008b00 DPL=0 TSS32-busy
GDT=     000f6220 00000037
IDT=     000f625e 00000000
CR0=00000011 CR2=00000000 CR3=00000000 CR4=00000000
DR0=0000000000000000 DR1=0000000000000000 DR2=0000000000000000 DR3=0000000000000000 
DR6=00000000ffff0ff0 DR7=0000000000000400
CCS=00000044 CCD=00000000 CCO=EFLAGS
EFER=0000000000000000
SMM: enter
EAX=000000b5 EBX=00007d47 ECX=00005678 EDX=00fbfe88
ESI=000e9780 EDI=00fbee71 EBP=00006c78 ESP=00006c78
EIP=000f7d44 EFL=00000012 [----A--] CPL=0 II=0 A20=1 SMM=0 HLT=0
ES =0010 00000000 ffffffff 00c09300 DPL=0 DS   [-WA]
CS =0008 00000000 ffffffff 00c09b00 DPL=0 CS32 [-RA]
SS =0010 00000000 ffffffff 00c09300 DPL=0 DS   [-WA]
DS =0010 00000000 ffffffff 00c09300 DPL=0 DS   [-WA]
FS =0010 00000000 ffffffff 00c09300 DPL=0 DS   [-WA]
GS =0010 00000000 ffffffff 00c09300 DPL=0 DS   [-WA]
LDT=0000 00000000 0000ffff 00008200 DPL=0 LDT
TR =0000 00000000 0000ffff 00008b00 DPL=0 TSS32-busy
GDT=     000f6220 00000037
IDT=     000f625e 00000000
CR0=00000011 CR2=00000000 CR3=00000000 CR4=00000000
DR0=0000000000000000 DR1=0000000000000000 DR2=0000000000000000 DR3=0000000000000000 
DR6=00000000ffff0ff0 DR7=0000000000000400
CCS=00000008 CCD=00006c64 CCO=ADDL
EFER=0000000000000000
SMM: after RSM
EAX=000000b5 EBX=00007d47 ECX=00005678 EDX=00fbfe88
ESI=000e9780 EDI=00fbee71 EBP=00006c78 ESP=00006c78
EIP=00007d47 EFL=00000006 [-----P-] CPL=0 II=0 A20=1 SMM=0 HLT=0
ES =da80 000da800 ffffffff 00809300
CS =f000 000f0000 ffffffff 00809b00
SS =0000 00000000 ffffffff 00809300
DS =0000 00000000 ffffffff 00809300
FS =0000 00000000 ffffffff 00809300
GS =0000 00000000 ffffffff 00809300
LDT=0000 00000000 0000ffff 00008200
TR =0000 00000000 0000ffff 00008b00
GDT=     00000000 00000000
IDT=     00000000 000003ff
CR0=00000010 CR2=00000000 CR3=00000000 CR4=00000000
DR0=0000000000000000 DR1=0000000000000000 DR2=0000000000000000 DR3=0000000000000000 
DR6=00000000ffff0ff0 DR7=0000000000000400
CCS=00000004 CCD=00000001 CCO=EFLAGS
EFER=0000000000000000
SMM: enter
EAX=000000b5 EBX=000f7d2d ECX=00001234 EDX=000069ff
ESI=000069a2 EDI=00fbee71 EBP=00006962 ESP=00006962
EIP=00007d2a EFL=00000002 [-------] CPL=0 II=0 A20=1 SMM=0 HLT=0
ES =da80 000da800 ffffffff 008f9300
CS =f000 000f0000 ffffffff 008f9b00
SS =0000 00000000 ffffffff 008f9300
DS =0000 00000000 ffffffff 008f9300
FS =0000 00000000 ffffffff 008f9300
GS =ca00 000ca000 ffffffff 008f9300
LDT=0000 00000000 0000ffff 00008200
TR =0000 00000000 0000ffff 00008b00
GDT=     00000000 00000000
IDT=     00000000 000003ff
CR0=00000010 CR2=00000000 CR3=00000000 CR4=00000000
DR0=0000000000000000 DR1=0000000000000000 DR2=0000000000000000 DR3=0000000000000000 
DR6=00000000ffff0ff0 DR7=0000000000000400
CCS=00000000 CCD=00006962 CCO=ADDL
EFER=0000000000000000
SMM: after RSM
EAX=000000b5 EBX=000f7d2d ECX=00001234 EDX=000069ff
ESI=000069a2 EDI=00fbee71 EBP=00006962 ESP=00006962
EIP=000f7d2d EFL=00000046 [---Z-P-] CPL=0 II=0 A20=1 SMM=0 HLT=0
ES =0010 00000000 ffffffff 00c09300 DPL=0 DS   [-WA]
CS =0008 00000000 ffffffff 00c09b00 DPL=0 CS32 [-RA]
SS =0010 00000000 ffffffff 00c09300 DPL=0 DS   [-WA]
DS =0010 00000000 ffffffff 00c09300 DPL=0 DS   [-WA]
FS =0010 00000000 ffffffff 00c09300 DPL=0 DS   [-WA]
GS =0010 00000000 ffffffff 00c09300 DPL=0 DS   [-WA]
LDT=0000 00000000 0000ffff 00008200 DPL=0 LDT
TR =0000 00000000 0000ffff 00008b00 DPL=0 TSS32-busy
GDT=     000f6220 00000037
IDT=     000f625e 00000000
CR0=00000011 CR2=00000000 CR3=00000000 CR4=00000000
DR0=0000000000000000 DR1=0000000000000000 DR2=0000000000000000 DR3=0000000000000000 
DR6=00000000ffff0ff0 DR7=0000000000000400
CCS=00000044 CCD=00000000 CCO=EFLAGS
EFER=0000000000000000
SMM: enter
EAX=000000b5 EBX=00007d47 ECX=00005678 EDX=00000005
ESI=00000000 EDI=00fbee71 EBP=00006962 ESP=00006962
EIP=000f7d44 EFL=00000006 [-----P-] CPL=0 II=0 A20=1 SMM=0 HLT=0
ES =0010 00000000 ffffffff 00c09300 DPL=0 DS   [-WA]
CS =0008 00000000 ffffffff 00c09b00 DPL=0 CS32 [-RA]
SS =0010 00000000 ffffffff 00c09300 DPL=0 DS   [-WA]
DS =0010 00000000 ffffffff 00c09300 DPL=0 DS   [-WA]
FS =0010 00000000 ffffffff 00c09300 DPL=0 DS   [-WA]
GS =0010 00000000 ffffffff 00c09300 DPL=0 DS   [-WA]
LDT=0000 00000000 0000ffff 00008200 DPL=0 LDT
TR =0000 00000000 0000ffff 00008b00 DPL=0 TSS32-busy
GDT=     000f6220 00000037
IDT=     000f625e 00000000
CR0=00000011 CR2=00000000 CR3=00000000 CR4=00000000
DR0=0000000000000000 DR1=0000000000000000 DR2=0000000000000000 DR3=0000000000000000 
DR6=00000000ffff0ff0 DR7=0000000000000400
CCS=00000008 CCD=0000694e CCO=ADDL
EFER=0000000000000000
SMM: after RSM
EAX=000000b5 EBX=00007d47 ECX=00005678 EDX=00000005
ESI=00000000 EDI=00fbee71 EBP=00006962 ESP=00006962
EIP=00007d47 EFL=00000002 [-------] CPL=0 II=0 A20=1 SMM=0 HLT=0
ES =da80 000da800 ffffffff 00809300
CS =f000 000f0000 ffffffff 00809b00
SS =0000 00000000 ffffffff 00809300
DS =0000 00000000 ffffffff 00809300
FS =0000 00000000 ffffffff 00809300
GS =ca00 000ca000 ffffffff 00809300
LDT=0000 00000000 0000ffff 00008200
TR =0000 00000000 0000ffff 00008b00
GDT=     00000000 00000000
IDT=     00000000 000003ff
CR0=00000010 CR2=00000000 CR3=00000000 CR4=00000000
DR0=0000000000000000 DR1=0000000000000000 DR2=0000000000000000 DR3=0000000000000000 
DR6=00000000ffff0ff0 DR7=0000000000000400
CCS=00000000 CCD=00000001 CCO=EFLAGS
EFER=0000000000000000
SMM: enter
EAX=000000b5 EBX=000f7d2d ECX=00001234 EDX=000069ff
ESI=0000699c EDI=00fbee71 EBP=0000695c ESP=0000695c
EIP=00007d2a EFL=00000006 [-----P-] CPL=0 II=0 A20=1 SMM=0 HLT=0
ES =da80 000da800 ffffffff 00809300
CS =f000 000f0000 ffffffff 00809b00
SS =0000 00000000 ffffffff 00809300
DS =0000 00000000 ffffffff 00809300
FS =0000 00000000 ffffffff 00809300
GS =ca00 000ca000 ffffffff 00809300
LDT=0000 00000000 0000ffff 00008200
TR =0000 00000000 0000ffff 00008b00
GDT=     00000000 00000000
IDT=     00000000 000003ff
CR0=00000010 CR2=00000000 CR3=00000000 CR4=00000000
DR0=0000000000000000 DR1=0000000000000000 DR2=0000000000000000 DR3=0000000000000000 
DR6=00000000ffff0ff0 DR7=0000000000000400
CCS=00000000 CCD=0000695c CCO=ADDL
EFER=0000000000000000
SMM: after RSM
EAX=000000b5 EBX=000f7d2d ECX=00001234 EDX=000069ff
ESI=0000699c EDI=00fbee71 EBP=0000695c ESP=0000695c
EIP=000f7d2d EFL=00000046 [---Z-P-] CPL=0 II=0 A20=1 SMM=0 HLT=0
ES =0010 00000000 ffffffff 00c09300 DPL=0 DS   [-WA]
CS =0008 00000000 ffffffff 00c09b00 DPL=0 CS32 [-RA]
SS =0010 00000000 ffffffff 00c09300 DPL=0 DS   [-WA]
DS =0010 00000000 ffffffff 00c09300 DPL=0 DS   [-WA]
FS =0010 00000000 ffffffff 00c09300 DPL=0 DS   [-WA]
GS =0010 00000000 ffffffff 00c09300 DPL=0 DS   [-WA]
LDT=0000 00000000 0000ffff 00008200 DPL=0 LDT
TR =0000 00000000 0000ffff 00008b00 DPL=0 TSS32-busy
GDT=     000f6220 00000037
IDT=     000f625e 00000000
CR0=00000011 CR2=00000000 CR3=00000000 CR4=00000000
DR0=0000000000000000 DR1=0000000000000000 DR2=0000000000000000 DR3=0000000000000000 
DR6=00000000ffff0ff0 DR7=0000000000000400
CCS=00000044 CCD=00000000 CCO=EFLAGS
EFER=0000000000000000
SMM: enter
EAX=000000b5 EBX=00007d47 ECX=00005678 EDX=00000003
ESI=00f92080 EDI=00fbee71 EBP=0000695c ESP=0000695c
EIP=000f7d44 EFL=00000006 [-----P-] CPL=0 II=0 A20=1 SMM=0 HLT=0
ES =0010 00000000 ffffffff 00c09300 DPL=0 DS   [-WA]
CS =0008 00000000 ffffffff 00c09b00 DPL=0 CS32 [-RA]
SS =0010 00000000 ffffffff 00c09300 DPL=0 DS   [-WA]
DS =0010 00000000 ffffffff 00c09300 DPL=0 DS   [-WA]
FS =0010 00000000 ffffffff 00c09300 DPL=0 DS   [-WA]
GS =0010 00000000 ffffffff 00c09300 DPL=0 DS   [-WA]
LDT=0000 00000000 0000ffff 00008200 DPL=0 LDT
TR =0000 00000000 0000ffff 00008b00 DPL=0 TSS32-busy
GDT=     000f6220 00000037
IDT=     000f625e 00000000
CR0=00000011 CR2=00000000 CR3=00000000 CR4=00000000
DR0=0000000000000000 DR1=0000000000000000 DR2=0000000000000000 DR3=0000000000000000 
DR6=00000000ffff0ff0 DR7=0000000000000400
CCS=00000008 CCD=00006948 CCO=ADDL
EFER=0000000000000000
SMM: after RSM
EAX=000000b5 EBX=00007d47 ECX=00005678 EDX=00000003
ESI=00f92080 EDI=00fbee71 EBP=0000695c ESP=0000695c
EIP=00007d47 EFL=00000006 [-----P-] CPL=0 II=0 A20=1 SMM=0 HLT=0
ES =da80 000da800 ffffffff 00809300
CS =f000 000f0000 ffffffff 00809b00
SS =0000 00000000 ffffffff 00809300
DS =0000 00000000 ffffffff 00809300
FS =0000 00000000 ffffffff 00809300
GS =ca00 000ca000 ffffffff 00809300
LDT=0000 00000000 0000ffff 00008200
TR =0000 00000000 0000ffff 00008b00
GDT=     00000000 00000000
IDT=     00000000 000003ff
CR0=00000010 CR2=00000000 CR3=00000000 CR4=00000000
DR0=0000000000000000 DR1=0000000000000000 DR2=0000000000000000 DR3=0000000000000000 
DR6=00000000ffff0ff0 DR7=0000000000000400
CCS=00000004 CCD=00000001 CCO=EFLAGS
EFER=0000000000000000
SMM: enter
EAX=000000b5 EBX=000f7d2d ECX=00001234 EDX=000069ff
ESI=000069a2 EDI=00fbee71 EBP=00006962 ESP=00006962
EIP=00007d2a EFL=00000002 [-------] CPL=0 II=0 A20=1 SMM=0 HLT=0
ES =da80 000da800 ffffffff 00809300
CS =f000 000f0000 ffffffff 00809b00
SS =0000 00000000 ffffffff 00809300
DS =0000 00000000 ffffffff 00809300
FS =0000 00000000 ffffffff 00809300
GS =ca00 000ca000 ffffffff 00809300
LDT=0000 00000000 0000ffff 00008200
TR =0000 00000000 0000ffff 00008b00
GDT=     00000000 00000000
IDT=     00000000 000003ff
CR0=00000010 CR2=00000000 CR3=00000000 CR4=00000000
DR0=0000000000000000 DR1=0000000000000000 DR2=0000000000000000 DR3=0000000000000000 
DR6=00000000ffff0ff0 DR7=0000000000000400
CCS=00000000 CCD=00006962 CCO=ADDL
EFER=0000000000000000
SMM: after RSM
EAX=000000b5 EBX=000f7d2d ECX=00001234 EDX=000069ff
ESI=000069a2 EDI=00fbee71 EBP=00006962 ESP=00006962
EIP=000f7d2d EFL=00000046 [---Z-P-] CPL=0 II=0 A20=1 SMM=0 HLT=0
ES =0010 00000000 ffffffff 00c09300 DPL=0 DS   [-WA]
CS =0008 00000000 ffffffff 00c09b00 DPL=0 CS32 [-RA]
SS =0010 00000000 ffffffff 00c09300 DPL=0 DS   [-WA]
DS =0010 00000000 ffffffff 00c09300 DPL=0 DS   [-WA]
FS =0010 00000000 ffffffff 00c09300 DPL=0 DS   [-WA]
GS =0010 00000000 ffffffff 00c09300 DPL=0 DS   [-WA]
LDT=0000 00000000 0000ffff 00008200 DPL=0 LDT
TR =0000 00000000 0000ffff 00008b00 DPL=0 TSS32-busy
GDT=     000f6220 00000037
IDT=     000f625e 00000000
CR0=00000011 CR2=00000000 CR3=00000000 CR4=00000000
DR0=0000000000000000 DR1=0000000000000000 DR2=0000000000000000 DR3=0000000000000000 
DR6=00000000ffff0ff0 DR7=0000000000000400
CCS=00000044 CCD=00000000 CCO=EFLAGS
EFER=0000000000000000
SMM: enter
EAX=000000b5 EBX=00007d47 ECX=00005678 EDX=00000005
ESI=00000000 EDI=00fbee71 EBP=00006962 ESP=00006962
EIP=000f7d44 EFL=00000006 [-----P-] CPL=0 II=0 A20=1 SMM=0 HLT=0
ES =0010 00000000 ffffffff 00c09300 DPL=0 DS   [-WA]
CS =0008 00000000 ffffffff 00c09b00 DPL=0 CS32 [-RA]
SS =0010 00000000 ffffffff 00c09300 DPL=0 DS   [-WA]
DS =0010 00000000 ffffffff 00c09300 DPL=0 DS   [-WA]
FS =0010 00000000 ffffffff 00c09300 DPL=0 DS   [-WA]
GS =0010 00000000 ffffffff 00c09300 DPL=0 DS   [-WA]
LDT=0000 00000000 0000ffff 00008200 DPL=0 LDT
TR =0000 00000000 0000ffff 00008b00 DPL=0 TSS32-busy
GDT=     000f6220 00000037
IDT=     000f625e 00000000
CR0=00000011 CR2=00000000 CR3=00000000 CR4=00000000
DR0=0000000000000000 DR1=0000000000000000 DR2=0000000000000000 DR3=0000000000000000 
DR6=00000000ffff0ff0 DR7=0000000000000400
CCS=00000008 CCD=0000694e CCO=ADDL
EFER=0000000000000000
SMM: after RSM
EAX=000000b5 EBX=00007d47 ECX=00005678 EDX=00000005
ESI=00000000 EDI=00fbee71 EBP=00006962 ESP=00006962
EIP=00007d47 EFL=00000002 [-------] CPL=0 II=0 A20=1 SMM=0 HLT=0
ES =da80 000da800 ffffffff 00809300
CS =f000 000f0000 ffffffff 00809b00
SS =0000 00000000 ffffffff 00809300
DS =0000 00000000 ffffffff 00809300
FS =0000 00000000 ffffffff 00809300
GS =ca00 000ca000 ffffffff 00809300
LDT=0000 00000000 0000ffff 00008200
TR =0000 00000000 0000ffff 00008b00
GDT=     00000000 00000000
IDT=     00000000 000003ff
CR0=00000010 CR2=00000000 CR3=00000000 CR4=00000000
DR0=0000000000000000 DR1=0000000000000000 DR2=0000000000000000 DR3=0000000000000000 
DR6=00000000ffff0ff0 DR7=0000000000000400
CCS=00000000 CCD=00000001 CCO=EFLAGS
EFER=0000000000000000
SMM: enter
EAX=000000b5 EBX=000f7d2d ECX=00001234 EDX=000069ff
ESI=0000699c EDI=00fbee71 EBP=0000695c ESP=0000695c
EIP=00007d2a EFL=00000006 [-----P-] CPL=0 II=0 A20=1 SMM=0 HLT=0
ES =da80 000da800 ffffffff 00809300
CS =f000 000f0000 ffffffff 00809b00
SS =0000 00000000 ffffffff 00809300
DS =0000 00000000 ffffffff 00809300
FS =0000 00000000 ffffffff 00809300
GS =ca00 000ca000 ffffffff 00809300
LDT=0000 00000000 0000ffff 00008200
TR =0000 00000000 0000ffff 00008b00
GDT=     00000000 00000000
IDT=     00000000 000003ff
CR0=00000010 CR2=00000000 CR3=00000000 CR4=00000000
DR0=0000000000000000 DR1=0000000000000000 DR2=0000000000000000 DR3=0000000000000000 
DR6=00000000ffff0ff0 DR7=0000000000000400
CCS=00000000 CCD=0000695c CCO=ADDL
EFER=0000000000000000
SMM: after RSM
EAX=000000b5 EBX=000f7d2d ECX=00001234 EDX=000069ff
ESI=0000699c EDI=00fbee71 EBP=0000695c ESP=0000695c
EIP=000f7d2d EFL=00000046 [---Z-P-] CPL=0 II=0 A20=1 SMM=0 HLT=0
ES =0010 00000000 ffffffff 00c09300 DPL=0 DS   [-WA]
CS =0008 00000000 ffffffff 00c09b00 DPL=0 CS32 [-RA]
SS =0010 00000000 ffffffff 00c09300 DPL=0 DS   [-WA]
DS =0010 00000000 ffffffff 00c09300 DPL=0 DS   [-WA]
FS =0010 00000000 ffffffff 00c09300 DPL=0 DS   [-WA]
GS =0010 00000000 ffffffff 00c09300 DPL=0 DS   [-WA]
LDT=0000 00000000 0000ffff 00008200 DPL=0 LDT
TR =0000 00000000 0000ffff 00008b00 DPL=0 TSS32-busy
GDT=     000f6220 00000037
IDT=     000f625e 00000000
CR0=00000011 CR2=00000000 CR3=00000000 CR4=00000000
DR0=0000000000000000 DR1=0000000000000000 DR2=0000000000000000 DR3=0000000000000000 
DR6=00000000ffff0ff0 DR7=0000000000000400
CCS=00000044 CCD=00000000 CCO=EFLAGS
EFER=0000000000000000
SMM: enter
EAX=000000b5 EBX=00007d47 ECX=00005678 EDX=00000003
ESI=00ef2080 EDI=00fbee71 EBP=0000695c ESP=0000695c
EIP=000f7d44 EFL=00000006 [-----P-] CPL=0 II=0 A20=1 SMM=0 HLT=0
ES =0010 00000000 ffffffff 00c09300 DPL=0 DS   [-WA]
CS =0008 00000000 ffffffff 00c09b00 DPL=0 CS32 [-RA]
SS =0010 00000000 ffffffff 00c09300 DPL=0 DS   [-WA]
DS =0010 00000000 ffffffff 00c09300 DPL=0 DS   [-WA]
FS =0010 00000000 ffffffff 00c09300 DPL=0 DS   [-WA]
GS =0010 00000000 ffffffff 00c09300 DPL=0 DS   [-WA]
LDT=0000 00000000 0000ffff 00008200 DPL=0 LDT
TR =0000 00000000 0000ffff 00008b00 DPL=0 TSS32-busy
GDT=     000f6220 00000037
IDT=     000f625e 00000000
CR0=00000011 CR2=00000000 CR3=00000000 CR4=00000000
DR0=0000000000000000 DR1=0000000000000000 DR2=0000000000000000 DR3=0000000000000000 
DR6=00000000ffff0ff0 DR7=0000000000000400
CCS=00000008 CCD=00006948 CCO=ADDL
EFER=0000000000000000
SMM: after RSM
EAX=000000b5 EBX=00007d47 ECX=00005678 EDX=00000003
ESI=00ef2080 EDI=00fbee71 EBP=0000695c ESP=0000695c
EIP=00007d47 EFL=00000006 [-----P-] CPL=0 II=0 A20=1 SMM=0 HLT=0
ES =da80 000da800 ffffffff 00809300
CS =f000 000f0000 ffffffff 00809b00
SS =0000 00000000 ffffffff 00809300
DS =0000 00000000 ffffffff 00809300
FS =0000 00000000 ffffffff 00809300
GS =ca00 000ca000 ffffffff 00809300
LDT=0000 00000000 0000ffff 00008200
TR =0000 00000000 0000ffff 00008b00
GDT=     00000000 00000000
IDT=     00000000 000003ff
CR0=00000010 CR2=00000000 CR3=00000000 CR4=00000000
DR0=0000000000000000 DR1=0000000000000000 DR2=0000000000000000 DR3=0000000000000000 
DR6=00000000ffff0ff0 DR7=0000000000000400
CCS=00000004 CCD=00000001 CCO=EFLAGS
EFER=0000000000000000
Servicing hardware INT=0x0e
Servicing hardware INT=0x0e
Servicing hardware INT=0x08
Servicing hardware INT=0x0e
Servicing hardware INT=0x0e
Servicing hardware INT=0x0e
Servicing hardware INT=0x08
Servicing hardware INT=0x08
     0: v=08 e=0000 i=0 cpl=0 IP=0008:0000000000016ed2 pc=0000000000f09ed2 SP=0010:000000000009ea8c env->regs[R_EAX]=000000000001c8c8
EAX=0001c8c8 EBX=0001da54 ECX=00000003 EDX=00000004
ESI=0001da70 EDI=0001bfb0 EBP=0009eab8 ESP=0009ea8c
EIP=00016ed2 EFL=00000212 [----A--] CPL=0 II=0 A20=1 SMM=0 HLT=0
ES =0010 00ef3000 ffffffff 00cf9300 DPL=0 DS   [-WA]
CS =0008 00ef3000 ffffffff 00cf9f00 DPL=0 CS32 [CRA]
SS =0010 00ef3000 ffffffff 00cf9300 DPL=0 DS   [-WA]
DS =0010 00ef3000 ffffffff 00cf9300 DPL=0 DS   [-WA]
FS =0010 00ef3000 ffffffff 00cf9300 DPL=0 DS   [-WA]
GS =0010 00ef3000 ffffffff 00cf9300 DPL=0 DS   [-WA]
LDT=0000 00000000 0000ffff 00008200 DPL=0 LDT
TR =0000 00000000 0000ffff 00008b00 DPL=0 TSS32-busy
GDT=     0009cf70 00000047
IDT=     00f0f9c0 000007ff
CR0=00000011 CR2=00000000 CR3=00000000 CR4=00000000
DR0=0000000000000000 DR1=0000000000000000 DR2=0000000000000000 DR3=0000000000000000 
DR6=00000000ffff0ff0 DR7=0000000000000400
CCS=00000008 CCD=0009ea8c CCO=SUBL
EFER=0000000000000000
Servicing hardware INT=0x08
     1: v=08 e=0000 i=0 cpl=0 IP=0008:0000000000016ed2 pc=0000000000f09ed2 SP=0010:000000000009eaa4 env->regs[R_EAX]=000000000001c8c8
EAX=0001c8c8 EBX=00000c00 ECX=0009ea20 EDX=00000000
ESI=00000002 EDI=00000c00 EBP=0009eadc ESP=0009eaa4
EIP=00016ed2 EFL=00000202 [-------] CPL=0 II=0 A20=1 SMM=0 HLT=0
ES =0010 00ef3000 ffffffff 00cf9300 DPL=0 DS   [-WA]
CS =0008 00ef3000 ffffffff 00cf9f00 DPL=0 CS32 [CRA]
SS =0010 00ef3000 ffffffff 00cf9300 DPL=0 DS   [-WA]
DS =0010 00ef3000 ffffffff 00cf9300 DPL=0 DS   [-WA]
FS =0010 00ef3000 ffffffff 00cf9300 DPL=0 DS   [-WA]
GS =0010 00ef3000 ffffffff 00cf9300 DPL=0 DS   [-WA]
LDT=0000 00000000 0000ffff 00008200 DPL=0 LDT
TR =0000 00000000 0000ffff 00008b00 DPL=0 TSS32-busy
GDT=     0009cf70 00000047
IDT=     00f0f9c0 000007ff
CR0=00000011 CR2=00000000 CR3=00000000 CR4=00000000
DR0=0000000000000000 DR1=0000000000000000 DR2=0000000000000000 DR3=0000000000000000 
DR6=00000000ffff0ff0 DR7=0000000000000400
CCS=00000008 CCD=0009eaa4 CCO=SUBL
EFER=0000000000000000
Servicing hardware INT=0x08
     2: v=08 e=0000 i=0 cpl=0 IP=0008:00000000000108bc pc=0000000000f038bc SP=0010:000000000009eab0 env->regs[R_EAX]=0000000000000000
EAX=00000000 EBX=00000c00 ECX=00010246 EDX=ff1a96c0
ESI=02fb42f0 EDI=00000c00 EBP=0009eadc ESP=0009eab0
EIP=000108bc EFL=00000246 [---Z-P-] CPL=0 II=0 A20=1 SMM=0 HLT=0
ES =0010 00ef3000 ffffffff 00cf9300 DPL=0 DS   [-WA]
CS =0008 00ef3000 ffffffff 00cf9f00 DPL=0 CS32 [CRA]
SS =0010 00ef3000 ffffffff 00cf9300 DPL=0 DS   [-WA]
DS =0010 00ef3000 ffffffff 00cf9300 DPL=0 DS   [-WA]
FS =0010 00ef3000 ffffffff 00cf9300 DPL=0 DS   [-WA]
GS =0010 00ef3000 ffffffff 00cf9300 DPL=0 DS   [-WA]
LDT=0000 00000000 0000ffff 00008200 DPL=0 LDT
TR =0000 00000000 0000ffff 00008b00 DPL=0 TSS32-busy
GDT=     0009cf70 00000047
IDT=     00f0f9c0 000007ff
CR0=00000011 CR2=00000000 CR3=00000000 CR4=00000000
DR0=0000000000000000 DR1=0000000000000000 DR2=0000000000000000 DR3=0000000000000000 
DR6=00000000ffff0ff0 DR7=0000000000000400
CCS=00000044 CCD=00000000 CCO=EFLAGS
EFER=0000000000000000
Servicing hardware INT=0x08
     3: v=08 e=0000 i=0 cpl=0 IP=0008:00000000000108bc pc=0000000000f038bc SP=0010:000000000009eab0 env->regs[R_EAX]=0000000000000000
EAX=00000000 EBX=00000c00 ECX=00010246 EDX=ff1a96c0
ESI=02fb42f0 EDI=00000c00 EBP=0009eadc ESP=0009eab0
EIP=000108bc EFL=00000246 [---Z-P-] CPL=0 II=0 A20=1 SMM=0 HLT=0
ES =0010 00ef3000 ffffffff 00cf9300 DPL=0 DS   [-WA]
CS =0008 00ef3000 ffffffff 00cf9f00 DPL=0 CS32 [CRA]
SS =0010 00ef3000 ffffffff 00cf9300 DPL=0 DS   [-WA]
DS =0010 00ef3000 ffffffff 00cf9300 DPL=0 DS   [-WA]
FS =0010 00ef3000 ffffffff 00cf9300 DPL=0 DS   [-WA]
GS =0010 00ef3000 ffffffff 00cf9300 DPL=0 DS   [-WA]
LDT=0000 00000000 0000ffff 00008200 DPL=0 LDT
TR =0000 00000000 0000ffff 00008b00 DPL=0 TSS32-busy
GDT=     0009cf70 00000047
IDT=     00f0f9c0 000007ff
CR0=00000011 CR2=00000000 CR3=00000000 CR4=00000000
DR0=0000000000000000 DR1=0000000000000000 DR2=0000000000000000 DR3=0000000000000000 
DR6=00000000ffff0ff0 DR7=0000000000000400
CCS=00000044 CCD=00000000 CCO=EFLAGS
EFER=0000000000000000
Servicing hardware INT=0x08
     4: v=08 e=0000 i=0 cpl=0 IP=0008:00000000000108bc pc=0000000000f038bc SP=0010:000000000009eab0 env->regs[R_EAX]=0000000000000000
EAX=00000000 EBX=00000c00 ECX=00010246 EDX=ff1a96c0
ESI=02fb42f0 EDI=00000c00 EBP=0009eadc ESP=0009eab0
EIP=000108bc EFL=00000246 [---Z-P-] CPL=0 II=0 A20=1 SMM=0 HLT=0
ES =0010 00ef3000 ffffffff 00cf9300 DPL=0 DS   [-WA]
CS =0008 00ef3000 ffffffff 00cf9f00 DPL=0 CS32 [CRA]
SS =0010 00ef3000 ffffffff 00cf9300 DPL=0 DS   [-WA]
DS =0010 00ef3000 ffffffff 00cf9300 DPL=0 DS   [-WA]
FS =0010 00ef3000 ffffffff 00cf9300 DPL=0 DS   [-WA]
GS =0010 00ef3000 ffffffff 00cf9300 DPL=0 DS   [-WA]
LDT=0000 00000000 0000ffff 00008200 DPL=0 LDT
TR =0000 00000000 0000ffff 00008b00 DPL=0 TSS32-busy
GDT=     0009cf70 00000047
IDT=     00f0f9c0 000007ff
CR0=00000011 CR2=00000000 CR3=00000000 CR4=00000000
DR0=0000000000000000 DR1=0000000000000000 DR2=0000000000000000 DR3=0000000000000000 
DR6=00000000ffff0ff0 DR7=0000000000000400
CCS=00000044 CCD=00000000 CCO=EFLAGS
EFER=0000000000000000
Servicing hardware INT=0x08
     5: v=08 e=0000 i=0 cpl=0 IP=0008:00000000000108bc pc=0000000000f038bc SP=0010:000000000009eab0 env->regs[R_EAX]=0000000000000000
EAX=00000000 EBX=00000c00 ECX=00010246 EDX=ff1a96c0
ESI=02fb42f0 EDI=00000c00 EBP=0009eadc ESP=0009eab0
EIP=000108bc EFL=00000246 [---Z-P-] CPL=0 II=0 A20=1 SMM=0 HLT=0
ES =0010 00ef3000 ffffffff 00cf9300 DPL=0 DS   [-WA]
CS =0008 00ef3000 ffffffff 00cf9f00 DPL=0 CS32 [CRA]
SS =0010 00ef3000 ffffffff 00cf9300 DPL=0 DS   [-WA]
DS =0010 00ef3000 ffffffff 00cf9300 DPL=0 DS   [-WA]
FS =0010 00ef3000 ffffffff 00cf9300 DPL=0 DS   [-WA]
GS =0010 00ef3000 ffffffff 00cf9300 DPL=0 DS   [-WA]
LDT=0000 00000000 0000ffff 00008200 DPL=0 LDT
TR =0000 00000000 0000ffff 00008b00 DPL=0 TSS32-busy
GDT=     0009cf70 00000047
IDT=     00f0f9c0 000007ff
CR0=00000011 CR2=00000000 CR3=00000000 CR4=00000000
DR0=0000000000000000 DR1=0000000000000000 DR2=0000000000000000 DR3=0000000000000000 
DR6=00000000ffff0ff0 DR7=0000000000000400
CCS=00000044 CCD=00000000 CCO=EFLAGS
EFER=0000000000000000
Servicing hardware INT=0x08
     6: v=08 e=0000 i=0 cpl=0 IP=0008:00000000000108bc pc=0000000000f038bc SP=0010:000000000009eab0 env->regs[R_EAX]=0000000000000000
EAX=00000000 EBX=00000c00 ECX=00010246 EDX=ff1a96c0
ESI=02fb42f0 EDI=00000c00 EBP=0009eadc ESP=0009eab0
EIP=000108bc EFL=00000246 [---Z-P-] CPL=0 II=0 A20=1 SMM=0 HLT=0
ES =0010 00ef3000 ffffffff 00cf9300 DPL=0 DS   [-WA]
CS =0008 00ef3000 ffffffff 00cf9f00 DPL=0 CS32 [CRA]
SS =0010 00ef3000 ffffffff 00cf9300 DPL=0 DS   [-WA]
DS =0010 00ef3000 ffffffff 00cf9300 DPL=0 DS   [-WA]
FS =0010 00ef3000 ffffffff 00cf9300 DPL=0 DS   [-WA]
GS =0010 00ef3000 ffffffff 00cf9300 DPL=0 DS   [-WA]
LDT=0000 00000000 0000ffff 00008200 DPL=0 LDT
TR =0000 00000000 0000ffff 00008b00 DPL=0 TSS32-busy
GDT=     0009cf70 00000047
IDT=     00f0f9c0 000007ff
CR0=00000011 CR2=00000000 CR3=00000000 CR4=00000000
DR0=0000000000000000 DR1=0000000000000000 DR2=0000000000000000 DR3=0000000000000000 
DR6=00000000ffff0ff0 DR7=0000000000000400
CCS=00000044 CCD=00000000 CCO=EFLAGS
EFER=0000000000000000
Servicing hardware INT=0x08
     7: v=08 e=0000 i=0 cpl=0 IP=0008:00000000000108bc pc=0000000000f038bc SP=0010:000000000009eab0 env->regs[R_EAX]=0000000000000000
EAX=00000000 EBX=00000c00 ECX=00010246 EDX=ff1a96c0
ESI=02fb42f0 EDI=00000c00 EBP=0009eadc ESP=0009eab0
EIP=000108bc EFL=00000246 [---Z-P-] CPL=0 II=0 A20=1 SMM=0 HLT=0
ES =0010 00ef3000 ffffffff 00cf9300 DPL=0 DS   [-WA]
CS =0008 00ef3000 ffffffff 00cf9f00 DPL=0 CS32 [CRA]
SS =0010 00ef3000 ffffffff 00cf9300 DPL=0 DS   [-WA]
DS =0010 00ef3000 ffffffff 00cf9300 DPL=0 DS   [-WA]
FS =0010 00ef3000 ffffffff 00cf9300 DPL=0 DS   [-WA]
GS =0010 00ef3000 ffffffff 00cf9300 DPL=0 DS   [-WA]
LDT=0000 00000000 0000ffff 00008200 DPL=0 LDT
TR =0000 00000000 0000ffff 00008b00 DPL=0 TSS32-busy
GDT=     0009cf70 00000047
IDT=     00f0f9c0 000007ff
CR0=00000011 CR2=00000000 CR3=00000000 CR4=00000000
DR0=0000000000000000 DR1=0000000000000000 DR2=0000000000000000 DR3=0000000000000000 
DR6=00000000ffff0ff0 DR7=0000000000000400
CCS=00000044 CCD=00000000 CCO=EFLAGS
EFER=0000000000000000
Servicing hardware INT=0x08
     8: v=08 e=0000 i=0 cpl=0 IP=0008:00000000000108bc pc=0000000000f038bc SP=0010:000000000009eab0 env->regs[R_EAX]=0000000000000000
EAX=00000000 EBX=00000c00 ECX=00010246 EDX=ff1a96c0
ESI=02fb42f0 EDI=00000c00 EBP=0009eadc ESP=0009eab0
EIP=000108bc EFL=00000246 [---Z-P-] CPL=0 II=0 A20=1 SMM=0 HLT=0
ES =0010 00ef3000 ffffffff 00cf9300 DPL=0 DS   [-WA]
CS =0008 00ef3000 ffffffff 00cf9f00 DPL=0 CS32 [CRA]
SS =0010 00ef3000 ffffffff 00cf9300 DPL=0 DS   [-WA]
DS =0010 00ef3000 ffffffff 00cf9300 DPL=0 DS   [-WA]
FS =0010 00ef3000 ffffffff 00cf9300 DPL=0 DS   [-WA]
GS =0010 00ef3000 ffffffff 00cf9300 DPL=0 DS   [-WA]
LDT=0000 00000000 0000ffff 00008200 DPL=0 LDT
TR =0000 00000000 0000ffff 00008b00 DPL=0 TSS32-busy
GDT=     0009cf70 00000047
IDT=     00f0f9c0 000007ff
CR0=00000011 CR2=00000000 CR3=00000000 CR4=00000000
DR0=0000000000000000 DR1=0000000000000000 DR2=0000000000000000 DR3=0000000000000000 
DR6=00000000ffff0ff0 DR7=0000000000000400
CCS=00000044 CCD=00000000 CCO=EFLAGS
EFER=0000000000000000
Servicing hardware INT=0x08
     9: v=08 e=0000 i=0 cpl=0 IP=0008:00000000000108bc pc=0000000000f038bc SP=0010:000000000009eab0 env->regs[R_EAX]=0000000000000000
EAX=00000000 EBX=00000c00 ECX=00010246 EDX=ff1a96c0
ESI=02fb42f0 EDI=00000c00 EBP=0009eadc ESP=0009eab0
EIP=000108bc EFL=00000246 [---Z-P-] CPL=0 II=0 A20=1 SMM=0 HLT=0
ES =0010 00ef3000 ffffffff 00cf9300 DPL=0 DS   [-WA]
CS =0008 00ef3000 ffffffff 00cf9f00 DPL=0 CS32 [CRA]
SS =0010 00ef3000 ffffffff 00cf9300 DPL=0 DS   [-WA]
DS =0010 00ef3000 ffffffff 00cf9300 DPL=0 DS   [-WA]
FS =0010 00ef3000 ffffffff 00cf9300 DPL=0 DS   [-WA]
GS =0010 00ef3000 ffffffff 00cf9300 DPL=0 DS   [-WA]
LDT=0000 00000000 0000ffff 00008200 DPL=0 LDT
TR =0000 00000000 0000ffff 00008b00 DPL=0 TSS32-busy
GDT=     0009cf70 00000047
IDT=     00f0f9c0 000007ff
CR0=00000011 CR2=00000000 CR3=00000000 CR4=00000000
DR0=0000000000000000 DR1=0000000000000000 DR2=0000000000000000 DR3=0000000000000000 
DR6=00000000ffff0ff0 DR7=0000000000000400
CCS=00000044 CCD=00000000 CCO=EFLAGS
EFER=0000000000000000
Servicing hardware INT=0x08
    10: v=08 e=0000 i=0 cpl=0 IP=0008:00000000000108bc pc=0000000000f038bc SP=0010:000000000009eab0 env->regs[R_EAX]=0000000000000000
EAX=00000000 EBX=00000c00 ECX=00010246 EDX=ff1a96c0
ESI=02fb42f0 EDI=00000c00 EBP=0009eadc ESP=0009eab0
EIP=000108bc EFL=00000246 [---Z-P-] CPL=0 II=0 A20=1 SMM=0 HLT=0
ES =0010 00ef3000 ffffffff 00cf9300 DPL=0 DS   [-WA]
CS =0008 00ef3000 ffffffff 00cf9f00 DPL=0 CS32 [CRA]
SS =0010 00ef3000 ffffffff 00cf9300 DPL=0 DS   [-WA]
DS =0010 00ef3000 ffffffff 00cf9300 DPL=0 DS   [-WA]
FS =0010 00ef3000 ffffffff 00cf9300 DPL=0 DS   [-WA]
GS =0010 00ef3000 ffffffff 00cf9300 DPL=0 DS   [-WA]
LDT=0000 00000000 0000ffff 00008200 DPL=0 LDT
TR =0000 00000000 0000ffff 00008b00 DPL=0 TSS32-busy
GDT=     0009cf70 00000047
IDT=     00f0f9c0 000007ff
CR0=00000011 CR2=00000000 CR3=00000000 CR4=00000000
DR0=0000000000000000 DR1=0000000000000000 DR2=0000000000000000 DR3=0000000000000000 
DR6=00000000ffff0ff0 DR7=0000000000000400
CCS=00000044 CCD=00000000 CCO=EFLAGS
EFER=0000000000000000
Servicing hardware INT=0x08
    11: v=08 e=0000 i=0 cpl=0 IP=0008:00000000000108bc pc=0000000000f038bc SP=0010:000000000009eab0 env->regs[R_EAX]=0000000000000000
EAX=00000000 EBX=00000c00 ECX=00010246 EDX=ff1a96c0
ESI=02fb42f0 EDI=00000c00 EBP=0009eadc ESP=0009eab0
EIP=000108bc EFL=00000246 [---Z-P-] CPL=0 II=0 A20=1 SMM=0 HLT=0
ES =0010 00ef3000 ffffffff 00cf9300 DPL=0 DS   [-WA]
CS =0008 00ef3000 ffffffff 00cf9f00 DPL=0 CS32 [CRA]
SS =0010 00ef3000 ffffffff 00cf9300 DPL=0 DS   [-WA]
DS =0010 00ef3000 ffffffff 00cf9300 DPL=0 DS   [-WA]
FS =0010 00ef3000 ffffffff 00cf9300 DPL=0 DS   [-WA]
GS =0010 00ef3000 ffffffff 00cf9300 DPL=0 DS   [-WA]
LDT=0000 00000000 0000ffff 00008200 DPL=0 LDT
TR =0000 00000000 0000ffff 00008b00 DPL=0 TSS32-busy
GDT=     0009cf70 00000047
IDT=     00f0f9c0 000007ff
CR0=00000011 CR2=00000000 CR3=00000000 CR4=00000000
DR0=0000000000000000 DR1=0000000000000000 DR2=0000000000000000 DR3=0000000000000000 
DR6=00000000ffff0ff0 DR7=0000000000000400
CCS=00000044 CCD=00000000 CCO=EFLAGS
EFER=0000000000000000
Servicing hardware INT=0x08
    12: v=08 e=0000 i=0 cpl=0 IP=0008:00000000000108bc pc=0000000000f038bc SP=0010:000000000009eab0 env->regs[R_EAX]=0000000000000000
EAX=00000000 EBX=00000c00 ECX=00010246 EDX=ff1a96c0
ESI=02fb42f0 EDI=00000c00 EBP=0009eadc ESP=0009eab0
EIP=000108bc EFL=00000246 [---Z-P-] CPL=0 II=0 A20=1 SMM=0 HLT=0
ES =0010 00ef3000 ffffffff 00cf9300 DPL=0 DS   [-WA]
CS =0008 00ef3000 ffffffff 00cf9f00 DPL=0 CS32 [CRA]
SS =0010 00ef3000 ffffffff 00cf9300 DPL=0 DS   [-WA]
DS =0010 00ef3000 ffffffff 00cf9300 DPL=0 DS   [-WA]
FS =0010 00ef3000 ffffffff 00cf9300 DPL=0 DS   [-WA]
GS =0010 00ef3000 ffffffff 00cf9300 DPL=0 DS   [-WA]
LDT=0000 00000000 0000ffff 00008200 DPL=0 LDT
TR =0000 00000000 0000ffff 00008b00 DPL=0 TSS32-busy
GDT=     0009cf70 00000047
IDT=     00f0f9c0 000007ff
CR0=00000011 CR2=00000000 CR3=00000000 CR4=00000000
DR0=0000000000000000 DR1=0000000000000000 DR2=0000000000000000 DR3=0000000000000000 
DR6=00000000ffff0ff0 DR7=0000000000000400
CCS=00000044 CCD=00000000 CCO=EFLAGS
EFER=0000000000000000
Servicing hardware INT=0x08
    13: v=08 e=0000 i=0 cpl=0 IP=0008:00000000000108bc pc=0000000000f038bc SP=0010:000000000009eab0 env->regs[R_EAX]=0000000000000000
EAX=00000000 EBX=00000c00 ECX=00010246 EDX=ff1a96c0
ESI=02fb42f0 EDI=00000c00 EBP=0009eadc ESP=0009eab0
EIP=000108bc EFL=00000246 [---Z-P-] CPL=0 II=0 A20=1 SMM=0 HLT=0
ES =0010 00ef3000 ffffffff 00cf9300 DPL=0 DS   [-WA]
CS =0008 00ef3000 ffffffff 00cf9f00 DPL=0 CS32 [CRA]
SS =0010 00ef3000 ffffffff 00cf9300 DPL=0 DS   [-WA]
DS =0010 00ef3000 ffffffff 00cf9300 DPL=0 DS   [-WA]
FS =0010 00ef3000 ffffffff 00cf9300 DPL=0 DS   [-WA]
GS =0010 00ef3000 ffffffff 00cf9300 DPL=0 DS   [-WA]
LDT=0000 00000000 0000ffff 00008200 DPL=0 LDT
TR =0000 00000000 0000ffff 00008b00 DPL=0 TSS32-busy
GDT=     0009cf70 00000047
IDT=     00f0f9c0 000007ff
CR0=00000011 CR2=00000000 CR3=00000000 CR4=00000000
DR0=0000000000000000 DR1=0000000000000000 DR2=0000000000000000 DR3=0000000000000000 
DR6=00000000ffff0ff0 DR7=0000000000000400
CCS=00000044 CCD=00000000 CCO=EFLAGS
EFER=0000000000000000
Servicing hardware INT=0x08
    14: v=08 e=0000 i=0 cpl=0 IP=0008:00000000000108bc pc=0000000000f038bc SP=0010:000000000009eab0 env->regs[R_EAX]=0000000000000000
EAX=00000000 EBX=00000c00 ECX=00010246 EDX=ff1a96c0
ESI=02fb42f0 EDI=00000c00 EBP=0009eadc ESP=0009eab0
EIP=000108bc EFL=00000246 [---Z-P-] CPL=0 II=0 A20=1 SMM=0 HLT=0
ES =0010 00ef3000 ffffffff 00cf9300 DPL=0 DS   [-WA]
CS =0008 00ef3000 ffffffff 00cf9f00 DPL=0 CS32 [CRA]
SS =0010 00ef3000 ffffffff 00cf9300 DPL=0 DS   [-WA]
DS =0010 00ef3000 ffffffff 00cf9300 DPL=0 DS   [-WA]
FS =0010 00ef3000 ffffffff 00cf9300 DPL=0 DS   [-WA]
GS =0010 00ef3000 ffffffff 00cf9300 DPL=0 DS   [-WA]
LDT=0000 00000000 0000ffff 00008200 DPL=0 LDT
TR =0000 00000000 0000ffff 00008b00 DPL=0 TSS32-busy
GDT=     0009cf70 00000047
IDT=     00f0f9c0 000007ff
CR0=00000011 CR2=00000000 CR3=00000000 CR4=00000000
DR0=0000000000000000 DR1=0000000000000000 DR2=0000000000000000 DR3=0000000000000000 
DR6=00000000ffff0ff0 DR7=0000000000000400
CCS=00000044 CCD=00000000 CCO=EFLAGS
EFER=0000000000000000
Servicing hardware INT=0x08
    15: v=08 e=0000 i=0 cpl=0 IP=0008:00000000000108bc pc=0000000000f038bc SP=0010:000000000009eab0 env->regs[R_EAX]=0000000000000000
EAX=00000000 EBX=00000c00 ECX=00010246 EDX=ff1a96c0
ESI=02fb42f0 EDI=00000c00 EBP=0009eadc ESP=0009eab0
EIP=000108bc EFL=00000246 [---Z-P-] CPL=0 II=0 A20=1 SMM=0 HLT=0
ES =0010 00ef3000 ffffffff 00cf9300 DPL=0 DS   [-WA]
CS =0008 00ef3000 ffffffff 00cf9f00 DPL=0 CS32 [CRA]
SS =0010 00ef3000 ffffffff 00cf9300 DPL=0 DS   [-WA]
DS =0010 00ef3000 ffffffff 00cf9300 DPL=0 DS   [-WA]
FS =0010 00ef3000 ffffffff 00cf9300 DPL=0 DS   [-WA]
GS =0010 00ef3000 ffffffff 00cf9300 DPL=0 DS   [-WA]
LDT=0000 00000000 0000ffff 00008200 DPL=0 LDT
TR =0000 00000000 0000ffff 00008b00 DPL=0 TSS32-busy
GDT=     0009cf70 00000047
IDT=     00f0f9c0 000007ff
CR0=00000011 CR2=00000000 CR3=00000000 CR4=00000000
DR0=0000000000000000 DR1=0000000000000000 DR2=0000000000000000 DR3=0000000000000000 
DR6=00000000ffff0ff0 DR7=0000000000000400
CCS=00000044 CCD=00000000 CCO=EFLAGS
EFER=0000000000000000
Servicing hardware INT=0x08
    16: v=08 e=0000 i=0 cpl=0 IP=0008:00000000000108bc pc=0000000000f038bc SP=0010:000000000009eab0 env->regs[R_EAX]=0000000000000000
EAX=00000000 EBX=00000c00 ECX=00010246 EDX=ff1a96c0
ESI=02fb42f0 EDI=00000c00 EBP=0009eadc ESP=0009eab0
EIP=000108bc EFL=00000246 [---Z-P-] CPL=0 II=0 A20=1 SMM=0 HLT=0
ES =0010 00ef3000 ffffffff 00cf9300 DPL=0 DS   [-WA]
CS =0008 00ef3000 ffffffff 00cf9f00 DPL=0 CS32 [CRA]
SS =0010 00ef3000 ffffffff 00cf9300 DPL=0 DS   [-WA]
DS =0010 00ef3000 ffffffff 00cf9300 DPL=0 DS   [-WA]
FS =0010 00ef3000 ffffffff 00cf9300 DPL=0 DS   [-WA]
GS =0010 00ef3000 ffffffff 00cf9300 DPL=0 DS   [-WA]
LDT=0000 00000000 0000ffff 00008200 DPL=0 LDT
TR =0000 00000000 0000ffff 00008b00 DPL=0 TSS32-busy
GDT=     0009cf70 00000047
IDT=     00f0f9c0 000007ff
CR0=00000011 CR2=00000000 CR3=00000000 CR4=00000000
DR0=0000000000000000 DR1=0000000000000000 DR2=0000000000000000 DR3=0000000000000000 
DR6=00000000ffff0ff0 DR7=0000000000000400
CCS=00000044 CCD=00000000 CCO=EFLAGS
EFER=0000000000000000
Servicing hardware INT=0x08
    17: v=08 e=0000 i=0 cpl=0 IP=0008:00000000000108bc pc=0000000000f038bc SP=0010:000000000009eab0 env->regs[R_EAX]=0000000000000000
EAX=00000000 EBX=00000c00 ECX=00010246 EDX=ff1a96c0
ESI=02fb42f0 EDI=00000c00 EBP=0009eadc ESP=0009eab0
EIP=000108bc EFL=00000246 [---Z-P-] CPL=0 II=0 A20=1 SMM=0 HLT=0
ES =0010 00ef3000 ffffffff 00cf9300 DPL=0 DS   [-WA]
CS =0008 00ef3000 ffffffff 00cf9f00 DPL=0 CS32 [CRA]
SS =0010 00ef3000 ffffffff 00cf9300 DPL=0 DS   [-WA]
DS =0010 00ef3000 ffffffff 00cf9300 DPL=0 DS   [-WA]
FS =0010 00ef3000 ffffffff 00cf9300 DPL=0 DS   [-WA]
GS =0010 00ef3000 ffffffff 00cf9300 DPL=0 DS   [-WA]
LDT=0000 00000000 0000ffff 00008200 DPL=0 LDT
TR =0000 00000000 0000ffff 00008b00 DPL=0 TSS32-busy
GDT=     0009cf70 00000047
IDT=     00f0f9c0 000007ff
CR0=00000011 CR2=00000000 CR3=00000000 CR4=00000000
DR0=0000000000000000 DR1=0000000000000000 DR2=0000000000000000 DR3=0000000000000000 
DR6=00000000ffff0ff0 DR7=0000000000000400
CCS=00000044 CCD=00000000 CCO=EFLAGS
EFER=0000000000000000
Servicing hardware INT=0x08
    18: v=08 e=0000 i=0 cpl=0 IP=0008:00000000000108bc pc=0000000000f038bc SP=0010:000000000009eab0 env->regs[R_EAX]=0000000000000000
EAX=00000000 EBX=00000c00 ECX=00010246 EDX=ff1a96c0
ESI=02fb42f0 EDI=00000c00 EBP=0009eadc ESP=0009eab0
EIP=000108bc EFL=00000246 [---Z-P-] CPL=0 II=0 A20=1 SMM=0 HLT=0
ES =0010 00ef3000 ffffffff 00cf9300 DPL=0 DS   [-WA]
CS =0008 00ef3000 ffffffff 00cf9f00 DPL=0 CS32 [CRA]
SS =0010 00ef3000 ffffffff 00cf9300 DPL=0 DS   [-WA]
DS =0010 00ef3000 ffffffff 00cf9300 DPL=0 DS   [-WA]
FS =0010 00ef3000 ffffffff 00cf9300 DPL=0 DS   [-WA]
GS =0010 00ef3000 ffffffff 00cf9300 DPL=0 DS   [-WA]
LDT=0000 00000000 0000ffff 00008200 DPL=0 LDT
TR =0000 00000000 0000ffff 00008b00 DPL=0 TSS32-busy
GDT=     0009cf70 00000047
IDT=     00f0f9c0 000007ff
CR0=00000011 CR2=00000000 CR3=00000000 CR4=00000000
DR0=0000000000000000 DR1=0000000000000000 DR2=0000000000000000 DR3=0000000000000000 
DR6=00000000ffff0ff0 DR7=0000000000000400
CCS=00000044 CCD=00000000 CCO=EFLAGS
EFER=0000000000000000
Servicing hardware INT=0x08
    19: v=08 e=0000 i=0 cpl=0 IP=0008:00000000000108bc pc=0000000000f038bc SP=0010:000000000009eab0 env->regs[R_EAX]=0000000000000000
EAX=00000000 EBX=00000c00 ECX=00010246 EDX=ff1a96c0
ESI=02fb42f0 EDI=00000c00 EBP=0009eadc ESP=0009eab0
EIP=000108bc EFL=00000246 [---Z-P-] CPL=0 II=0 A20=1 SMM=0 HLT=0
ES =0010 00ef3000 ffffffff 00cf9300 DPL=0 DS   [-WA]
CS =0008 00ef3000 ffffffff 00cf9f00 DPL=0 CS32 [CRA]
SS =0010 00ef3000 ffffffff 00cf9300 DPL=0 DS   [-WA]
DS =0010 00ef3000 ffffffff 00cf9300 DPL=0 DS   [-WA]
FS =0010 00ef3000 ffffffff 00cf9300 DPL=0 DS   [-WA]
GS =0010 00ef3000 ffffffff 00cf9300 DPL=0 DS   [-WA]
LDT=0000 00000000 0000ffff 00008200 DPL=0 LDT
TR =0000 00000000 0000ffff 00008b00 DPL=0 TSS32-busy
GDT=     0009cf70 00000047
IDT=     00f0f9c0 000007ff
CR0=00000011 CR2=00000000 CR3=00000000 CR4=00000000
DR0=0000000000000000 DR1=0000000000000000 DR2=0000000000000000 DR3=0000000000000000 
DR6=00000000ffff0ff0 DR7=0000000000000400
CCS=00000044 CCD=00000000 CCO=EFLAGS
EFER=0000000000000000
Servicing hardware INT=0x08
    20: v=08 e=0000 i=0 cpl=0 IP=0008:00000000000108bc pc=0000000000f038bc SP=0010:000000000009eab0 env->regs[R_EAX]=0000000000000000
EAX=00000000 EBX=00000c00 ECX=00010246 EDX=ff1a96c0
ESI=02fb42f0 EDI=00000c00 EBP=0009eadc ESP=0009eab0
EIP=000108bc EFL=00000246 [---Z-P-] CPL=0 II=0 A20=1 SMM=0 HLT=0
ES =0010 00ef3000 ffffffff 00cf9300 DPL=0 DS   [-WA]
CS =0008 00ef3000 ffffffff 00cf9f00 DPL=0 CS32 [CRA]
SS =0010 00ef3000 ffffffff 00cf9300 DPL=0 DS   [-WA]
DS =0010 00ef3000 ffffffff 00cf9300 DPL=0 DS   [-WA]
FS =0010 00ef3000 ffffffff 00cf9300 DPL=0 DS   [-WA]
GS =0010 00ef3000 ffffffff 00cf9300 DPL=0 DS   [-WA]
LDT=0000 00000000 0000ffff 00008200 DPL=0 LDT
TR =0000 00000000 0000ffff 00008b00 DPL=0 TSS32-busy
GDT=     0009cf70 00000047
IDT=     00f0f9c0 000007ff
CR0=00000011 CR2=00000000 CR3=00000000 CR4=00000000
DR0=0000000000000000 DR1=0000000000000000 DR2=0000000000000000 DR3=0000000000000000 
DR6=00000000ffff0ff0 DR7=0000000000000400
CCS=00000044 CCD=00000000 CCO=EFLAGS
EFER=0000000000000000
Servicing hardware INT=0x08
    21: v=08 e=0000 i=0 cpl=0 IP=0008:00000000000108bc pc=0000000000f038bc SP=0010:000000000009eab0 env->regs[R_EAX]=0000000000000000
EAX=00000000 EBX=00000c00 ECX=00010246 EDX=ff1a96c0
ESI=02fb42f0 EDI=00000c00 EBP=0009eadc ESP=0009eab0
EIP=000108bc EFL=00000246 [---Z-P-] CPL=0 II=0 A20=1 SMM=0 HLT=0
ES =0010 00ef3000 ffffffff 00cf9300 DPL=0 DS   [-WA]
CS =0008 00ef3000 ffffffff 00cf9f00 DPL=0 CS32 [CRA]
SS =0010 00ef3000 ffffffff 00cf9300 DPL=0 DS   [-WA]
DS =0010 00ef3000 ffffffff 00cf9300 DPL=0 DS   [-WA]
FS =0010 00ef3000 ffffffff 00cf9300 DPL=0 DS   [-WA]
GS =0010 00ef3000 ffffffff 00cf9300 DPL=0 DS   [-WA]
LDT=0000 00000000 0000ffff 00008200 DPL=0 LDT
TR =0000 00000000 0000ffff 00008b00 DPL=0 TSS32-busy
GDT=     0009cf70 00000047
IDT=     00f0f9c0 000007ff
CR0=00000011 CR2=00000000 CR3=00000000 CR4=00000000
DR0=0000000000000000 DR1=0000000000000000 DR2=0000000000000000 DR3=0000000000000000 
DR6=00000000ffff0ff0 DR7=0000000000000400
CCS=00000044 CCD=00000000 CCO=EFLAGS
EFER=0000000000000000
Servicing hardware INT=0x08
    22: v=08 e=0000 i=0 cpl=0 IP=0008:00000000000108bc pc=0000000000f038bc SP=0010:000000000009eab0 env->regs[R_EAX]=0000000000000000
EAX=00000000 EBX=00000c00 ECX=00010246 EDX=ff1a96c0
ESI=02fb42f0 EDI=00000c00 EBP=0009eadc ESP=0009eab0
EIP=000108bc EFL=00000246 [---Z-P-] CPL=0 II=0 A20=1 SMM=0 HLT=0
ES =0010 00ef3000 ffffffff 00cf9300 DPL=0 DS   [-WA]
CS =0008 00ef3000 ffffffff 00cf9f00 DPL=0 CS32 [CRA]
SS =0010 00ef3000 ffffffff 00cf9300 DPL=0 DS   [-WA]
DS =0010 00ef3000 ffffffff 00cf9300 DPL=0 DS   [-WA]
FS =0010 00ef3000 ffffffff 00cf9300 DPL=0 DS   [-WA]
GS =0010 00ef3000 ffffffff 00cf9300 DPL=0 DS   [-WA]
LDT=0000 00000000 0000ffff 00008200 DPL=0 LDT
TR =0000 00000000 0000ffff 00008b00 DPL=0 TSS32-busy
GDT=     0009cf70 00000047
IDT=     00f0f9c0 000007ff
CR0=00000011 CR2=00000000 CR3=00000000 CR4=00000000
DR0=0000000000000000 DR1=0000000000000000 DR2=0000000000000000 DR3=0000000000000000 
DR6=00000000ffff0ff0 DR7=0000000000000400
CCS=00000044 CCD=00000000 CCO=EFLAGS
EFER=0000000000000000
Servicing hardware INT=0x08
    23: v=08 e=0000 i=0 cpl=0 IP=0008:00000000000108bc pc=0000000000f038bc SP=0010:000000000009eab0 env->regs[R_EAX]=0000000000000000
EAX=00000000 EBX=00000c00 ECX=00010246 EDX=ff1a96c0
ESI=02fb42f0 EDI=00000c00 EBP=0009eadc ESP=0009eab0
EIP=000108bc EFL=00000246 [---Z-P-] CPL=0 II=0 A20=1 SMM=0 HLT=0
ES =0010 00ef3000 ffffffff 00cf9300 DPL=0 DS   [-WA]
CS =0008 00ef3000 ffffffff 00cf9f00 DPL=0 CS32 [CRA]
SS =0010 00ef3000 ffffffff 00cf9300 DPL=0 DS   [-WA]
DS =0010 00ef3000 ffffffff 00cf9300 DPL=0 DS   [-WA]
FS =0010 00ef3000 ffffffff 00cf9300 DPL=0 DS   [-WA]
GS =0010 00ef3000 ffffffff 00cf9300 DPL=0 DS   [-WA]
LDT=0000 00000000 0000ffff 00008200 DPL=0 LDT
TR =0000 00000000 0000ffff 00008b00 DPL=0 TSS32-busy
GDT=     0009cf70 00000047
IDT=     00f0f9c0 000007ff
CR0=00000011 CR2=00000000 CR3=00000000 CR4=00000000
DR0=0000000000000000 DR1=0000000000000000 DR2=0000000000000000 DR3=0000000000000000 
DR6=00000000ffff0ff0 DR7=0000000000000400
CCS=00000044 CCD=00000000 CCO=EFLAGS
EFER=0000000000000000
Servicing hardware INT=0x08
    24: v=08 e=0000 i=0 cpl=0 IP=0008:00000000000108bc pc=0000000000f038bc SP=0010:000000000009eab0 env->regs[R_EAX]=0000000000000000
EAX=00000000 EBX=00000c00 ECX=00010246 EDX=ff1a96c0
ESI=02fb42f0 EDI=00000c00 EBP=0009eadc ESP=0009eab0
EIP=000108bc EFL=00000246 [---Z-P-] CPL=0 II=0 A20=1 SMM=0 HLT=0
ES =0010 00ef3000 ffffffff 00cf9300 DPL=0 DS   [-WA]
CS =0008 00ef3000 ffffffff 00cf9f00 DPL=0 CS32 [CRA]
SS =0010 00ef3000 ffffffff 00cf9300 DPL=0 DS   [-WA]
DS =0010 00ef3000 ffffffff 00cf9300 DPL=0 DS   [-WA]
FS =0010 00ef3000 ffffffff 00cf9300 DPL=0 DS   [-WA]
GS =0010 00ef3000 ffffffff 00cf9300 DPL=0 DS   [-WA]
LDT=0000 00000000 0000ffff 00008200 DPL=0 LDT
TR =0000 00000000 0000ffff 00008b00 DPL=0 TSS32-busy
GDT=     0009cf70 00000047
IDT=     00f0f9c0 000007ff
CR0=00000011 CR2=00000000 CR3=00000000 CR4=00000000
DR0=0000000000000000 DR1=0000000000000000 DR2=0000000000000000 DR3=0000000000000000 
DR6=00000000ffff0ff0 DR7=0000000000000400
CCS=00000044 CCD=00000000 CCO=EFLAGS
EFER=0000000000000000
Servicing hardware INT=0x08
    25: v=08 e=0000 i=0 cpl=0 IP=0008:00000000000108bc pc=0000000000f038bc SP=0010:000000000009eab0 env->regs[R_EAX]=0000000000000000
EAX=00000000 EBX=00000c00 ECX=00010246 EDX=ff1a96c0
ESI=02fb42f0 EDI=00000c00 EBP=0009eadc ESP=0009eab0
EIP=000108bc EFL=00000246 [---Z-P-] CPL=0 II=0 A20=1 SMM=0 HLT=0
ES =0010 00ef3000 ffffffff 00cf9300 DPL=0 DS   [-WA]
CS =0008 00ef3000 ffffffff 00cf9f00 DPL=0 CS32 [CRA]
SS =0010 00ef3000 ffffffff 00cf9300 DPL=0 DS   [-WA]
DS =0010 00ef3000 ffffffff 00cf9300 DPL=0 DS   [-WA]
FS =0010 00ef3000 ffffffff 00cf9300 DPL=0 DS   [-WA]
GS =0010 00ef3000 ffffffff 00cf9300 DPL=0 DS   [-WA]
LDT=0000 00000000 0000ffff 00008200 DPL=0 LDT
TR =0000 00000000 0000ffff 00008b00 DPL=0 TSS32-busy
GDT=     0009cf70 00000047
IDT=     00f0f9c0 000007ff
CR0=00000011 CR2=00000000 CR3=00000000 CR4=00000000
DR0=0000000000000000 DR1=0000000000000000 DR2=0000000000000000 DR3=0000000000000000 
DR6=00000000ffff0ff0 DR7=0000000000000400
CCS=00000044 CCD=00000000 CCO=EFLAGS
EFER=0000000000000000
Servicing hardware INT=0x08
    26: v=08 e=0000 i=0 cpl=0 IP=0008:00000000000108bc pc=0000000000f038bc SP=0010:000000000009eab0 env->regs[R_EAX]=0000000000000000
EAX=00000000 EBX=00000c00 ECX=00010246 EDX=ff1a96c0
ESI=02fb42f0 EDI=00000c00 EBP=0009eadc ESP=0009eab0
EIP=000108bc EFL=00000246 [---Z-P-] CPL=0 II=0 A20=1 SMM=0 HLT=0
ES =0010 00ef3000 ffffffff 00cf9300 DPL=0 DS   [-WA]
CS =0008 00ef3000 ffffffff 00cf9f00 DPL=0 CS32 [CRA]
SS =0010 00ef3000 ffffffff 00cf9300 DPL=0 DS   [-WA]
DS =0010 00ef3000 ffffffff 00cf9300 DPL=0 DS   [-WA]
FS =0010 00ef3000 ffffffff 00cf9300 DPL=0 DS   [-WA]
GS =0010 00ef3000 ffffffff 00cf9300 DPL=0 DS   [-WA]
LDT=0000 00000000 0000ffff 00008200 DPL=0 LDT
TR =0000 00000000 0000ffff 00008b00 DPL=0 TSS32-busy
GDT=     0009cf70 00000047
IDT=     00f0f9c0 000007ff
CR0=00000011 CR2=00000000 CR3=00000000 CR4=00000000
DR0=0000000000000000 DR1=0000000000000000 DR2=0000000000000000 DR3=0000000000000000 
DR6=00000000ffff0ff0 DR7=0000000000000400
CCS=00000044 CCD=00000000 CCO=EFLAGS
EFER=0000000000000000
Servicing hardware INT=0x08
    27: v=08 e=0000 i=0 cpl=0 IP=0008:00000000000108bc pc=0000000000f038bc SP=0010:000000000009eab0 env->regs[R_EAX]=0000000000000000
EAX=00000000 EBX=00000c00 ECX=00010246 EDX=ff1a96c0
ESI=02fb42f0 EDI=00000c00 EBP=0009eadc ESP=0009eab0
EIP=000108bc EFL=00000246 [---Z-P-] CPL=0 II=0 A20=1 SMM=0 HLT=0
ES =0010 00ef3000 ffffffff 00cf9300 DPL=0 DS   [-WA]
CS =0008 00ef3000 ffffffff 00cf9f00 DPL=0 CS32 [CRA]
SS =0010 00ef3000 ffffffff 00cf9300 DPL=0 DS   [-WA]
DS =0010 00ef3000 ffffffff 00cf9300 DPL=0 DS   [-WA]
FS =0010 00ef3000 ffffffff 00cf9300 DPL=0 DS   [-WA]
GS =0010 00ef3000 ffffffff 00cf9300 DPL=0 DS   [-WA]
LDT=0000 00000000 0000ffff 00008200 DPL=0 LDT
TR =0000 00000000 0000ffff 00008b00 DPL=0 TSS32-busy
GDT=     0009cf70 00000047
IDT=     00f0f9c0 000007ff
CR0=00000011 CR2=00000000 CR3=00000000 CR4=00000000
DR0=0000000000000000 DR1=0000000000000000 DR2=0000000000000000 DR3=0000000000000000 
DR6=00000000ffff0ff0 DR7=0000000000000400
CCS=00000044 CCD=00000000 CCO=EFLAGS
EFER=0000000000000000
Servicing hardware INT=0x08
    28: v=08 e=0000 i=0 cpl=0 IP=0008:00000000000108bc pc=0000000000f038bc SP=0010:000000000009eab0 env->regs[R_EAX]=0000000000000000
EAX=00000000 EBX=00000c00 ECX=00010246 EDX=ff1a96c0
ESI=02fb42f0 EDI=00000c00 EBP=0009eadc ESP=0009eab0
EIP=000108bc EFL=00000246 [---Z-P-] CPL=0 II=0 A20=1 SMM=0 HLT=0
ES =0010 00ef3000 ffffffff 00cf9300 DPL=0 DS   [-WA]
CS =0008 00ef3000 ffffffff 00cf9f00 DPL=0 CS32 [CRA]
SS =0010 00ef3000 ffffffff 00cf9300 DPL=0 DS   [-WA]
DS =0010 00ef3000 ffffffff 00cf9300 DPL=0 DS   [-WA]
FS =0010 00ef3000 ffffffff 00cf9300 DPL=0 DS   [-WA]
GS =0010 00ef3000 ffffffff 00cf9300 DPL=0 DS   [-WA]
LDT=0000 00000000 0000ffff 00008200 DPL=0 LDT
TR =0000 00000000 0000ffff 00008b00 DPL=0 TSS32-busy
GDT=     0009cf70 00000047
IDT=     00f0f9c0 000007ff
CR0=00000011 CR2=00000000 CR3=00000000 CR4=00000000
DR0=0000000000000000 DR1=0000000000000000 DR2=0000000000000000 DR3=0000000000000000 
DR6=00000000ffff0ff0 DR7=0000000000000400
CCS=00000044 CCD=00000000 CCO=EFLAGS
EFER=0000000000000000
Servicing hardware INT=0x08
    29: v=08 e=0000 i=0 cpl=0 IP=0008:00000000000108bc pc=0000000000f038bc SP=0010:000000000009eab0 env->regs[R_EAX]=0000000000000000
EAX=00000000 EBX=00000c00 ECX=00010246 EDX=ff1a96c0
ESI=02fb42f0 EDI=00000c00 EBP=0009eadc ESP=0009eab0
EIP=000108bc EFL=00000246 [---Z-P-] CPL=0 II=0 A20=1 SMM=0 HLT=0
ES =0010 00ef3000 ffffffff 00cf9300 DPL=0 DS   [-WA]
CS =0008 00ef3000 ffffffff 00cf9f00 DPL=0 CS32 [CRA]
SS =0010 00ef3000 ffffffff 00cf9300 DPL=0 DS   [-WA]
DS =0010 00ef3000 ffffffff 00cf9300 DPL=0 DS   [-WA]
FS =0010 00ef3000 ffffffff 00cf9300 DPL=0 DS   [-WA]
GS =0010 00ef3000 ffffffff 00cf9300 DPL=0 DS   [-WA]
LDT=0000 00000000 0000ffff 00008200 DPL=0 LDT
TR =0000 00000000 0000ffff 00008b00 DPL=0 TSS32-busy
GDT=     0009cf70 00000047
IDT=     00f0f9c0 000007ff
CR0=00000011 CR2=00000000 CR3=00000000 CR4=00000000
DR0=0000000000000000 DR1=0000000000000000 DR2=0000000000000000 DR3=0000000000000000 
DR6=00000000ffff0ff0 DR7=0000000000000400
CCS=00000044 CCD=00000000 CCO=EFLAGS
EFER=0000000000000000
Servicing hardware INT=0x08
    30: v=08 e=0000 i=0 cpl=0 IP=0008:00000000000108bc pc=0000000000f038bc SP=0010:000000000009eab0 env->regs[R_EAX]=0000000000000000
EAX=00000000 EBX=00000c00 ECX=00010246 EDX=ff1a96c0
ESI=02fb42f0 EDI=00000c00 EBP=0009eadc ESP=0009eab0
EIP=000108bc EFL=00000246 [---Z-P-] CPL=0 II=0 A20=1 SMM=0 HLT=0
ES =0010 00ef3000 ffffffff 00cf9300 DPL=0 DS   [-WA]
CS =0008 00ef3000 ffffffff 00cf9f00 DPL=0 CS32 [CRA]
SS =0010 00ef3000 ffffffff 00cf9300 DPL=0 DS   [-WA]
DS =0010 00ef3000 ffffffff 00cf9300 DPL=0 DS   [-WA]
FS =0010 00ef3000 ffffffff 00cf9300 DPL=0 DS   [-WA]
GS =0010 00ef3000 ffffffff 00cf9300 DPL=0 DS   [-WA]
LDT=0000 00000000 0000ffff 00008200 DPL=0 LDT
TR =0000 00000000 0000ffff 00008b00 DPL=0 TSS32-busy
GDT=     0009cf70 00000047
IDT=     00f0f9c0 000007ff
CR0=00000011 CR2=00000000 CR3=00000000 CR4=00000000
DR0=0000000000000000 DR1=0000000000000000 DR2=0000000000000000 DR3=0000000000000000 
DR6=00000000ffff0ff0 DR7=0000000000000400
CCS=00000044 CCD=00000000 CCO=EFLAGS
EFER=0000000000000000
Servicing hardware INT=0x08
    31: v=08 e=0000 i=0 cpl=0 IP=0008:00000000000108bc pc=0000000000f038bc SP=0010:000000000009eab0 env->regs[R_EAX]=0000000000000000
EAX=00000000 EBX=00000c00 ECX=00010246 EDX=ff1a96c0
ESI=02fb42f0 EDI=00000c00 EBP=0009eadc ESP=0009eab0
EIP=000108bc EFL=00000246 [---Z-P-] CPL=0 II=0 A20=1 SMM=0 HLT=0
ES =0010 00ef3000 ffffffff 00cf9300 DPL=0 DS   [-WA]
CS =0008 00ef3000 ffffffff 00cf9f00 DPL=0 CS32 [CRA]
SS =0010 00ef3000 ffffffff 00cf9300 DPL=0 DS   [-WA]
DS =0010 00ef3000 ffffffff 00cf9300 DPL=0 DS   [-WA]
FS =0010 00ef3000 ffffffff 00cf9300 DPL=0 DS   [-WA]
GS =0010 00ef3000 ffffffff 00cf9300 DPL=0 DS   [-WA]
LDT=0000 00000000 0000ffff 00008200 DPL=0 LDT
TR =0000 00000000 0000ffff 00008b00 DPL=0 TSS32-busy
GDT=     0009cf70 00000047
IDT=     00f0f9c0 000007ff
CR0=00000011 CR2=00000000 CR3=00000000 CR4=00000000
DR0=0000000000000000 DR1=0000000000000000 DR2=0000000000000000 DR3=0000000000000000 
DR6=00000000ffff0ff0 DR7=0000000000000400
CCS=00000044 CCD=00000000 CCO=EFLAGS
EFER=0000000000000000
Servicing hardware INT=0x08
    32: v=08 e=0000 i=0 cpl=0 IP=0008:00000000000108bc pc=0000000000f038bc SP=0010:000000000009eab0 env->regs[R_EAX]=0000000000000000
EAX=00000000 EBX=00000c00 ECX=00010246 EDX=ff1a96c0
ESI=02fb42f0 EDI=00000c00 EBP=0009eadc ESP=0009eab0
EIP=000108bc EFL=00000246 [---Z-P-] CPL=0 II=0 A20=1 SMM=0 HLT=0
ES =0010 00ef3000 ffffffff 00cf9300 DPL=0 DS   [-WA]
CS =0008 00ef3000 ffffffff 00cf9f00 DPL=0 CS32 [CRA]
SS =0010 00ef3000 ffffffff 00cf9300 DPL=0 DS   [-WA]
DS =0010 00ef3000 ffffffff 00cf9300 DPL=0 DS   [-WA]
FS =0010 00ef3000 ffffffff 00cf9300 DPL=0 DS   [-WA]
GS =0010 00ef3000 ffffffff 00cf9300 DPL=0 DS   [-WA]
LDT=0000 00000000 0000ffff 00008200 DPL=0 LDT
TR =0000 00000000 0000ffff 00008b00 DPL=0 TSS32-busy
GDT=     0009cf70 00000047
IDT=     00f0f9c0 000007ff
CR0=00000011 CR2=00000000 CR3=00000000 CR4=00000000
DR0=0000000000000000 DR1=0000000000000000 DR2=0000000000000000 DR3=0000000000000000 
DR6=00000000ffff0ff0 DR7=0000000000000400
CCS=00000044 CCD=00000000 CCO=EFLAGS
EFER=0000000000000000
Servicing hardware INT=0x08
    33: v=08 e=0000 i=0 cpl=0 IP=0008:00000000000108bc pc=0000000000f038bc SP=0010:000000000009eab0 env->regs[R_EAX]=0000000000000000
EAX=00000000 EBX=00000c00 ECX=00010246 EDX=ff1a96c0
ESI=02fb42f0 EDI=00000c00 EBP=0009eadc ESP=0009eab0
EIP=000108bc EFL=00000246 [---Z-P-] CPL=0 II=0 A20=1 SMM=0 HLT=0
ES =0010 00ef3000 ffffffff 00cf9300 DPL=0 DS   [-WA]
CS =0008 00ef3000 ffffffff 00cf9f00 DPL=0 CS32 [CRA]
SS =0010 00ef3000 ffffffff 00cf9300 DPL=0 DS   [-WA]
DS =0010 00ef3000 ffffffff 00cf9300 DPL=0 DS   [-WA]
FS =0010 00ef3000 ffffffff 00cf9300 DPL=0 DS   [-WA]
GS =0010 00ef3000 ffffffff 00cf9300 DPL=0 DS   [-WA]
LDT=0000 00000000 0000ffff 00008200 DPL=0 LDT
TR =0000 00000000 0000ffff 00008b00 DPL=0 TSS32-busy
GDT=     0009cf70 00000047
IDT=     00f0f9c0 000007ff
CR0=00000011 CR2=00000000 CR3=00000000 CR4=00000000
DR0=0000000000000000 DR1=0000000000000000 DR2=0000000000000000 DR3=0000000000000000 
DR6=00000000ffff0ff0 DR7=0000000000000400
CCS=00000044 CCD=00000000 CCO=EFLAGS
EFER=0000000000000000
Servicing hardware INT=0x08
    34: v=08 e=0000 i=0 cpl=0 IP=0008:00000000000108bc pc=0000000000f038bc SP=0010:000000000009eab0 env->regs[R_EAX]=0000000000000000
EAX=00000000 EBX=00000c00 ECX=00010246 EDX=ff1a96c0
ESI=02fb42f0 EDI=00000c00 EBP=0009eadc ESP=0009eab0
EIP=000108bc EFL=00000246 [---Z-P-] CPL=0 II=0 A20=1 SMM=0 HLT=0
ES =0010 00ef3000 ffffffff 00cf9300 DPL=0 DS   [-WA]
CS =0008 00ef3000 ffffffff 00cf9f00 DPL=0 CS32 [CRA]
SS =0010 00ef3000 ffffffff 00cf9300 DPL=0 DS   [-WA]
DS =0010 00ef3000 ffffffff 00cf9300 DPL=0 DS   [-WA]
FS =0010 00ef3000 ffffffff 00cf9300 DPL=0 DS   [-WA]
GS =0010 00ef3000 ffffffff 00cf9300 DPL=0 DS   [-WA]
LDT=0000 00000000 0000ffff 00008200 DPL=0 LDT
TR =0000 00000000 0000ffff 00008b00 DPL=0 TSS32-busy
GDT=     0009cf70 00000047
IDT=     00f0f9c0 000007ff
CR0=00000011 CR2=00000000 CR3=00000000 CR4=00000000
DR0=0000000000000000 DR1=0000000000000000 DR2=0000000000000000 DR3=0000000000000000 
DR6=00000000ffff0ff0 DR7=0000000000000400
CCS=00000044 CCD=00000000 CCO=EFLAGS
EFER=0000000000000000
Servicing hardware INT=0x08
    35: v=08 e=0000 i=0 cpl=0 IP=0008:00000000000108bc pc=0000000000f038bc SP=0010:000000000009eab0 env->regs[R_EAX]=0000000000000000
EAX=00000000 EBX=00000c00 ECX=00010246 EDX=ff1a96c0
ESI=02fb42f0 EDI=00000c00 EBP=0009eadc ESP=0009eab0
EIP=000108bc EFL=00000246 [---Z-P-] CPL=0 II=0 A20=1 SMM=0 HLT=0
ES =0010 00ef3000 ffffffff 00cf9300 DPL=0 DS   [-WA]
CS =0008 00ef3000 ffffffff 00cf9f00 DPL=0 CS32 [CRA]
SS =0010 00ef3000 ffffffff 00cf9300 DPL=0 DS   [-WA]
DS =0010 00ef3000 ffffffff 00cf9300 DPL=0 DS   [-WA]
FS =0010 00ef3000 ffffffff 00cf9300 DPL=0 DS   [-WA]
GS =0010 00ef3000 ffffffff 00cf9300 DPL=0 DS   [-WA]
LDT=0000 00000000 0000ffff 00008200 DPL=0 LDT
TR =0000 00000000 0000ffff 00008b00 DPL=0 TSS32-busy
GDT=     0009cf70 00000047
IDT=     00f0f9c0 000007ff
CR0=00000011 CR2=00000000 CR3=00000000 CR4=00000000
DR0=0000000000000000 DR1=0000000000000000 DR2=0000000000000000 DR3=0000000000000000 
DR6=00000000ffff0ff0 DR7=0000000000000400
CCS=00000044 CCD=00000000 CCO=EFLAGS
EFER=0000000000000000
Servicing hardware INT=0x08
    36: v=08 e=0000 i=0 cpl=0 IP=0008:00000000000108bc pc=0000000000f038bc SP=0010:000000000009eab0 env->regs[R_EAX]=0000000000000000
EAX=00000000 EBX=00000c00 ECX=00010246 EDX=ff1a96c0
ESI=02fb42f0 EDI=00000c00 EBP=0009eadc ESP=0009eab0
EIP=000108bc EFL=00000246 [---Z-P-] CPL=0 II=0 A20=1 SMM=0 HLT=0
ES =0010 00ef3000 ffffffff 00cf9300 DPL=0 DS   [-WA]
CS =0008 00ef3000 ffffffff 00cf9f00 DPL=0 CS32 [CRA]
SS =0010 00ef3000 ffffffff 00cf9300 DPL=0 DS   [-WA]
DS =0010 00ef3000 ffffffff 00cf9300 DPL=0 DS   [-WA]
FS =0010 00ef3000 ffffffff 00cf9300 DPL=0 DS   [-WA]
GS =0010 00ef3000 ffffffff 00cf9300 DPL=0 DS   [-WA]
LDT=0000 00000000 0000ffff 00008200 DPL=0 LDT
TR =0000 00000000 0000ffff 00008b00 DPL=0 TSS32-busy
GDT=     0009cf70 00000047
IDT=     00f0f9c0 000007ff
CR0=00000011 CR2=00000000 CR3=00000000 CR4=00000000
DR0=0000000000000000 DR1=0000000000000000 DR2=0000000000000000 DR3=0000000000000000 
DR6=00000000ffff0ff0 DR7=0000000000000400
CCS=00000044 CCD=00000000 CCO=EFLAGS
EFER=0000000000000000
Servicing hardware INT=0x08
    37: v=08 e=0000 i=0 cpl=0 IP=0008:00000000000108bc pc=0000000000f038bc SP=0010:000000000009eab0 env->regs[R_EAX]=0000000000000000
EAX=00000000 EBX=00000c00 ECX=00010246 EDX=ff1a96c0
ESI=02fb42f0 EDI=00000c00 EBP=0009eadc ESP=0009eab0
EIP=000108bc EFL=00000246 [---Z-P-] CPL=0 II=0 A20=1 SMM=0 HLT=0
ES =0010 00ef3000 ffffffff 00cf9300 DPL=0 DS   [-WA]
CS =0008 00ef3000 ffffffff 00cf9f00 DPL=0 CS32 [CRA]
SS =0010 00ef3000 ffffffff 00cf9300 DPL=0 DS   [-WA]
DS =0010 00ef3000 ffffffff 00cf9300 DPL=0 DS   [-WA]
FS =0010 00ef3000 ffffffff 00cf9300 DPL=0 DS   [-WA]
GS =0010 00ef3000 ffffffff 00cf9300 DPL=0 DS   [-WA]
LDT=0000 00000000 0000ffff 00008200 DPL=0 LDT
TR =0000 00000000 0000ffff 00008b00 DPL=0 TSS32-busy
GDT=     0009cf70 00000047
IDT=     00f0f9c0 000007ff
CR0=00000011 CR2=00000000 CR3=00000000 CR4=00000000
DR0=0000000000000000 DR1=0000000000000000 DR2=0000000000000000 DR3=0000000000000000 
DR6=00000000ffff0ff0 DR7=0000000000000400
CCS=00000044 CCD=00000000 CCO=EFLAGS
EFER=0000000000000000
Servicing hardware INT=0x08
    38: v=08 e=0000 i=0 cpl=0 IP=0008:00000000000108bc pc=0000000000f038bc SP=0010:000000000009eab0 env->regs[R_EAX]=0000000000000000
EAX=00000000 EBX=00000c00 ECX=00010246 EDX=ff1a96c0
ESI=02fb42f0 EDI=00000c00 EBP=0009eadc ESP=0009eab0
EIP=000108bc EFL=00000246 [---Z-P-] CPL=0 II=0 A20=1 SMM=0 HLT=0
ES =0010 00ef3000 ffffffff 00cf9300 DPL=0 DS   [-WA]
CS =0008 00ef3000 ffffffff 00cf9f00 DPL=0 CS32 [CRA]
SS =0010 00ef3000 ffffffff 00cf9300 DPL=0 DS   [-WA]
DS =0010 00ef3000 ffffffff 00cf9300 DPL=0 DS   [-WA]
FS =0010 00ef3000 ffffffff 00cf9300 DPL=0 DS   [-WA]
GS =0010 00ef3000 ffffffff 00cf9300 DPL=0 DS   [-WA]
LDT=0000 00000000 0000ffff 00008200 DPL=0 LDT
TR =0000 00000000 0000ffff 00008b00 DPL=0 TSS32-busy
GDT=     0009cf70 00000047
IDT=     00f0f9c0 000007ff
CR0=00000011 CR2=00000000 CR3=00000000 CR4=00000000
DR0=0000000000000000 DR1=0000000000000000 DR2=0000000000000000 DR3=0000000000000000 
DR6=00000000ffff0ff0 DR7=0000000000000400
CCS=00000044 CCD=00000000 CCO=EFLAGS
EFER=0000000000000000
Servicing hardware INT=0x08
    39: v=08 e=0000 i=0 cpl=0 IP=0008:00000000000108bc pc=0000000000f038bc SP=0010:000000000009eab0 env->regs[R_EAX]=0000000000000000
EAX=00000000 EBX=00000c00 ECX=00010246 EDX=ff1a96c0
ESI=02fb42f0 EDI=00000c00 EBP=0009eadc ESP=0009eab0
EIP=000108bc EFL=00000246 [---Z-P-] CPL=0 II=0 A20=1 SMM=0 HLT=0
ES =0010 00ef3000 ffffffff 00cf9300 DPL=0 DS   [-WA]
CS =0008 00ef3000 ffffffff 00cf9f00 DPL=0 CS32 [CRA]
SS =0010 00ef3000 ffffffff 00cf9300 DPL=0 DS   [-WA]
DS =0010 00ef3000 ffffffff 00cf9300 DPL=0 DS   [-WA]
FS =0010 00ef3000 ffffffff 00cf9300 DPL=0 DS   [-WA]
GS =0010 00ef3000 ffffffff 00cf9300 DPL=0 DS   [-WA]
LDT=0000 00000000 0000ffff 00008200 DPL=0 LDT
TR =0000 00000000 0000ffff 00008b00 DPL=0 TSS32-busy
GDT=     0009cf70 00000047
IDT=     00f0f9c0 000007ff
CR0=00000011 CR2=00000000 CR3=00000000 CR4=00000000
DR0=0000000000000000 DR1=0000000000000000 DR2=0000000000000000 DR3=0000000000000000 
DR6=00000000ffff0ff0 DR7=0000000000000400
CCS=00000044 CCD=00000000 CCO=EFLAGS
EFER=0000000000000000
Servicing hardware INT=0x08
    40: v=08 e=0000 i=0 cpl=0 IP=0008:00000000000108bc pc=0000000000f038bc SP=0010:000000000009eab0 env->regs[R_EAX]=0000000000000000
EAX=00000000 EBX=00000c00 ECX=00010246 EDX=ff1a96c0
ESI=02fb42f0 EDI=00000c00 EBP=0009eadc ESP=0009eab0
EIP=000108bc EFL=00000246 [---Z-P-] CPL=0 II=0 A20=1 SMM=0 HLT=0
ES =0010 00ef3000 ffffffff 00cf9300 DPL=0 DS   [-WA]
CS =0008 00ef3000 ffffffff 00cf9f00 DPL=0 CS32 [CRA]
SS =0010 00ef3000 ffffffff 00cf9300 DPL=0 DS   [-WA]
DS =0010 00ef3000 ffffffff 00cf9300 DPL=0 DS   [-WA]
FS =0010 00ef3000 ffffffff 00cf9300 DPL=0 DS   [-WA]
GS =0010 00ef3000 ffffffff 00cf9300 DPL=0 DS   [-WA]
LDT=0000 00000000 0000ffff 00008200 DPL=0 LDT
TR =0000 00000000 0000ffff 00008b00 DPL=0 TSS32-busy
GDT=     0009cf70 00000047
IDT=     00f0f9c0 000007ff
CR0=00000011 CR2=00000000 CR3=00000000 CR4=00000000
DR0=0000000000000000 DR1=0000000000000000 DR2=0000000000000000 DR3=0000000000000000 
DR6=00000000ffff0ff0 DR7=0000000000000400
CCS=00000044 CCD=00000000 CCO=EFLAGS
EFER=0000000000000000
Servicing hardware INT=0x08
    41: v=08 e=0000 i=0 cpl=0 IP=0008:00000000000108bc pc=0000000000f038bc SP=0010:000000000009eab0 env->regs[R_EAX]=0000000000000000
EAX=00000000 EBX=00000c00 ECX=00010246 EDX=ff1a96c0
ESI=02fb42f0 EDI=00000c00 EBP=0009eadc ESP=0009eab0
EIP=000108bc EFL=00000246 [---Z-P-] CPL=0 II=0 A20=1 SMM=0 HLT=0
ES =0010 00ef3000 ffffffff 00cf9300 DPL=0 DS   [-WA]
CS =0008 00ef3000 ffffffff 00cf9f00 DPL=0 CS32 [CRA]
SS =0010 00ef3000 ffffffff 00cf9300 DPL=0 DS   [-WA]
DS =0010 00ef3000 ffffffff 00cf9300 DPL=0 DS   [-WA]
FS =0010 00ef3000 ffffffff 00cf9300 DPL=0 DS   [-WA]
GS =0010 00ef3000 ffffffff 00cf9300 DPL=0 DS   [-WA]
LDT=0000 00000000 0000ffff 00008200 DPL=0 LDT
TR =0000 00000000 0000ffff 00008b00 DPL=0 TSS32-busy
GDT=     0009cf70 00000047
IDT=     00f0f9c0 000007ff
CR0=00000011 CR2=00000000 CR3=00000000 CR4=00000000
DR0=0000000000000000 DR1=0000000000000000 DR2=0000000000000000 DR3=0000000000000000 
DR6=00000000ffff0ff0 DR7=0000000000000400
CCS=00000044 CCD=00000000 CCO=EFLAGS
EFER=0000000000000000
Servicing hardware INT=0x08
    42: v=08 e=0000 i=0 cpl=0 IP=0008:00000000000108bc pc=0000000000f038bc SP=0010:000000000009eab0 env->regs[R_EAX]=0000000000000000
EAX=00000000 EBX=00000c00 ECX=00010246 EDX=ff1a96c0
ESI=02fb42f0 EDI=00000c00 EBP=0009eadc ESP=0009eab0
EIP=000108bc EFL=00000246 [---Z-P-] CPL=0 II=0 A20=1 SMM=0 HLT=0
ES =0010 00ef3000 ffffffff 00cf9300 DPL=0 DS   [-WA]
CS =0008 00ef3000 ffffffff 00cf9f00 DPL=0 CS32 [CRA]
SS =0010 00ef3000 ffffffff 00cf9300 DPL=0 DS   [-WA]
DS =0010 00ef3000 ffffffff 00cf9300 DPL=0 DS   [-WA]
FS =0010 00ef3000 ffffffff 00cf9300 DPL=0 DS   [-WA]
GS =0010 00ef3000 ffffffff 00cf9300 DPL=0 DS   [-WA]
LDT=0000 00000000 0000ffff 00008200 DPL=0 LDT
TR =0000 00000000 0000ffff 00008b00 DPL=0 TSS32-busy
GDT=     0009cf70 00000047
IDT=     00f0f9c0 000007ff
CR0=00000011 CR2=00000000 CR3=00000000 CR4=00000000
DR0=0000000000000000 DR1=0000000000000000 DR2=0000000000000000 DR3=0000000000000000 
DR6=00000000ffff0ff0 DR7=0000000000000400
CCS=00000044 CCD=00000000 CCO=EFLAGS
EFER=0000000000000000
Servicing hardware INT=0x08
    43: v=08 e=0000 i=0 cpl=0 IP=0008:00000000000108bc pc=0000000000f038bc SP=0010:000000000009eab0 env->regs[R_EAX]=0000000000000000
EAX=00000000 EBX=00000c00 ECX=00010246 EDX=ff1a96c0
ESI=02fb42f0 EDI=00000c00 EBP=0009eadc ESP=0009eab0
EIP=000108bc EFL=00000246 [---Z-P-] CPL=0 II=0 A20=1 SMM=0 HLT=0
ES =0010 00ef3000 ffffffff 00cf9300 DPL=0 DS   [-WA]
CS =0008 00ef3000 ffffffff 00cf9f00 DPL=0 CS32 [CRA]
SS =0010 00ef3000 ffffffff 00cf9300 DPL=0 DS   [-WA]
DS =0010 00ef3000 ffffffff 00cf9300 DPL=0 DS   [-WA]
FS =0010 00ef3000 ffffffff 00cf9300 DPL=0 DS   [-WA]
GS =0010 00ef3000 ffffffff 00cf9300 DPL=0 DS   [-WA]
LDT=0000 00000000 0000ffff 00008200 DPL=0 LDT
TR =0000 00000000 0000ffff 00008b00 DPL=0 TSS32-busy
GDT=     0009cf70 00000047
IDT=     00f0f9c0 000007ff
CR0=00000011 CR2=00000000 CR3=00000000 CR4=00000000
DR0=0000000000000000 DR1=0000000000000000 DR2=0000000000000000 DR3=0000000000000000 
DR6=00000000ffff0ff0 DR7=0000000000000400
CCS=00000044 CCD=00000000 CCO=EFLAGS
EFER=0000000000000000
Servicing hardware INT=0x08
    44: v=08 e=0000 i=0 cpl=0 IP=0008:00000000000108bc pc=0000000000f038bc SP=0010:000000000009eab0 env->regs[R_EAX]=0000000000000000
EAX=00000000 EBX=00000c00 ECX=00010246 EDX=ff1a96c0
ESI=02fb42f0 EDI=00000c00 EBP=0009eadc ESP=0009eab0
EIP=000108bc EFL=00000246 [---Z-P-] CPL=0 II=0 A20=1 SMM=0 HLT=0
ES =0010 00ef3000 ffffffff 00cf9300 DPL=0 DS   [-WA]
CS =0008 00ef3000 ffffffff 00cf9f00 DPL=0 CS32 [CRA]
SS =0010 00ef3000 ffffffff 00cf9300 DPL=0 DS   [-WA]
DS =0010 00ef3000 ffffffff 00cf9300 DPL=0 DS   [-WA]
FS =0010 00ef3000 ffffffff 00cf9300 DPL=0 DS   [-WA]
GS =0010 00ef3000 ffffffff 00cf9300 DPL=0 DS   [-WA]
LDT=0000 00000000 0000ffff 00008200 DPL=0 LDT
TR =0000 00000000 0000ffff 00008b00 DPL=0 TSS32-busy
GDT=     0009cf70 00000047
IDT=     00f0f9c0 000007ff
CR0=00000011 CR2=00000000 CR3=00000000 CR4=00000000
DR0=0000000000000000 DR1=0000000000000000 DR2=0000000000000000 DR3=0000000000000000 
DR6=00000000ffff0ff0 DR7=0000000000000400
CCS=00000044 CCD=00000000 CCO=EFLAGS
EFER=0000000000000000
Servicing hardware INT=0x08
    45: v=08 e=0000 i=0 cpl=0 IP=0008:00000000000108bc pc=0000000000f038bc SP=0010:000000000009eab0 env->regs[R_EAX]=0000000000000000
EAX=00000000 EBX=00000c00 ECX=00010246 EDX=ff1a96c0
ESI=02fb42f0 EDI=00000c00 EBP=0009eadc ESP=0009eab0
EIP=000108bc EFL=00000246 [---Z-P-] CPL=0 II=0 A20=1 SMM=0 HLT=0
ES =0010 00ef3000 ffffffff 00cf9300 DPL=0 DS   [-WA]
CS =0008 00ef3000 ffffffff 00cf9f00 DPL=0 CS32 [CRA]
SS =0010 00ef3000 ffffffff 00cf9300 DPL=0 DS   [-WA]
DS =0010 00ef3000 ffffffff 00cf9300 DPL=0 DS   [-WA]
FS =0010 00ef3000 ffffffff 00cf9300 DPL=0 DS   [-WA]
GS =0010 00ef3000 ffffffff 00cf9300 DPL=0 DS   [-WA]
LDT=0000 00000000 0000ffff 00008200 DPL=0 LDT
TR =0000 00000000 0000ffff 00008b00 DPL=0 TSS32-busy
GDT=     0009cf70 00000047
IDT=     00f0f9c0 000007ff
CR0=00000011 CR2=00000000 CR3=00000000 CR4=00000000
DR0=0000000000000000 DR1=0000000000000000 DR2=0000000000000000 DR3=0000000000000000 
DR6=00000000ffff0ff0 DR7=0000000000000400
CCS=00000044 CCD=00000000 CCO=EFLAGS
EFER=0000000000000000
Servicing hardware INT=0x08
    46: v=08 e=0000 i=0 cpl=0 IP=0008:00000000000108bc pc=0000000000f038bc SP=0010:000000000009eab0 env->regs[R_EAX]=0000000000000000
EAX=00000000 EBX=00000c00 ECX=00010246 EDX=ff1a96c0
ESI=02fb42f0 EDI=00000c00 EBP=0009eadc ESP=0009eab0
EIP=000108bc EFL=00000246 [---Z-P-] CPL=0 II=0 A20=1 SMM=0 HLT=0
ES =0010 00ef3000 ffffffff 00cf9300 DPL=0 DS   [-WA]
CS =0008 00ef3000 ffffffff 00cf9f00 DPL=0 CS32 [CRA]
SS =0010 00ef3000 ffffffff 00cf9300 DPL=0 DS   [-WA]
DS =0010 00ef3000 ffffffff 00cf9300 DPL=0 DS   [-WA]
FS =0010 00ef3000 ffffffff 00cf9300 DPL=0 DS   [-WA]
GS =0010 00ef3000 ffffffff 00cf9300 DPL=0 DS   [-WA]
LDT=0000 00000000 0000ffff 00008200 DPL=0 LDT
TR =0000 00000000 0000ffff 00008b00 DPL=0 TSS32-busy
GDT=     0009cf70 00000047
IDT=     00f0f9c0 000007ff
CR0=00000011 CR2=00000000 CR3=00000000 CR4=00000000
DR0=0000000000000000 DR1=0000000000000000 DR2=0000000000000000 DR3=0000000000000000 
DR6=00000000ffff0ff0 DR7=0000000000000400
CCS=00000044 CCD=00000000 CCO=EFLAGS
EFER=0000000000000000
Servicing hardware INT=0x08
    47: v=08 e=0000 i=0 cpl=0 IP=0008:00000000000108bc pc=0000000000f038bc SP=0010:000000000009eab0 env->regs[R_EAX]=0000000000000000
EAX=00000000 EBX=00000c00 ECX=00010246 EDX=ff1a96c0
ESI=02fb42f0 EDI=00000c00 EBP=0009eadc ESP=0009eab0
EIP=000108bc EFL=00000246 [---Z-P-] CPL=0 II=0 A20=1 SMM=0 HLT=0
ES =0010 00ef3000 ffffffff 00cf9300 DPL=0 DS   [-WA]
CS =0008 00ef3000 ffffffff 00cf9f00 DPL=0 CS32 [CRA]
SS =0010 00ef3000 ffffffff 00cf9300 DPL=0 DS   [-WA]
DS =0010 00ef3000 ffffffff 00cf9300 DPL=0 DS   [-WA]
FS =0010 00ef3000 ffffffff 00cf9300 DPL=0 DS   [-WA]
GS =0010 00ef3000 ffffffff 00cf9300 DPL=0 DS   [-WA]
LDT=0000 00000000 0000ffff 00008200 DPL=0 LDT
TR =0000 00000000 0000ffff 00008b00 DPL=0 TSS32-busy
GDT=     0009cf70 00000047
IDT=     00f0f9c0 000007ff
CR0=00000011 CR2=00000000 CR3=00000000 CR4=00000000
DR0=0000000000000000 DR1=0000000000000000 DR2=0000000000000000 DR3=0000000000000000 
DR6=00000000ffff0ff0 DR7=0000000000000400
CCS=00000044 CCD=00000000 CCO=EFLAGS
EFER=0000000000000000
Servicing hardware INT=0x08
    48: v=08 e=0000 i=0 cpl=0 IP=0008:00000000000108bc pc=0000000000f038bc SP=0010:000000000009eab0 env->regs[R_EAX]=0000000000000000
EAX=00000000 EBX=00000c00 ECX=00010246 EDX=ff1a96c0
ESI=02fb42f0 EDI=00000c00 EBP=0009eadc ESP=0009eab0
EIP=000108bc EFL=00000246 [---Z-P-] CPL=0 II=0 A20=1 SMM=0 HLT=0
ES =0010 00ef3000 ffffffff 00cf9300 DPL=0 DS   [-WA]
CS =0008 00ef3000 ffffffff 00cf9f00 DPL=0 CS32 [CRA]
SS =0010 00ef3000 ffffffff 00cf9300 DPL=0 DS   [-WA]
DS =0010 00ef3000 ffffffff 00cf9300 DPL=0 DS   [-WA]
FS =0010 00ef3000 ffffffff 00cf9300 DPL=0 DS   [-WA]
GS =0010 00ef3000 ffffffff 00cf9300 DPL=0 DS   [-WA]
LDT=0000 00000000 0000ffff 00008200 DPL=0 LDT
TR =0000 00000000 0000ffff 00008b00 DPL=0 TSS32-busy
GDT=     0009cf70 00000047
IDT=     00f0f9c0 000007ff
CR0=00000011 CR2=00000000 CR3=00000000 CR4=00000000
DR0=0000000000000000 DR1=0000000000000000 DR2=0000000000000000 DR3=0000000000000000 
DR6=00000000ffff0ff0 DR7=0000000000000400
CCS=00000044 CCD=00000000 CCO=EFLAGS
EFER=0000000000000000
Servicing hardware INT=0x08
    49: v=08 e=0000 i=0 cpl=0 IP=0008:00000000000108bc pc=0000000000f038bc SP=0010:000000000009eab0 env->regs[R_EAX]=0000000000000000
EAX=00000000 EBX=00000c00 ECX=00010246 EDX=ff1a96c0
ESI=02fb42f0 EDI=00000c00 EBP=0009eadc ESP=0009eab0
EIP=000108bc EFL=00000246 [---Z-P-] CPL=0 II=0 A20=1 SMM=0 HLT=0
ES =0010 00ef3000 ffffffff 00cf9300 DPL=0 DS   [-WA]
CS =0008 00ef3000 ffffffff 00cf9f00 DPL=0 CS32 [CRA]
SS =0010 00ef3000 ffffffff 00cf9300 DPL=0 DS   [-WA]
DS =0010 00ef3000 ffffffff 00cf9300 DPL=0 DS   [-WA]
FS =0010 00ef3000 ffffffff 00cf9300 DPL=0 DS   [-WA]
GS =0010 00ef3000 ffffffff 00cf9300 DPL=0 DS   [-WA]
LDT=0000 00000000 0000ffff 00008200 DPL=0 LDT
TR =0000 00000000 0000ffff 00008b00 DPL=0 TSS32-busy
GDT=     0009cf70 00000047
IDT=     00f0f9c0 000007ff
CR0=00000011 CR2=00000000 CR3=00000000 CR4=00000000
DR0=0000000000000000 DR1=0000000000000000 DR2=0000000000000000 DR3=0000000000000000 
DR6=00000000ffff0ff0 DR7=0000000000000400
CCS=00000044 CCD=00000000 CCO=EFLAGS
EFER=0000000000000000
Servicing hardware INT=0x08
    50: v=08 e=0000 i=0 cpl=0 IP=0008:00000000000108bc pc=0000000000f038bc SP=0010:000000000009eab0 env->regs[R_EAX]=0000000000000000
EAX=00000000 EBX=00000c00 ECX=00010246 EDX=ff1a96c0
ESI=02fb42f0 EDI=00000c00 EBP=0009eadc ESP=0009eab0
EIP=000108bc EFL=00000246 [---Z-P-] CPL=0 II=0 A20=1 SMM=0 HLT=0
ES =0010 00ef3000 ffffffff 00cf9300 DPL=0 DS   [-WA]
CS =0008 00ef3000 ffffffff 00cf9f00 DPL=0 CS32 [CRA]
SS =0010 00ef3000 ffffffff 00cf9300 DPL=0 DS   [-WA]
DS =0010 00ef3000 ffffffff 00cf9300 DPL=0 DS   [-WA]
FS =0010 00ef3000 ffffffff 00cf9300 DPL=0 DS   [-WA]
GS =0010 00ef3000 ffffffff 00cf9300 DPL=0 DS   [-WA]
LDT=0000 00000000 0000ffff 00008200 DPL=0 LDT
TR =0000 00000000 0000ffff 00008b00 DPL=0 TSS32-busy
GDT=     0009cf70 00000047
IDT=     00f0f9c0 000007ff
CR0=00000011 CR2=00000000 CR3=00000000 CR4=00000000
DR0=0000000000000000 DR1=0000000000000000 DR2=0000000000000000 DR3=0000000000000000 
DR6=00000000ffff0ff0 DR7=0000000000000400
CCS=00000044 CCD=00000000 CCO=EFLAGS
EFER=0000000000000000
Servicing hardware INT=0x08
    51: v=08 e=0000 i=0 cpl=0 IP=0008:00000000000108bc pc=0000000000f038bc SP=0010:000000000009eab0 env->regs[R_EAX]=0000000000000000
EAX=00000000 EBX=00000c00 ECX=00010246 EDX=ff1a96c0
ESI=02fb42f0 EDI=00000c00 EBP=0009eadc ESP=0009eab0
EIP=000108bc EFL=00000246 [---Z-P-] CPL=0 II=0 A20=1 SMM=0 HLT=0
ES =0010 00ef3000 ffffffff 00cf9300 DPL=0 DS   [-WA]
CS =0008 00ef3000 ffffffff 00cf9f00 DPL=0 CS32 [CRA]
SS =0010 00ef3000 ffffffff 00cf9300 DPL=0 DS   [-WA]
DS =0010 00ef3000 ffffffff 00cf9300 DPL=0 DS   [-WA]
FS =0010 00ef3000 ffffffff 00cf9300 DPL=0 DS   [-WA]
GS =0010 00ef3000 ffffffff 00cf9300 DPL=0 DS   [-WA]
LDT=0000 00000000 0000ffff 00008200 DPL=0 LDT
TR =0000 00000000 0000ffff 00008b00 DPL=0 TSS32-busy
GDT=     0009cf70 00000047
IDT=     00f0f9c0 000007ff
CR0=00000011 CR2=00000000 CR3=00000000 CR4=00000000
DR0=0000000000000000 DR1=0000000000000000 DR2=0000000000000000 DR3=0000000000000000 
DR6=00000000ffff0ff0 DR7=0000000000000400
CCS=00000044 CCD=00000000 CCO=EFLAGS
EFER=0000000000000000
Servicing hardware INT=0x08
    52: v=08 e=0000 i=0 cpl=0 IP=0008:00000000000108bc pc=0000000000f038bc SP=0010:000000000009eab0 env->regs[R_EAX]=0000000000000000
EAX=00000000 EBX=00000c00 ECX=00010246 EDX=ff1a96c0
ESI=02fb42f0 EDI=00000c00 EBP=0009eadc ESP=0009eab0
EIP=000108bc EFL=00000246 [---Z-P-] CPL=0 II=0 A20=1 SMM=0 HLT=0
ES =0010 00ef3000 ffffffff 00cf9300 DPL=0 DS   [-WA]
CS =0008 00ef3000 ffffffff 00cf9f00 DPL=0 CS32 [CRA]
SS =0010 00ef3000 ffffffff 00cf9300 DPL=0 DS   [-WA]
DS =0010 00ef3000 ffffffff 00cf9300 DPL=0 DS   [-WA]
FS =0010 00ef3000 ffffffff 00cf9300 DPL=0 DS   [-WA]
GS =0010 00ef3000 ffffffff 00cf9300 DPL=0 DS   [-WA]
LDT=0000 00000000 0000ffff 00008200 DPL=0 LDT
TR =0000 00000000 0000ffff 00008b00 DPL=0 TSS32-busy
GDT=     0009cf70 00000047
IDT=     00f0f9c0 000007ff
CR0=00000011 CR2=00000000 CR3=00000000 CR4=00000000
DR0=0000000000000000 DR1=0000000000000000 DR2=0000000000000000 DR3=0000000000000000 
DR6=00000000ffff0ff0 DR7=0000000000000400
CCS=00000044 CCD=00000000 CCO=EFLAGS
EFER=0000000000000000
Servicing hardware INT=0x08
    53: v=08 e=0000 i=0 cpl=0 IP=0008:00000000000108bc pc=0000000000f038bc SP=0010:000000000009eab0 env->regs[R_EAX]=0000000000000000
EAX=00000000 EBX=00000c00 ECX=00010246 EDX=ff1a96c0
ESI=02fb42f0 EDI=00000c00 EBP=0009eadc ESP=0009eab0
EIP=000108bc EFL=00000246 [---Z-P-] CPL=0 II=0 A20=1 SMM=0 HLT=0
ES =0010 00ef3000 ffffffff 00cf9300 DPL=0 DS   [-WA]
CS =0008 00ef3000 ffffffff 00cf9f00 DPL=0 CS32 [CRA]
SS =0010 00ef3000 ffffffff 00cf9300 DPL=0 DS   [-WA]
DS =0010 00ef3000 ffffffff 00cf9300 DPL=0 DS   [-WA]
FS =0010 00ef3000 ffffffff 00cf9300 DPL=0 DS   [-WA]
GS =0010 00ef3000 ffffffff 00cf9300 DPL=0 DS   [-WA]
LDT=0000 00000000 0000ffff 00008200 DPL=0 LDT
TR =0000 00000000 0000ffff 00008b00 DPL=0 TSS32-busy
GDT=     0009cf70 00000047
IDT=     00f0f9c0 000007ff
CR0=00000011 CR2=00000000 CR3=00000000 CR4=00000000
DR0=0000000000000000 DR1=0000000000000000 DR2=0000000000000000 DR3=0000000000000000 
DR6=00000000ffff0ff0 DR7=0000000000000400
CCS=00000044 CCD=00000000 CCO=EFLAGS
EFER=0000000000000000
Servicing hardware INT=0x08
    54: v=08 e=0000 i=0 cpl=0 IP=0008:00000000000108bc pc=0000000000f038bc SP=0010:000000000009eab0 env->regs[R_EAX]=0000000000000000
EAX=00000000 EBX=00000c00 ECX=00010246 EDX=ff1a96c0
ESI=02fb42f0 EDI=00000c00 EBP=0009eadc ESP=0009eab0
EIP=000108bc EFL=00000246 [---Z-P-] CPL=0 II=0 A20=1 SMM=0 HLT=0
ES =0010 00ef3000 ffffffff 00cf9300 DPL=0 DS   [-WA]
CS =0008 00ef3000 ffffffff 00cf9f00 DPL=0 CS32 [CRA]
SS =0010 00ef3000 ffffffff 00cf9300 DPL=0 DS   [-WA]
DS =0010 00ef3000 ffffffff 00cf9300 DPL=0 DS   [-WA]
FS =0010 00ef3000 ffffffff 00cf9300 DPL=0 DS   [-WA]
GS =0010 00ef3000 ffffffff 00cf9300 DPL=0 DS   [-WA]
LDT=0000 00000000 0000ffff 00008200 DPL=0 LDT
TR =0000 00000000 0000ffff 00008b00 DPL=0 TSS32-busy
GDT=     0009cf70 00000047
IDT=     00f0f9c0 000007ff
CR0=00000011 CR2=00000000 CR3=00000000 CR4=00000000
DR0=0000000000000000 DR1=0000000000000000 DR2=0000000000000000 DR3=0000000000000000 
DR6=00000000ffff0ff0 DR7=0000000000000400
CCS=00000044 CCD=00000000 CCO=EFLAGS
EFER=0000000000000000
Servicing hardware INT=0x08
    55: v=08 e=0000 i=0 cpl=0 IP=0008:00000000000108bc pc=0000000000f038bc SP=0010:000000000009eab0 env->regs[R_EAX]=0000000000000000
EAX=00000000 EBX=00000c00 ECX=00010246 EDX=ff1a96c0
ESI=02fb42f0 EDI=00000c00 EBP=0009eadc ESP=0009eab0
EIP=000108bc EFL=00000246 [---Z-P-] CPL=0 II=0 A20=1 SMM=0 HLT=0
ES =0010 00ef3000 ffffffff 00cf9300 DPL=0 DS   [-WA]
CS =0008 00ef3000 ffffffff 00cf9f00 DPL=0 CS32 [CRA]
SS =0010 00ef3000 ffffffff 00cf9300 DPL=0 DS   [-WA]
DS =0010 00ef3000 ffffffff 00cf9300 DPL=0 DS   [-WA]
FS =0010 00ef3000 ffffffff 00cf9300 DPL=0 DS   [-WA]
GS =0010 00ef3000 ffffffff 00cf9300 DPL=0 DS   [-WA]
LDT=0000 00000000 0000ffff 00008200 DPL=0 LDT
TR =0000 00000000 0000ffff 00008b00 DPL=0 TSS32-busy
GDT=     0009cf70 00000047
IDT=     00f0f9c0 000007ff
CR0=00000011 CR2=00000000 CR3=00000000 CR4=00000000
DR0=0000000000000000 DR1=0000000000000000 DR2=0000000000000000 DR3=0000000000000000 
DR6=00000000ffff0ff0 DR7=0000000000000400
CCS=00000044 CCD=00000000 CCO=EFLAGS
EFER=0000000000000000
Servicing hardware INT=0x08
    56: v=08 e=0000 i=0 cpl=0 IP=0008:00000000000108bc pc=0000000000f038bc SP=0010:000000000009eab0 env->regs[R_EAX]=0000000000000000
EAX=00000000 EBX=00000c00 ECX=00010246 EDX=ff1a96c0
ESI=02fb42f0 EDI=00000c00 EBP=0009eadc ESP=0009eab0
EIP=000108bc EFL=00000246 [---Z-P-] CPL=0 II=0 A20=1 SMM=0 HLT=0
ES =0010 00ef3000 ffffffff 00cf9300 DPL=0 DS   [-WA]
CS =0008 00ef3000 ffffffff 00cf9f00 DPL=0 CS32 [CRA]
SS =0010 00ef3000 ffffffff 00cf9300 DPL=0 DS   [-WA]
DS =0010 00ef3000 ffffffff 00cf9300 DPL=0 DS   [-WA]
FS =0010 00ef3000 ffffffff 00cf9300 DPL=0 DS   [-WA]
GS =0010 00ef3000 ffffffff 00cf9300 DPL=0 DS   [-WA]
LDT=0000 00000000 0000ffff 00008200 DPL=0 LDT
TR =0000 00000000 0000ffff 00008b00 DPL=0 TSS32-busy
GDT=     0009cf70 00000047
IDT=     00f0f9c0 000007ff
CR0=00000011 CR2=00000000 CR3=00000000 CR4=00000000
DR0=0000000000000000 DR1=0000000000000000 DR2=0000000000000000 DR3=0000000000000000 
DR6=00000000ffff0ff0 DR7=0000000000000400
CCS=00000044 CCD=00000000 CCO=EFLAGS
EFER=0000000000000000
Servicing hardware INT=0x08
    57: v=08 e=0000 i=0 cpl=0 IP=0008:0000000000016ed2 pc=0000000000f09ed2 SP=0010:000000000009ea28 env->regs[R_EAX]=000000000001c8c8
EAX=0001c8c8 EBX=02fb4ef8 ECX=0001c090 EDX=0001acac
ESI=00000000 EDI=000192b8 EBP=0009ea80 ESP=0009ea28
EIP=00016ed2 EFL=00000216 [----AP-] CPL=0 II=0 A20=1 SMM=0 HLT=0
ES =0010 00ef3000 ffffffff 00cf9300 DPL=0 DS   [-WA]
CS =0008 00ef3000 ffffffff 00cf9f00 DPL=0 CS32 [CRA]
SS =0010 00ef3000 ffffffff 00cf9300 DPL=0 DS   [-WA]
DS =0010 00ef3000 ffffffff 00cf9300 DPL=0 DS   [-WA]
FS =0010 00ef3000 ffffffff 00cf9300 DPL=0 DS   [-WA]
GS =0010 00ef3000 ffffffff 00cf9300 DPL=0 DS   [-WA]
LDT=0000 00000000 0000ffff 00008200 DPL=0 LDT
TR =0000 00000000 0000ffff 00008b00 DPL=0 TSS32-busy
GDT=     0009cf70 00000047
IDT=     00f0f9c0 000007ff
CR0=00000011 CR2=00000000 CR3=00000000 CR4=00000000
DR0=0000000000000000 DR1=0000000000000000 DR2=0000000000000000 DR3=0000000000000000 
DR6=00000000ffff0ff0 DR7=0000000000000400
CCS=00000008 CCD=0009ea28 CCO=SUBL
EFER=0000000000000000
Servicing hardware INT=0x08
    58: v=08 e=0000 i=0 cpl=0 IP=0008:0000000000016ed2 pc=0000000000f09ed2 SP=0010:000000000009ea28 env->regs[R_EAX]=000000000001c8c8
EAX=0001c8c8 EBX=02fb4f30 ECX=0001c090 EDX=0001acac
ESI=00000000 EDI=000192b8 EBP=0009ea80 ESP=0009ea28
EIP=00016ed2 EFL=00000216 [----AP-] CPL=0 II=0 A20=1 SMM=0 HLT=0
ES =0010 00ef3000 ffffffff 00cf9300 DPL=0 DS   [-WA]
CS =0008 00ef3000 ffffffff 00cf9f00 DPL=0 CS32 [CRA]
SS =0010 00ef3000 ffffffff 00cf9300 DPL=0 DS   [-WA]
DS =0010 00ef3000 ffffffff 00cf9300 DPL=0 DS   [-WA]
FS =0010 00ef3000 ffffffff 00cf9300 DPL=0 DS   [-WA]
GS =0010 00ef3000 ffffffff 00cf9300 DPL=0 DS   [-WA]
LDT=0000 00000000 0000ffff 00008200 DPL=0 LDT
TR =0000 00000000 0000ffff 00008b00 DPL=0 TSS32-busy
GDT=     0009cf70 00000047
IDT=     00f0f9c0 000007ff
CR0=00000011 CR2=00000000 CR3=00000000 CR4=00000000
DR0=0000000000000000 DR1=0000000000000000 DR2=0000000000000000 DR3=0000000000000000 
DR6=00000000ffff0ff0 DR7=0000000000000400
CCS=00000008 CCD=0009ea28 CCO=SUBL
EFER=0000000000000000
Servicing hardware INT=0x08
    59: v=08 e=0000 i=0 cpl=0 IP=0008:0000000000016ed2 pc=0000000000f09ed2 SP=0010:000000000009ea28 env->regs[R_EAX]=000000000001c8c8
EAX=0001c8c8 EBX=02fb4f68 ECX=0001c090 EDX=0001acac
ESI=00000000 EDI=000192b8 EBP=0009ea80 ESP=0009ea28
EIP=00016ed2 EFL=00000216 [----AP-] CPL=0 II=0 A20=1 SMM=0 HLT=0
ES =0010 00ef3000 ffffffff 00cf9300 DPL=0 DS   [-WA]
CS =0008 00ef3000 ffffffff 00cf9f00 DPL=0 CS32 [CRA]
SS =0010 00ef3000 ffffffff 00cf9300 DPL=0 DS   [-WA]
DS =0010 00ef3000 ffffffff 00cf9300 DPL=0 DS   [-WA]
FS =0010 00ef3000 ffffffff 00cf9300 DPL=0 DS   [-WA]
GS =0010 00ef3000 ffffffff 00cf9300 DPL=0 DS   [-WA]
LDT=0000 00000000 0000ffff 00008200 DPL=0 LDT
TR =0000 00000000 0000ffff 00008b00 DPL=0 TSS32-busy
GDT=     0009cf70 00000047
IDT=     00f0f9c0 000007ff
CR0=00000011 CR2=00000000 CR3=00000000 CR4=00000000
DR0=0000000000000000 DR1=0000000000000000 DR2=0000000000000000 DR3=0000000000000000 
DR6=00000000ffff0ff0 DR7=0000000000000400
CCS=00000008 CCD=0009ea28 CCO=SUBL
EFER=0000000000000000
Servicing hardware INT=0x08
    60: v=08 e=0000 i=0 cpl=0 IP=0008:0000000000016ed2 pc=0000000000f09ed2 SP=0010:000000000009ea28 env->regs[R_EAX]=000000000001c8c8
EAX=0001c8c8 EBX=02fb4fa0 ECX=0001c090 EDX=0001acac
ESI=00000000 EDI=000192b8 EBP=0009ea80 ESP=0009ea28
EIP=00016ed2 EFL=00000216 [----AP-] CPL=0 II=0 A20=1 SMM=0 HLT=0
ES =0010 00ef3000 ffffffff 00cf9300 DPL=0 DS   [-WA]
CS =0008 00ef3000 ffffffff 00cf9f00 DPL=0 CS32 [CRA]
SS =0010 00ef3000 ffffffff 00cf9300 DPL=0 DS   [-WA]
DS =0010 00ef3000 ffffffff 00cf9300 DPL=0 DS   [-WA]
FS =0010 00ef3000 ffffffff 00cf9300 DPL=0 DS   [-WA]
GS =0010 00ef3000 ffffffff 00cf9300 DPL=0 DS   [-WA]
LDT=0000 00000000 0000ffff 00008200 DPL=0 LDT
TR =0000 00000000 0000ffff 00008b00 DPL=0 TSS32-busy
GDT=     0009cf70 00000047
IDT=     00f0f9c0 000007ff
CR0=00000011 CR2=00000000 CR3=00000000 CR4=00000000
DR0=0000000000000000 DR1=0000000000000000 DR2=0000000000000000 DR3=0000000000000000 
DR6=00000000ffff0ff0 DR7=0000000000000400
CCS=00000008 CCD=0009ea28 CCO=SUBL
EFER=0000000000000000
Servicing hardware INT=0x08
    61: v=08 e=0000 i=0 cpl=0 IP=0008:0000000000016ed2 pc=0000000000f09ed2 SP=0010:000000000009ea28 env->regs[R_EAX]=000000000001c8c8
EAX=0001c8c8 EBX=02fb4fd8 ECX=0001c090 EDX=0001acac
ESI=00000000 EDI=000192b8 EBP=0009ea80 ESP=0009ea28
EIP=00016ed2 EFL=00000216 [----AP-] CPL=0 II=0 A20=1 SMM=0 HLT=0
ES =0010 00ef3000 ffffffff 00cf9300 DPL=0 DS   [-WA]
CS =0008 00ef3000 ffffffff 00cf9f00 DPL=0 CS32 [CRA]
SS =0010 00ef3000 ffffffff 00cf9300 DPL=0 DS   [-WA]
DS =0010 00ef3000 ffffffff 00cf9300 DPL=0 DS   [-WA]
FS =0010 00ef3000 ffffffff 00cf9300 DPL=0 DS   [-WA]
GS =0010 00ef3000 ffffffff 00cf9300 DPL=0 DS   [-WA]
LDT=0000 00000000 0000ffff 00008200 DPL=0 LDT
TR =0000 00000000 0000ffff 00008b00 DPL=0 TSS32-busy
GDT=     0009cf70 00000047
IDT=     00f0f9c0 000007ff
CR0=00000011 CR2=00000000 CR3=00000000 CR4=00000000
DR0=0000000000000000 DR1=0000000000000000 DR2=0000000000000000 DR3=0000000000000000 
DR6=00000000ffff0ff0 DR7=0000000000000400
CCS=00000008 CCD=0009ea28 CCO=SUBL
EFER=0000000000000000
Servicing hardware INT=0x08
    62: v=08 e=0000 i=0 cpl=0 IP=0008:0000000000016ed2 pc=0000000000f09ed2 SP=0010:000000000009ea28 env->regs[R_EAX]=000000000001c8c8
EAX=0001c8c8 EBX=02fb5010 ECX=0001c090 EDX=0001acac
ESI=00000000 EDI=000192b8 EBP=0009ea80 ESP=0009ea28
EIP=00016ed2 EFL=00000216 [----AP-] CPL=0 II=0 A20=1 SMM=0 HLT=0
ES =0010 00ef3000 ffffffff 00cf9300 DPL=0 DS   [-WA]
CS =0008 00ef3000 ffffffff 00cf9f00 DPL=0 CS32 [CRA]
SS =0010 00ef3000 ffffffff 00cf9300 DPL=0 DS   [-WA]
DS =0010 00ef3000 ffffffff 00cf9300 DPL=0 DS   [-WA]
FS =0010 00ef3000 ffffffff 00cf9300 DPL=0 DS   [-WA]
GS =0010 00ef3000 ffffffff 00cf9300 DPL=0 DS   [-WA]
LDT=0000 00000000 0000ffff 00008200 DPL=0 LDT
TR =0000 00000000 0000ffff 00008b00 DPL=0 TSS32-busy
GDT=     0009cf70 00000047
IDT=     00f0f9c0 000007ff
CR0=00000011 CR2=00000000 CR3=00000000 CR4=00000000
DR0=0000000000000000 DR1=0000000000000000 DR2=0000000000000000 DR3=0000000000000000 
DR6=00000000ffff0ff0 DR7=0000000000000400
CCS=00000008 CCD=0009ea28 CCO=SUBL
EFER=0000000000000000
Servicing hardware INT=0x08
    63: v=08 e=0000 i=0 cpl=0 IP=0008:0000000000016ed2 pc=0000000000f09ed2 SP=0010:000000000009ea28 env->regs[R_EAX]=000000000001c8c8
EAX=0001c8c8 EBX=02fb5048 ECX=0001c090 EDX=0001acac
ESI=00000000 EDI=000192b8 EBP=0009ea80 ESP=0009ea28
EIP=00016ed2 EFL=00000216 [----AP-] CPL=0 II=0 A20=1 SMM=0 HLT=0
ES =0010 00ef3000 ffffffff 00cf9300 DPL=0 DS   [-WA]
CS =0008 00ef3000 ffffffff 00cf9f00 DPL=0 CS32 [CRA]
SS =0010 00ef3000 ffffffff 00cf9300 DPL=0 DS   [-WA]
DS =0010 00ef3000 ffffffff 00cf9300 DPL=0 DS   [-WA]
FS =0010 00ef3000 ffffffff 00cf9300 DPL=0 DS   [-WA]
GS =0010 00ef3000 ffffffff 00cf9300 DPL=0 DS   [-WA]
LDT=0000 00000000 0000ffff 00008200 DPL=0 LDT
TR =0000 00000000 0000ffff 00008b00 DPL=0 TSS32-busy
GDT=     0009cf70 00000047
IDT=     00f0f9c0 000007ff
CR0=00000011 CR2=00000000 CR3=00000000 CR4=00000000
DR0=0000000000000000 DR1=0000000000000000 DR2=0000000000000000 DR3=0000000000000000 
DR6=00000000ffff0ff0 DR7=0000000000000400
CCS=00000008 CCD=0009ea28 CCO=SUBL
EFER=0000000000000000
Servicing hardware INT=0x08
    64: v=08 e=0000 i=0 cpl=0 IP=0008:0000000000016ed2 pc=0000000000f09ed2 SP=0010:000000000009ea28 env->regs[R_EAX]=000000000001c8c8
EAX=0001c8c8 EBX=02fb5080 ECX=0001c090 EDX=0001acac
ESI=00000000 EDI=000192b8 EBP=0009ea80 ESP=0009ea28
EIP=00016ed2 EFL=00000216 [----AP-] CPL=0 II=0 A20=1 SMM=0 HLT=0
ES =0010 00ef3000 ffffffff 00cf9300 DPL=0 DS   [-WA]
CS =0008 00ef3000 ffffffff 00cf9f00 DPL=0 CS32 [CRA]
SS =0010 00ef3000 ffffffff 00cf9300 DPL=0 DS   [-WA]
DS =0010 00ef3000 ffffffff 00cf9300 DPL=0 DS   [-WA]
FS =0010 00ef3000 ffffffff 00cf9300 DPL=0 DS   [-WA]
GS =0010 00ef3000 ffffffff 00cf9300 DPL=0 DS   [-WA]
LDT=0000 00000000 0000ffff 00008200 DPL=0 LDT
TR =0000 00000000 0000ffff 00008b00 DPL=0 TSS32-busy
GDT=     0009cf70 00000047
IDT=     00f0f9c0 000007ff
CR0=00000011 CR2=00000000 CR3=00000000 CR4=00000000
DR0=0000000000000000 DR1=0000000000000000 DR2=0000000000000000 DR3=0000000000000000 
DR6=00000000ffff0ff0 DR7=0000000000000400
CCS=00000008 CCD=0009ea28 CCO=SUBL
EFER=0000000000000000
Servicing hardware INT=0x08
    65: v=08 e=0000 i=0 cpl=0 IP=0008:0000000000016ed2 pc=0000000000f09ed2 SP=0010:000000000009ea28 env->regs[R_EAX]=000000000001c8c8
EAX=0001c8c8 EBX=02fb50b8 ECX=0001c090 EDX=0001acac
ESI=00000000 EDI=000192b8 EBP=0009ea80 ESP=0009ea28
EIP=00016ed2 EFL=00000216 [----AP-] CPL=0 II=0 A20=1 SMM=0 HLT=0
ES =0010 00ef3000 ffffffff 00cf9300 DPL=0 DS   [-WA]
CS =0008 00ef3000 ffffffff 00cf9f00 DPL=0 CS32 [CRA]
SS =0010 00ef3000 ffffffff 00cf9300 DPL=0 DS   [-WA]
DS =0010 00ef3000 ffffffff 00cf9300 DPL=0 DS   [-WA]
FS =0010 00ef3000 ffffffff 00cf9300 DPL=0 DS   [-WA]
GS =0010 00ef3000 ffffffff 00cf9300 DPL=0 DS   [-WA]
LDT=0000 00000000 0000ffff 00008200 DPL=0 LDT
TR =0000 00000000 0000ffff 00008b00 DPL=0 TSS32-busy
GDT=     0009cf70 00000047
IDT=     00f0f9c0 000007ff
CR0=00000011 CR2=00000000 CR3=00000000 CR4=00000000
DR0=0000000000000000 DR1=0000000000000000 DR2=0000000000000000 DR3=0000000000000000 
DR6=00000000ffff0ff0 DR7=0000000000000400
CCS=00000008 CCD=0009ea28 CCO=SUBL
EFER=0000000000000000
Servicing hardware INT=0x08
    66: v=08 e=0000 i=0 cpl=0 IP=0008:0000000000016ed2 pc=0000000000f09ed2 SP=0010:000000000009ea28 env->regs[R_EAX]=000000000001c8c8
EAX=0001c8c8 EBX=02fb50f0 ECX=0001c090 EDX=0001acac
ESI=00000000 EDI=000192b8 EBP=0009ea80 ESP=0009ea28
EIP=00016ed2 EFL=00000216 [----AP-] CPL=0 II=0 A20=1 SMM=0 HLT=0
ES =0010 00ef3000 ffffffff 00cf9300 DPL=0 DS   [-WA]
CS =0008 00ef3000 ffffffff 00cf9f00 DPL=0 CS32 [CRA]
SS =0010 00ef3000 ffffffff 00cf9300 DPL=0 DS   [-WA]
DS =0010 00ef3000 ffffffff 00cf9300 DPL=0 DS   [-WA]
FS =0010 00ef3000 ffffffff 00cf9300 DPL=0 DS   [-WA]
GS =0010 00ef3000 ffffffff 00cf9300 DPL=0 DS   [-WA]
LDT=0000 00000000 0000ffff 00008200 DPL=0 LDT
TR =0000 00000000 0000ffff 00008b00 DPL=0 TSS32-busy
GDT=     0009cf70 00000047
IDT=     00f0f9c0 000007ff
CR0=00000011 CR2=00000000 CR3=00000000 CR4=00000000
DR0=0000000000000000 DR1=0000000000000000 DR2=0000000000000000 DR3=0000000000000000 
DR6=00000000ffff0ff0 DR7=0000000000000400
CCS=00000008 CCD=0009ea28 CCO=SUBL
EFER=0000000000000000
Servicing hardware INT=0x08
    67: v=08 e=0000 i=0 cpl=0 IP=0008:0000000000016ed2 pc=0000000000f09ed2 SP=0010:000000000009ea28 env->regs[R_EAX]=000000000001c8c8
EAX=0001c8c8 EBX=02fb5128 ECX=0001c090 EDX=0001acac
ESI=00000000 EDI=000192b8 EBP=0009ea80 ESP=0009ea28
EIP=00016ed2 EFL=00000216 [----AP-] CPL=0 II=0 A20=1 SMM=0 HLT=0
ES =0010 00ef3000 ffffffff 00cf9300 DPL=0 DS   [-WA]
CS =0008 00ef3000 ffffffff 00cf9f00 DPL=0 CS32 [CRA]
SS =0010 00ef3000 ffffffff 00cf9300 DPL=0 DS   [-WA]
DS =0010 00ef3000 ffffffff 00cf9300 DPL=0 DS   [-WA]
FS =0010 00ef3000 ffffffff 00cf9300 DPL=0 DS   [-WA]
GS =0010 00ef3000 ffffffff 00cf9300 DPL=0 DS   [-WA]
LDT=0000 00000000 0000ffff 00008200 DPL=0 LDT
TR =0000 00000000 0000ffff 00008b00 DPL=0 TSS32-busy
GDT=     0009cf70 00000047
IDT=     00f0f9c0 000007ff
CR0=00000011 CR2=00000000 CR3=00000000 CR4=00000000
DR0=0000000000000000 DR1=0000000000000000 DR2=0000000000000000 DR3=0000000000000000 
DR6=00000000ffff0ff0 DR7=0000000000000400
CCS=00000008 CCD=0009ea28 CCO=SUBL
EFER=0000000000000000
Servicing hardware INT=0x08
    68: v=08 e=0000 i=0 cpl=0 IP=0008:0000000000016ed2 pc=0000000000f09ed2 SP=0010:000000000009ea28 env->regs[R_EAX]=000000000001c8c8
EAX=0001c8c8 EBX=02fb5160 ECX=0001c090 EDX=0001acac
ESI=00000000 EDI=000192b8 EBP=0009ea80 ESP=0009ea28
EIP=00016ed2 EFL=00000216 [----AP-] CPL=0 II=0 A20=1 SMM=0 HLT=0
ES =0010 00ef3000 ffffffff 00cf9300 DPL=0 DS   [-WA]
CS =0008 00ef3000 ffffffff 00cf9f00 DPL=0 CS32 [CRA]
SS =0010 00ef3000 ffffffff 00cf9300 DPL=0 DS   [-WA]
DS =0010 00ef3000 ffffffff 00cf9300 DPL=0 DS   [-WA]
FS =0010 00ef3000 ffffffff 00cf9300 DPL=0 DS   [-WA]
GS =0010 00ef3000 ffffffff 00cf9300 DPL=0 DS   [-WA]
LDT=0000 00000000 0000ffff 00008200 DPL=0 LDT
TR =0000 00000000 0000ffff 00008b00 DPL=0 TSS32-busy
GDT=     0009cf70 00000047
IDT=     00f0f9c0 000007ff
CR0=00000011 CR2=00000000 CR3=00000000 CR4=00000000
DR0=0000000000000000 DR1=0000000000000000 DR2=0000000000000000 DR3=0000000000000000 
DR6=00000000ffff0ff0 DR7=0000000000000400
CCS=00000008 CCD=0009ea28 CCO=SUBL
EFER=0000000000000000
Servicing hardware INT=0x08
    69: v=08 e=0000 i=0 cpl=0 IP=0008:0000000000016ed2 pc=0000000000f09ed2 SP=0010:000000000009ea28 env->regs[R_EAX]=000000000001c8c8
EAX=0001c8c8 EBX=02fb5198 ECX=0001c090 EDX=0001acac
ESI=00000000 EDI=000192b8 EBP=0009ea80 ESP=0009ea28
EIP=00016ed2 EFL=00000216 [----AP-] CPL=0 II=0 A20=1 SMM=0 HLT=0
ES =0010 00ef3000 ffffffff 00cf9300 DPL=0 DS   [-WA]
CS =0008 00ef3000 ffffffff 00cf9f00 DPL=0 CS32 [CRA]
SS =0010 00ef3000 ffffffff 00cf9300 DPL=0 DS   [-WA]
DS =0010 00ef3000 ffffffff 00cf9300 DPL=0 DS   [-WA]
FS =0010 00ef3000 ffffffff 00cf9300 DPL=0 DS   [-WA]
GS =0010 00ef3000 ffffffff 00cf9300 DPL=0 DS   [-WA]
LDT=0000 00000000 0000ffff 00008200 DPL=0 LDT
TR =0000 00000000 0000ffff 00008b00 DPL=0 TSS32-busy
GDT=     0009cf70 00000047
IDT=     00f0f9c0 000007ff
CR0=00000011 CR2=00000000 CR3=00000000 CR4=00000000
DR0=0000000000000000 DR1=0000000000000000 DR2=0000000000000000 DR3=0000000000000000 
DR6=00000000ffff0ff0 DR7=0000000000000400
CCS=00000008 CCD=0009ea28 CCO=SUBL
EFER=0000000000000000
Servicing hardware INT=0x08
    70: v=08 e=0000 i=0 cpl=0 IP=0008:0000000000016ed2 pc=0000000000f09ed2 SP=0010:000000000009ea28 env->regs[R_EAX]=000000000001c8c8
EAX=0001c8c8 EBX=02fb51d0 ECX=0001c090 EDX=0001acac
ESI=00000000 EDI=000192b8 EBP=0009ea80 ESP=0009ea28
EIP=00016ed2 EFL=00000216 [----AP-] CPL=0 II=0 A20=1 SMM=0 HLT=0
ES =0010 00ef3000 ffffffff 00cf9300 DPL=0 DS   [-WA]
CS =0008 00ef3000 ffffffff 00cf9f00 DPL=0 CS32 [CRA]
SS =0010 00ef3000 ffffffff 00cf9300 DPL=0 DS   [-WA]
DS =0010 00ef3000 ffffffff 00cf9300 DPL=0 DS   [-WA]
FS =0010 00ef3000 ffffffff 00cf9300 DPL=0 DS   [-WA]
GS =0010 00ef3000 ffffffff 00cf9300 DPL=0 DS   [-WA]
LDT=0000 00000000 0000ffff 00008200 DPL=0 LDT
TR =0000 00000000 0000ffff 00008b00 DPL=0 TSS32-busy
GDT=     0009cf70 00000047
IDT=     00f0f9c0 000007ff
CR0=00000011 CR2=00000000 CR3=00000000 CR4=00000000
DR0=0000000000000000 DR1=0000000000000000 DR2=0000000000000000 DR3=0000000000000000 
DR6=00000000ffff0ff0 DR7=0000000000000400
CCS=00000008 CCD=0009ea28 CCO=SUBL
EFER=0000000000000000
Servicing hardware INT=0x08
    71: v=08 e=0000 i=0 cpl=0 IP=0008:0000000000016ed2 pc=0000000000f09ed2 SP=0010:000000000009ea28 env->regs[R_EAX]=000000000001c8c8
EAX=0001c8c8 EBX=02fb5208 ECX=0001c090 EDX=0001acac
ESI=00000000 EDI=000192b8 EBP=0009ea80 ESP=0009ea28
EIP=00016ed2 EFL=00000216 [----AP-] CPL=0 II=0 A20=1 SMM=0 HLT=0
ES =0010 00ef3000 ffffffff 00cf9300 DPL=0 DS   [-WA]
CS =0008 00ef3000 ffffffff 00cf9f00 DPL=0 CS32 [CRA]
SS =0010 00ef3000 ffffffff 00cf9300 DPL=0 DS   [-WA]
DS =0010 00ef3000 ffffffff 00cf9300 DPL=0 DS   [-WA]
FS =0010 00ef3000 ffffffff 00cf9300 DPL=0 DS   [-WA]
GS =0010 00ef3000 ffffffff 00cf9300 DPL=0 DS   [-WA]
LDT=0000 00000000 0000ffff 00008200 DPL=0 LDT
TR =0000 00000000 0000ffff 00008b00 DPL=0 TSS32-busy
GDT=     0009cf70 00000047
IDT=     00f0f9c0 000007ff
CR0=00000011 CR2=00000000 CR3=00000000 CR4=00000000
DR0=0000000000000000 DR1=0000000000000000 DR2=0000000000000000 DR3=0000000000000000 
DR6=00000000ffff0ff0 DR7=0000000000000400
CCS=00000008 CCD=0009ea28 CCO=SUBL
EFER=0000000000000000
Servicing hardware INT=0x08
    72: v=08 e=0000 i=0 cpl=0 IP=0008:0000000000016ed2 pc=0000000000f09ed2 SP=0010:000000000009ea28 env->regs[R_EAX]=000000000001c8c8
EAX=0001c8c8 EBX=02fb5240 ECX=0001c090 EDX=0001acac
ESI=00000000 EDI=000192b8 EBP=0009ea80 ESP=0009ea28
EIP=00016ed2 EFL=00000216 [----AP-] CPL=0 II=0 A20=1 SMM=0 HLT=0
ES =0010 00ef3000 ffffffff 00cf9300 DPL=0 DS   [-WA]
CS =0008 00ef3000 ffffffff 00cf9f00 DPL=0 CS32 [CRA]
SS =0010 00ef3000 ffffffff 00cf9300 DPL=0 DS   [-WA]
DS =0010 00ef3000 ffffffff 00cf9300 DPL=0 DS   [-WA]
FS =0010 00ef3000 ffffffff 00cf9300 DPL=0 DS   [-WA]
GS =0010 00ef3000 ffffffff 00cf9300 DPL=0 DS   [-WA]
LDT=0000 00000000 0000ffff 00008200 DPL=0 LDT
TR =0000 00000000 0000ffff 00008b00 DPL=0 TSS32-busy
GDT=     0009cf70 00000047
IDT=     00f0f9c0 000007ff
CR0=00000011 CR2=00000000 CR3=00000000 CR4=00000000
DR0=0000000000000000 DR1=0000000000000000 DR2=0000000000000000 DR3=0000000000000000 
DR6=00000000ffff0ff0 DR7=0000000000000400
CCS=00000008 CCD=0009ea28 CCO=SUBL
EFER=0000000000000000
Servicing hardware INT=0x08
    73: v=08 e=0000 i=0 cpl=0 IP=0008:0000000000016ed2 pc=0000000000f09ed2 SP=0010:000000000009ea28 env->regs[R_EAX]=000000000001c8c8
EAX=0001c8c8 EBX=02fb5278 ECX=0001c090 EDX=0001acac
ESI=00000000 EDI=000192b8 EBP=0009ea80 ESP=0009ea28
EIP=00016ed2 EFL=00000216 [----AP-] CPL=0 II=0 A20=1 SMM=0 HLT=0
ES =0010 00ef3000 ffffffff 00cf9300 DPL=0 DS   [-WA]
CS =0008 00ef3000 ffffffff 00cf9f00 DPL=0 CS32 [CRA]
SS =0010 00ef3000 ffffffff 00cf9300 DPL=0 DS   [-WA]
DS =0010 00ef3000 ffffffff 00cf9300 DPL=0 DS   [-WA]
FS =0010 00ef3000 ffffffff 00cf9300 DPL=0 DS   [-WA]
GS =0010 00ef3000 ffffffff 00cf9300 DPL=0 DS   [-WA]
LDT=0000 00000000 0000ffff 00008200 DPL=0 LDT
TR =0000 00000000 0000ffff 00008b00 DPL=0 TSS32-busy
GDT=     0009cf70 00000047
IDT=     00f0f9c0 000007ff
CR0=00000011 CR2=00000000 CR3=00000000 CR4=00000000
DR0=0000000000000000 DR1=0000000000000000 DR2=0000000000000000 DR3=0000000000000000 
DR6=00000000ffff0ff0 DR7=0000000000000400
CCS=00000008 CCD=0009ea28 CCO=SUBL
EFER=0000000000000000
Servicing hardware INT=0x08
    74: v=08 e=0000 i=0 cpl=0 IP=0008:0000000000016ed2 pc=0000000000f09ed2 SP=0010:000000000009ea28 env->regs[R_EAX]=000000000001c8c8
EAX=0001c8c8 EBX=02fb52b0 ECX=0001c090 EDX=0001acac
ESI=00000000 EDI=000192b8 EBP=0009ea80 ESP=0009ea28
EIP=00016ed2 EFL=00000216 [----AP-] CPL=0 II=0 A20=1 SMM=0 HLT=0
ES =0010 00ef3000 ffffffff 00cf9300 DPL=0 DS   [-WA]
CS =0008 00ef3000 ffffffff 00cf9f00 DPL=0 CS32 [CRA]
SS =0010 00ef3000 ffffffff 00cf9300 DPL=0 DS   [-WA]
DS =0010 00ef3000 ffffffff 00cf9300 DPL=0 DS   [-WA]
FS =0010 00ef3000 ffffffff 00cf9300 DPL=0 DS   [-WA]
GS =0010 00ef3000 ffffffff 00cf9300 DPL=0 DS   [-WA]
LDT=0000 00000000 0000ffff 00008200 DPL=0 LDT
TR =0000 00000000 0000ffff 00008b00 DPL=0 TSS32-busy
GDT=     0009cf70 00000047
IDT=     00f0f9c0 000007ff
CR0=00000011 CR2=00000000 CR3=00000000 CR4=00000000
DR0=0000000000000000 DR1=0000000000000000 DR2=0000000000000000 DR3=0000000000000000 
DR6=00000000ffff0ff0 DR7=0000000000000400
CCS=00000008 CCD=0009ea28 CCO=SUBL
EFER=0000000000000000
Servicing hardware INT=0x08
    75: v=08 e=0000 i=0 cpl=0 IP=0008:0000000000016ed2 pc=0000000000f09ed2 SP=0010:000000000009ea28 env->regs[R_EAX]=000000000001c8c8
EAX=0001c8c8 EBX=02fb52e8 ECX=0001c090 EDX=0001acac
ESI=00000000 EDI=000192b8 EBP=0009ea80 ESP=0009ea28
EIP=00016ed2 EFL=00000216 [----AP-] CPL=0 II=0 A20=1 SMM=0 HLT=0
ES =0010 00ef3000 ffffffff 00cf9300 DPL=0 DS   [-WA]
CS =0008 00ef3000 ffffffff 00cf9f00 DPL=0 CS32 [CRA]
SS =0010 00ef3000 ffffffff 00cf9300 DPL=0 DS   [-WA]
DS =0010 00ef3000 ffffffff 00cf9300 DPL=0 DS   [-WA]
FS =0010 00ef3000 ffffffff 00cf9300 DPL=0 DS   [-WA]
GS =0010 00ef3000 ffffffff 00cf9300 DPL=0 DS   [-WA]
LDT=0000 00000000 0000ffff 00008200 DPL=0 LDT
TR =0000 00000000 0000ffff 00008b00 DPL=0 TSS32-busy
GDT=     0009cf70 00000047
IDT=     00f0f9c0 000007ff
CR0=00000011 CR2=00000000 CR3=00000000 CR4=00000000
DR0=0000000000000000 DR1=0000000000000000 DR2=0000000000000000 DR3=0000000000000000 
DR6=00000000ffff0ff0 DR7=0000000000000400
CCS=00000008 CCD=0009ea28 CCO=SUBL
EFER=0000000000000000
Servicing hardware INT=0x08
    76: v=08 e=0000 i=0 cpl=0 IP=0008:0000000000016ed2 pc=0000000000f09ed2 SP=0010:000000000009ea28 env->regs[R_EAX]=000000000001c8c8
EAX=0001c8c8 EBX=02fb5320 ECX=0001c090 EDX=0001acac
ESI=00000000 EDI=000192b8 EBP=0009ea80 ESP=0009ea28
EIP=00016ed2 EFL=00000216 [----AP-] CPL=0 II=0 A20=1 SMM=0 HLT=0
ES =0010 00ef3000 ffffffff 00cf9300 DPL=0 DS   [-WA]
CS =0008 00ef3000 ffffffff 00cf9f00 DPL=0 CS32 [CRA]
SS =0010 00ef3000 ffffffff 00cf9300 DPL=0 DS   [-WA]
DS =0010 00ef3000 ffffffff 00cf9300 DPL=0 DS   [-WA]
FS =0010 00ef3000 ffffffff 00cf9300 DPL=0 DS   [-WA]
GS =0010 00ef3000 ffffffff 00cf9300 DPL=0 DS   [-WA]
LDT=0000 00000000 0000ffff 00008200 DPL=0 LDT
TR =0000 00000000 0000ffff 00008b00 DPL=0 TSS32-busy
GDT=     0009cf70 00000047
IDT=     00f0f9c0 000007ff
CR0=00000011 CR2=00000000 CR3=00000000 CR4=00000000
DR0=0000000000000000 DR1=0000000000000000 DR2=0000000000000000 DR3=0000000000000000 
DR6=00000000ffff0ff0 DR7=0000000000000400
CCS=00000008 CCD=0009ea28 CCO=SUBL
EFER=0000000000000000
Servicing hardware INT=0x08
    77: v=08 e=0000 i=0 cpl=0 IP=0008:0000000000016ed2 pc=0000000000f09ed2 SP=0010:000000000009ea28 env->regs[R_EAX]=000000000001c8c8
EAX=0001c8c8 EBX=02fb5358 ECX=0001c090 EDX=0001acac
ESI=00000000 EDI=000192b8 EBP=0009ea80 ESP=0009ea28
EIP=00016ed2 EFL=00000216 [----AP-] CPL=0 II=0 A20=1 SMM=0 HLT=0
ES =0010 00ef3000 ffffffff 00cf9300 DPL=0 DS   [-WA]
CS =0008 00ef3000 ffffffff 00cf9f00 DPL=0 CS32 [CRA]
SS =0010 00ef3000 ffffffff 00cf9300 DPL=0 DS   [-WA]
DS =0010 00ef3000 ffffffff 00cf9300 DPL=0 DS   [-WA]
FS =0010 00ef3000 ffffffff 00cf9300 DPL=0 DS   [-WA]
GS =0010 00ef3000 ffffffff 00cf9300 DPL=0 DS   [-WA]
LDT=0000 00000000 0000ffff 00008200 DPL=0 LDT
TR =0000 00000000 0000ffff 00008b00 DPL=0 TSS32-busy
GDT=     0009cf70 00000047
IDT=     00f0f9c0 000007ff
CR0=00000011 CR2=00000000 CR3=00000000 CR4=00000000
DR0=0000000000000000 DR1=0000000000000000 DR2=0000000000000000 DR3=0000000000000000 
DR6=00000000ffff0ff0 DR7=0000000000000400
CCS=00000008 CCD=0009ea28 CCO=SUBL
EFER=0000000000000000
Servicing hardware INT=0x08
    78: v=08 e=0000 i=0 cpl=0 IP=0008:0000000000016ed2 pc=0000000000f09ed2 SP=0010:000000000009ea28 env->regs[R_EAX]=000000000001c8c8
EAX=0001c8c8 EBX=02fb5390 ECX=0001c090 EDX=0001acac
ESI=00000000 EDI=000192b8 EBP=0009ea80 ESP=0009ea28
EIP=00016ed2 EFL=00000216 [----AP-] CPL=0 II=0 A20=1 SMM=0 HLT=0
ES =0010 00ef3000 ffffffff 00cf9300 DPL=0 DS   [-WA]
CS =0008 00ef3000 ffffffff 00cf9f00 DPL=0 CS32 [CRA]
SS =0010 00ef3000 ffffffff 00cf9300 DPL=0 DS   [-WA]
DS =0010 00ef3000 ffffffff 00cf9300 DPL=0 DS   [-WA]
FS =0010 00ef3000 ffffffff 00cf9300 DPL=0 DS   [-WA]
GS =0010 00ef3000 ffffffff 00cf9300 DPL=0 DS   [-WA]
LDT=0000 00000000 0000ffff 00008200 DPL=0 LDT
TR =0000 00000000 0000ffff 00008b00 DPL=0 TSS32-busy
GDT=     0009cf70 00000047
IDT=     00f0f9c0 000007ff
CR0=00000011 CR2=00000000 CR3=00000000 CR4=00000000
DR0=0000000000000000 DR1=0000000000000000 DR2=0000000000000000 DR3=0000000000000000 
DR6=00000000ffff0ff0 DR7=0000000000000400
CCS=00000008 CCD=0009ea28 CCO=SUBL
EFER=0000000000000000
Servicing hardware INT=0x08
    79: v=08 e=0000 i=0 cpl=0 IP=0008:0000000000016ed2 pc=0000000000f09ed2 SP=0010:000000000009ea28 env->regs[R_EAX]=000000000001c8c8
EAX=0001c8c8 EBX=02fb53c8 ECX=0001c090 EDX=0001acac
ESI=00000000 EDI=000192b8 EBP=0009ea80 ESP=0009ea28
EIP=00016ed2 EFL=00000216 [----AP-] CPL=0 II=0 A20=1 SMM=0 HLT=0
ES =0010 00ef3000 ffffffff 00cf9300 DPL=0 DS   [-WA]
CS =0008 00ef3000 ffffffff 00cf9f00 DPL=0 CS32 [CRA]
SS =0010 00ef3000 ffffffff 00cf9300 DPL=0 DS   [-WA]
DS =0010 00ef3000 ffffffff 00cf9300 DPL=0 DS   [-WA]
FS =0010 00ef3000 ffffffff 00cf9300 DPL=0 DS   [-WA]
GS =0010 00ef3000 ffffffff 00cf9300 DPL=0 DS   [-WA]
LDT=0000 00000000 0000ffff 00008200 DPL=0 LDT
TR =0000 00000000 0000ffff 00008b00 DPL=0 TSS32-busy
GDT=     0009cf70 00000047
IDT=     00f0f9c0 000007ff
CR0=00000011 CR2=00000000 CR3=00000000 CR4=00000000
DR0=0000000000000000 DR1=0000000000000000 DR2=0000000000000000 DR3=0000000000000000 
DR6=00000000ffff0ff0 DR7=0000000000000400
CCS=00000008 CCD=0009ea28 CCO=SUBL
EFER=0000000000000000
Servicing hardware INT=0x08
    80: v=08 e=0000 i=0 cpl=0 IP=0008:0000000000016ed2 pc=0000000000f09ed2 SP=0010:000000000009ea28 env->regs[R_EAX]=000000000001c8c8
EAX=0001c8c8 EBX=02fb5400 ECX=0001c090 EDX=0001acac
ESI=00000000 EDI=000192b8 EBP=0009ea80 ESP=0009ea28
EIP=00016ed2 EFL=00000216 [----AP-] CPL=0 II=0 A20=1 SMM=0 HLT=0
ES =0010 00ef3000 ffffffff 00cf9300 DPL=0 DS   [-WA]
CS =0008 00ef3000 ffffffff 00cf9f00 DPL=0 CS32 [CRA]
SS =0010 00ef3000 ffffffff 00cf9300 DPL=0 DS   [-WA]
DS =0010 00ef3000 ffffffff 00cf9300 DPL=0 DS   [-WA]
FS =0010 00ef3000 ffffffff 00cf9300 DPL=0 DS   [-WA]
GS =0010 00ef3000 ffffffff 00cf9300 DPL=0 DS   [-WA]
LDT=0000 00000000 0000ffff 00008200 DPL=0 LDT
TR =0000 00000000 0000ffff 00008b00 DPL=0 TSS32-busy
GDT=     0009cf70 00000047
IDT=     00f0f9c0 000007ff
CR0=00000011 CR2=00000000 CR3=00000000 CR4=00000000
DR0=0000000000000000 DR1=0000000000000000 DR2=0000000000000000 DR3=0000000000000000 
DR6=00000000ffff0ff0 DR7=0000000000000400
CCS=00000008 CCD=0009ea28 CCO=SUBL
EFER=0000000000000000
Servicing hardware INT=0x08
    81: v=08 e=0000 i=0 cpl=0 IP=0008:0000000000016ed2 pc=0000000000f09ed2 SP=0010:000000000009ea28 env->regs[R_EAX]=000000000001c8c8
EAX=0001c8c8 EBX=02fb5438 ECX=0001c090 EDX=0001acac
ESI=00000000 EDI=000192b8 EBP=0009ea80 ESP=0009ea28
EIP=00016ed2 EFL=00000216 [----AP-] CPL=0 II=0 A20=1 SMM=0 HLT=0
ES =0010 00ef3000 ffffffff 00cf9300 DPL=0 DS   [-WA]
CS =0008 00ef3000 ffffffff 00cf9f00 DPL=0 CS32 [CRA]
SS =0010 00ef3000 ffffffff 00cf9300 DPL=0 DS   [-WA]
DS =0010 00ef3000 ffffffff 00cf9300 DPL=0 DS   [-WA]
FS =0010 00ef3000 ffffffff 00cf9300 DPL=0 DS   [-WA]
GS =0010 00ef3000 ffffffff 00cf9300 DPL=0 DS   [-WA]
LDT=0000 00000000 0000ffff 00008200 DPL=0 LDT
TR =0000 00000000 0000ffff 00008b00 DPL=0 TSS32-busy
GDT=     0009cf70 00000047
IDT=     00f0f9c0 000007ff
CR0=00000011 CR2=00000000 CR3=00000000 CR4=00000000
DR0=0000000000000000 DR1=0000000000000000 DR2=0000000000000000 DR3=0000000000000000 
DR6=00000000ffff0ff0 DR7=0000000000000400
CCS=00000008 CCD=0009ea28 CCO=SUBL
EFER=0000000000000000
Servicing hardware INT=0x08
    82: v=08 e=0000 i=0 cpl=0 IP=0008:0000000000016ed2 pc=0000000000f09ed2 SP=0010:000000000009ea28 env->regs[R_EAX]=000000000001c8c8
EAX=0001c8c8 EBX=02fb5470 ECX=0001c090 EDX=0001acac
ESI=00000000 EDI=000192b8 EBP=0009ea80 ESP=0009ea28
EIP=00016ed2 EFL=00000216 [----AP-] CPL=0 II=0 A20=1 SMM=0 HLT=0
ES =0010 00ef3000 ffffffff 00cf9300 DPL=0 DS   [-WA]
CS =0008 00ef3000 ffffffff 00cf9f00 DPL=0 CS32 [CRA]
SS =0010 00ef3000 ffffffff 00cf9300 DPL=0 DS   [-WA]
DS =0010 00ef3000 ffffffff 00cf9300 DPL=0 DS   [-WA]
FS =0010 00ef3000 ffffffff 00cf9300 DPL=0 DS   [-WA]
GS =0010 00ef3000 ffffffff 00cf9300 DPL=0 DS   [-WA]
LDT=0000 00000000 0000ffff 00008200 DPL=0 LDT
TR =0000 00000000 0000ffff 00008b00 DPL=0 TSS32-busy
GDT=     0009cf70 00000047
IDT=     00f0f9c0 000007ff
CR0=00000011 CR2=00000000 CR3=00000000 CR4=00000000
DR0=0000000000000000 DR1=0000000000000000 DR2=0000000000000000 DR3=0000000000000000 
DR6=00000000ffff0ff0 DR7=0000000000000400
CCS=00000008 CCD=0009ea28 CCO=SUBL
EFER=0000000000000000
Servicing hardware INT=0x08
    83: v=08 e=0000 i=0 cpl=0 IP=0008:0000000000016ed2 pc=0000000000f09ed2 SP=0010:000000000009ea28 env->regs[R_EAX]=000000000001c8c8
EAX=0001c8c8 EBX=02fb54a8 ECX=0001c090 EDX=0001acac
ESI=00000000 EDI=000192b8 EBP=0009ea80 ESP=0009ea28
EIP=00016ed2 EFL=00000216 [----AP-] CPL=0 II=0 A20=1 SMM=0 HLT=0
ES =0010 00ef3000 ffffffff 00cf9300 DPL=0 DS   [-WA]
CS =0008 00ef3000 ffffffff 00cf9f00 DPL=0 CS32 [CRA]
SS =0010 00ef3000 ffffffff 00cf9300 DPL=0 DS   [-WA]
DS =0010 00ef3000 ffffffff 00cf9300 DPL=0 DS   [-WA]
FS =0010 00ef3000 ffffffff 00cf9300 DPL=0 DS   [-WA]
GS =0010 00ef3000 ffffffff 00cf9300 DPL=0 DS   [-WA]
LDT=0000 00000000 0000ffff 00008200 DPL=0 LDT
TR =0000 00000000 0000ffff 00008b00 DPL=0 TSS32-busy
GDT=     0009cf70 00000047
IDT=     00f0f9c0 000007ff
CR0=00000011 CR2=00000000 CR3=00000000 CR4=00000000
DR0=0000000000000000 DR1=0000000000000000 DR2=0000000000000000 DR3=0000000000000000 
DR6=00000000ffff0ff0 DR7=0000000000000400
CCS=00000008 CCD=0009ea28 CCO=SUBL
EFER=0000000000000000
Servicing hardware INT=0x08
    84: v=08 e=0000 i=0 cpl=0 IP=0008:0000000000016ed2 pc=0000000000f09ed2 SP=0010:000000000009ea28 env->regs[R_EAX]=000000000001c8c8
EAX=0001c8c8 EBX=02fb54e0 ECX=0001c090 EDX=0001acac
ESI=00000000 EDI=000192b8 EBP=0009ea80 ESP=0009ea28
EIP=00016ed2 EFL=00000216 [----AP-] CPL=0 II=0 A20=1 SMM=0 HLT=0
ES =0010 00ef3000 ffffffff 00cf9300 DPL=0 DS   [-WA]
CS =0008 00ef3000 ffffffff 00cf9f00 DPL=0 CS32 [CRA]
SS =0010 00ef3000 ffffffff 00cf9300 DPL=0 DS   [-WA]
DS =0010 00ef3000 ffffffff 00cf9300 DPL=0 DS   [-WA]
FS =0010 00ef3000 ffffffff 00cf9300 DPL=0 DS   [-WA]
GS =0010 00ef3000 ffffffff 00cf9300 DPL=0 DS   [-WA]
LDT=0000 00000000 0000ffff 00008200 DPL=0 LDT
TR =0000 00000000 0000ffff 00008b00 DPL=0 TSS32-busy
GDT=     0009cf70 00000047
IDT=     00f0f9c0 000007ff
CR0=00000011 CR2=00000000 CR3=00000000 CR4=00000000
DR0=0000000000000000 DR1=0000000000000000 DR2=0000000000000000 DR3=0000000000000000 
DR6=00000000ffff0ff0 DR7=0000000000000400
CCS=00000008 CCD=0009ea28 CCO=SUBL
EFER=0000000000000000
Servicing hardware INT=0x08
    85: v=08 e=0000 i=0 cpl=0 IP=0008:0000000000016ed2 pc=0000000000f09ed2 SP=0010:000000000009ea28 env->regs[R_EAX]=000000000001c8c8
EAX=0001c8c8 EBX=02fb5518 ECX=0001c090 EDX=0001acac
ESI=00000000 EDI=000192b8 EBP=0009ea80 ESP=0009ea28
EIP=00016ed2 EFL=00000216 [----AP-] CPL=0 II=0 A20=1 SMM=0 HLT=0
ES =0010 00ef3000 ffffffff 00cf9300 DPL=0 DS   [-WA]
CS =0008 00ef3000 ffffffff 00cf9f00 DPL=0 CS32 [CRA]
SS =0010 00ef3000 ffffffff 00cf9300 DPL=0 DS   [-WA]
DS =0010 00ef3000 ffffffff 00cf9300 DPL=0 DS   [-WA]
FS =0010 00ef3000 ffffffff 00cf9300 DPL=0 DS   [-WA]
GS =0010 00ef3000 ffffffff 00cf9300 DPL=0 DS   [-WA]
LDT=0000 00000000 0000ffff 00008200 DPL=0 LDT
TR =0000 00000000 0000ffff 00008b00 DPL=0 TSS32-busy
GDT=     0009cf70 00000047
IDT=     00f0f9c0 000007ff
CR0=00000011 CR2=00000000 CR3=00000000 CR4=00000000
DR0=0000000000000000 DR1=0000000000000000 DR2=0000000000000000 DR3=0000000000000000 
DR6=00000000ffff0ff0 DR7=0000000000000400
CCS=00000008 CCD=0009ea28 CCO=SUBL
EFER=0000000000000000
Servicing hardware INT=0x08
    86: v=08 e=0000 i=0 cpl=0 IP=0008:0000000000016ed2 pc=0000000000f09ed2 SP=0010:000000000009ea28 env->regs[R_EAX]=000000000001c8c8
EAX=0001c8c8 EBX=02fb5550 ECX=0001c090 EDX=0001acac
ESI=00000000 EDI=000192b8 EBP=0009ea80 ESP=0009ea28
EIP=00016ed2 EFL=00000216 [----AP-] CPL=0 II=0 A20=1 SMM=0 HLT=0
ES =0010 00ef3000 ffffffff 00cf9300 DPL=0 DS   [-WA]
CS =0008 00ef3000 ffffffff 00cf9f00 DPL=0 CS32 [CRA]
SS =0010 00ef3000 ffffffff 00cf9300 DPL=0 DS   [-WA]
DS =0010 00ef3000 ffffffff 00cf9300 DPL=0 DS   [-WA]
FS =0010 00ef3000 ffffffff 00cf9300 DPL=0 DS   [-WA]
GS =0010 00ef3000 ffffffff 00cf9300 DPL=0 DS   [-WA]
LDT=0000 00000000 0000ffff 00008200 DPL=0 LDT
TR =0000 00000000 0000ffff 00008b00 DPL=0 TSS32-busy
GDT=     0009cf70 00000047
IDT=     00f0f9c0 000007ff
CR0=00000011 CR2=00000000 CR3=00000000 CR4=00000000
DR0=0000000000000000 DR1=0000000000000000 DR2=0000000000000000 DR3=0000000000000000 
DR6=00000000ffff0ff0 DR7=0000000000000400
CCS=00000008 CCD=0009ea28 CCO=SUBL
EFER=0000000000000000
Servicing hardware INT=0x08
    87: v=08 e=0000 i=0 cpl=0 IP=0008:0000000000016ed2 pc=0000000000f09ed2 SP=0010:000000000009ea28 env->regs[R_EAX]=000000000001c8c8
EAX=0001c8c8 EBX=02fb5588 ECX=0001c090 EDX=0001acac
ESI=00000000 EDI=000192b8 EBP=0009ea80 ESP=0009ea28
EIP=00016ed2 EFL=00000216 [----AP-] CPL=0 II=0 A20=1 SMM=0 HLT=0
ES =0010 00ef3000 ffffffff 00cf9300 DPL=0 DS   [-WA]
CS =0008 00ef3000 ffffffff 00cf9f00 DPL=0 CS32 [CRA]
SS =0010 00ef3000 ffffffff 00cf9300 DPL=0 DS   [-WA]
DS =0010 00ef3000 ffffffff 00cf9300 DPL=0 DS   [-WA]
FS =0010 00ef3000 ffffffff 00cf9300 DPL=0 DS   [-WA]
GS =0010 00ef3000 ffffffff 00cf9300 DPL=0 DS   [-WA]
LDT=0000 00000000 0000ffff 00008200 DPL=0 LDT
TR =0000 00000000 0000ffff 00008b00 DPL=0 TSS32-busy
GDT=     0009cf70 00000047
IDT=     00f0f9c0 000007ff
CR0=00000011 CR2=00000000 CR3=00000000 CR4=00000000
DR0=0000000000000000 DR1=0000000000000000 DR2=0000000000000000 DR3=0000000000000000 
DR6=00000000ffff0ff0 DR7=0000000000000400
CCS=00000008 CCD=0009ea28 CCO=SUBL
EFER=0000000000000000
Servicing hardware INT=0x08
    88: v=08 e=0000 i=0 cpl=0 IP=0008:0000000000016ed2 pc=0000000000f09ed2 SP=0010:000000000009ea28 env->regs[R_EAX]=000000000001c8c8
EAX=0001c8c8 EBX=02fb55c0 ECX=0001c090 EDX=0001acac
ESI=00000000 EDI=000192b8 EBP=0009ea80 ESP=0009ea28
EIP=00016ed2 EFL=00000216 [----AP-] CPL=0 II=0 A20=1 SMM=0 HLT=0
ES =0010 00ef3000 ffffffff 00cf9300 DPL=0 DS   [-WA]
CS =0008 00ef3000 ffffffff 00cf9f00 DPL=0 CS32 [CRA]
SS =0010 00ef3000 ffffffff 00cf9300 DPL=0 DS   [-WA]
DS =0010 00ef3000 ffffffff 00cf9300 DPL=0 DS   [-WA]
FS =0010 00ef3000 ffffffff 00cf9300 DPL=0 DS   [-WA]
GS =0010 00ef3000 ffffffff 00cf9300 DPL=0 DS   [-WA]
LDT=0000 00000000 0000ffff 00008200 DPL=0 LDT
TR =0000 00000000 0000ffff 00008b00 DPL=0 TSS32-busy
GDT=     0009cf70 00000047
IDT=     00f0f9c0 000007ff
CR0=00000011 CR2=00000000 CR3=00000000 CR4=00000000
DR0=0000000000000000 DR1=0000000000000000 DR2=0000000000000000 DR3=0000000000000000 
DR6=00000000ffff0ff0 DR7=0000000000000400
CCS=00000008 CCD=0009ea28 CCO=SUBL
EFER=0000000000000000
Servicing hardware INT=0x08
    89: v=08 e=0000 i=0 cpl=0 IP=0008:0000000000016ed2 pc=0000000000f09ed2 SP=0010:000000000009ea28 env->regs[R_EAX]=000000000001c8c8
EAX=0001c8c8 EBX=02fb55f8 ECX=0001c090 EDX=0001acac
ESI=00000000 EDI=000192b8 EBP=0009ea80 ESP=0009ea28
EIP=00016ed2 EFL=00000216 [----AP-] CPL=0 II=0 A20=1 SMM=0 HLT=0
ES =0010 00ef3000 ffffffff 00cf9300 DPL=0 DS   [-WA]
CS =0008 00ef3000 ffffffff 00cf9f00 DPL=0 CS32 [CRA]
SS =0010 00ef3000 ffffffff 00cf9300 DPL=0 DS   [-WA]
DS =0010 00ef3000 ffffffff 00cf9300 DPL=0 DS   [-WA]
FS =0010 00ef3000 ffffffff 00cf9300 DPL=0 DS   [-WA]
GS =0010 00ef3000 ffffffff 00cf9300 DPL=0 DS   [-WA]
LDT=0000 00000000 0000ffff 00008200 DPL=0 LDT
TR =0000 00000000 0000ffff 00008b00 DPL=0 TSS32-busy
GDT=     0009cf70 00000047
IDT=     00f0f9c0 000007ff
CR0=00000011 CR2=00000000 CR3=00000000 CR4=00000000
DR0=0000000000000000 DR1=0000000000000000 DR2=0000000000000000 DR3=0000000000000000 
DR6=00000000ffff0ff0 DR7=0000000000000400
CCS=00000008 CCD=0009ea28 CCO=SUBL
EFER=0000000000000000
Servicing hardware INT=0x08
    90: v=08 e=0000 i=0 cpl=0 IP=0008:0000000000016ed2 pc=0000000000f09ed2 SP=0010:000000000009ea28 env->regs[R_EAX]=000000000001c8c8
EAX=0001c8c8 EBX=02fb5630 ECX=0001c090 EDX=0001acac
ESI=00000000 EDI=000192b8 EBP=0009ea80 ESP=0009ea28
EIP=00016ed2 EFL=00000216 [----AP-] CPL=0 II=0 A20=1 SMM=0 HLT=0
ES =0010 00ef3000 ffffffff 00cf9300 DPL=0 DS   [-WA]
CS =0008 00ef3000 ffffffff 00cf9f00 DPL=0 CS32 [CRA]
SS =0010 00ef3000 ffffffff 00cf9300 DPL=0 DS   [-WA]
DS =0010 00ef3000 ffffffff 00cf9300 DPL=0 DS   [-WA]
FS =0010 00ef3000 ffffffff 00cf9300 DPL=0 DS   [-WA]
GS =0010 00ef3000 ffffffff 00cf9300 DPL=0 DS   [-WA]
LDT=0000 00000000 0000ffff 00008200 DPL=0 LDT
TR =0000 00000000 0000ffff 00008b00 DPL=0 TSS32-busy
GDT=     0009cf70 00000047
IDT=     00f0f9c0 000007ff
CR0=00000011 CR2=00000000 CR3=00000000 CR4=00000000
DR0=0000000000000000 DR1=0000000000000000 DR2=0000000000000000 DR3=0000000000000000 
DR6=00000000ffff0ff0 DR7=0000000000000400
CCS=00000008 CCD=0009ea28 CCO=SUBL
EFER=0000000000000000
Servicing hardware INT=0x08
    91: v=08 e=0000 i=0 cpl=0 IP=0008:0000000000016ed2 pc=0000000000f09ed2 SP=0010:000000000009ea28 env->regs[R_EAX]=000000000001c8c8
EAX=0001c8c8 EBX=02fb5668 ECX=0001c090 EDX=0001acac
ESI=00000000 EDI=000192b8 EBP=0009ea80 ESP=0009ea28
EIP=00016ed2 EFL=00000216 [----AP-] CPL=0 II=0 A20=1 SMM=0 HLT=0
ES =0010 00ef3000 ffffffff 00cf9300 DPL=0 DS   [-WA]
CS =0008 00ef3000 ffffffff 00cf9f00 DPL=0 CS32 [CRA]
SS =0010 00ef3000 ffffffff 00cf9300 DPL=0 DS   [-WA]
DS =0010 00ef3000 ffffffff 00cf9300 DPL=0 DS   [-WA]
FS =0010 00ef3000 ffffffff 00cf9300 DPL=0 DS   [-WA]
GS =0010 00ef3000 ffffffff 00cf9300 DPL=0 DS   [-WA]
LDT=0000 00000000 0000ffff 00008200 DPL=0 LDT
TR =0000 00000000 0000ffff 00008b00 DPL=0 TSS32-busy
GDT=     0009cf70 00000047
IDT=     00f0f9c0 000007ff
CR0=00000011 CR2=00000000 CR3=00000000 CR4=00000000
DR0=0000000000000000 DR1=0000000000000000 DR2=0000000000000000 DR3=0000000000000000 
DR6=00000000ffff0ff0 DR7=0000000000000400
CCS=00000008 CCD=0009ea28 CCO=SUBL
EFER=0000000000000000
Servicing hardware INT=0x08
    92: v=08 e=0000 i=0 cpl=0 IP=0008:0000000000016ed2 pc=0000000000f09ed2 SP=0010:000000000009ea28 env->regs[R_EAX]=000000000001c8c8
EAX=0001c8c8 EBX=02fb56a0 ECX=0001c090 EDX=0001acac
ESI=00000000 EDI=000192b8 EBP=0009ea80 ESP=0009ea28
EIP=00016ed2 EFL=00000216 [----AP-] CPL=0 II=0 A20=1 SMM=0 HLT=0
ES =0010 00ef3000 ffffffff 00cf9300 DPL=0 DS   [-WA]
CS =0008 00ef3000 ffffffff 00cf9f00 DPL=0 CS32 [CRA]
SS =0010 00ef3000 ffffffff 00cf9300 DPL=0 DS   [-WA]
DS =0010 00ef3000 ffffffff 00cf9300 DPL=0 DS   [-WA]
FS =0010 00ef3000 ffffffff 00cf9300 DPL=0 DS   [-WA]
GS =0010 00ef3000 ffffffff 00cf9300 DPL=0 DS   [-WA]
LDT=0000 00000000 0000ffff 00008200 DPL=0 LDT
TR =0000 00000000 0000ffff 00008b00 DPL=0 TSS32-busy
GDT=     0009cf70 00000047
IDT=     00f0f9c0 000007ff
CR0=00000011 CR2=00000000 CR3=00000000 CR4=00000000
DR0=0000000000000000 DR1=0000000000000000 DR2=0000000000000000 DR3=0000000000000000 
DR6=00000000ffff0ff0 DR7=0000000000000400
CCS=00000008 CCD=0009ea28 CCO=SUBL
EFER=0000000000000000
Servicing hardware INT=0x08
    93: v=08 e=0000 i=0 cpl=0 IP=0008:0000000000016ed2 pc=0000000000f09ed2 SP=0010:000000000009ea28 env->regs[R_EAX]=000000000001c8c8
EAX=0001c8c8 EBX=02fb56d8 ECX=0001c090 EDX=0001acac
ESI=00000000 EDI=000192b8 EBP=0009ea80 ESP=0009ea28
EIP=00016ed2 EFL=00000216 [----AP-] CPL=0 II=0 A20=1 SMM=0 HLT=0
ES =0010 00ef3000 ffffffff 00cf9300 DPL=0 DS   [-WA]
CS =0008 00ef3000 ffffffff 00cf9f00 DPL=0 CS32 [CRA]
SS =0010 00ef3000 ffffffff 00cf9300 DPL=0 DS   [-WA]
DS =0010 00ef3000 ffffffff 00cf9300 DPL=0 DS   [-WA]
FS =0010 00ef3000 ffffffff 00cf9300 DPL=0 DS   [-WA]
GS =0010 00ef3000 ffffffff 00cf9300 DPL=0 DS   [-WA]
LDT=0000 00000000 0000ffff 00008200 DPL=0 LDT
TR =0000 00000000 0000ffff 00008b00 DPL=0 TSS32-busy
GDT=     0009cf70 00000047
IDT=     00f0f9c0 000007ff
CR0=00000011 CR2=00000000 CR3=00000000 CR4=00000000
DR0=0000000000000000 DR1=0000000000000000 DR2=0000000000000000 DR3=0000000000000000 
DR6=00000000ffff0ff0 DR7=0000000000000400
CCS=00000008 CCD=0009ea28 CCO=SUBL
EFER=0000000000000000
Servicing hardware INT=0x08
    94: v=08 e=0000 i=0 cpl=0 IP=0008:0000000000016ed2 pc=0000000000f09ed2 SP=0010:000000000009ea28 env->regs[R_EAX]=000000000001c8c8
EAX=0001c8c8 EBX=02fb5710 ECX=0001c090 EDX=0001acac
ESI=00000000 EDI=000192b8 EBP=0009ea80 ESP=0009ea28
EIP=00016ed2 EFL=00000216 [----AP-] CPL=0 II=0 A20=1 SMM=0 HLT=0
ES =0010 00ef3000 ffffffff 00cf9300 DPL=0 DS   [-WA]
CS =0008 00ef3000 ffffffff 00cf9f00 DPL=0 CS32 [CRA]
SS =0010 00ef3000 ffffffff 00cf9300 DPL=0 DS   [-WA]
DS =0010 00ef3000 ffffffff 00cf9300 DPL=0 DS   [-WA]
FS =0010 00ef3000 ffffffff 00cf9300 DPL=0 DS   [-WA]
GS =0010 00ef3000 ffffffff 00cf9300 DPL=0 DS   [-WA]
LDT=0000 00000000 0000ffff 00008200 DPL=0 LDT
TR =0000 00000000 0000ffff 00008b00 DPL=0 TSS32-busy
GDT=     0009cf70 00000047
IDT=     00f0f9c0 000007ff
CR0=00000011 CR2=00000000 CR3=00000000 CR4=00000000
DR0=0000000000000000 DR1=0000000000000000 DR2=0000000000000000 DR3=0000000000000000 
DR6=00000000ffff0ff0 DR7=0000000000000400
CCS=00000008 CCD=0009ea28 CCO=SUBL
EFER=0000000000000000
Servicing hardware INT=0x08
    95: v=08 e=0000 i=0 cpl=0 IP=0008:0000000000016ed2 pc=0000000000f09ed2 SP=0010:000000000009ea28 env->regs[R_EAX]=000000000001c8c8
EAX=0001c8c8 EBX=02fb5748 ECX=0001c090 EDX=0001acac
ESI=00000000 EDI=000192b8 EBP=0009ea80 ESP=0009ea28
EIP=00016ed2 EFL=00000216 [----AP-] CPL=0 II=0 A20=1 SMM=0 HLT=0
ES =0010 00ef3000 ffffffff 00cf9300 DPL=0 DS   [-WA]
CS =0008 00ef3000 ffffffff 00cf9f00 DPL=0 CS32 [CRA]
SS =0010 00ef3000 ffffffff 00cf9300 DPL=0 DS   [-WA]
DS =0010 00ef3000 ffffffff 00cf9300 DPL=0 DS   [-WA]
FS =0010 00ef3000 ffffffff 00cf9300 DPL=0 DS   [-WA]
GS =0010 00ef3000 ffffffff 00cf9300 DPL=0 DS   [-WA]
LDT=0000 00000000 0000ffff 00008200 DPL=0 LDT
TR =0000 00000000 0000ffff 00008b00 DPL=0 TSS32-busy
GDT=     0009cf70 00000047
IDT=     00f0f9c0 000007ff
CR0=00000011 CR2=00000000 CR3=00000000 CR4=00000000
DR0=0000000000000000 DR1=0000000000000000 DR2=0000000000000000 DR3=0000000000000000 
DR6=00000000ffff0ff0 DR7=0000000000000400
CCS=00000008 CCD=0009ea28 CCO=SUBL
EFER=0000000000000000
Servicing hardware INT=0x08
    96: v=08 e=0000 i=0 cpl=0 IP=0008:0000000000016ed2 pc=0000000000f09ed2 SP=0010:000000000009ea28 env->regs[R_EAX]=000000000001c8c8
EAX=0001c8c8 EBX=02fb5780 ECX=0001c090 EDX=0001acac
ESI=00000000 EDI=000192b8 EBP=0009ea80 ESP=0009ea28
EIP=00016ed2 EFL=00000216 [----AP-] CPL=0 II=0 A20=1 SMM=0 HLT=0
ES =0010 00ef3000 ffffffff 00cf9300 DPL=0 DS   [-WA]
CS =0008 00ef3000 ffffffff 00cf9f00 DPL=0 CS32 [CRA]
SS =0010 00ef3000 ffffffff 00cf9300 DPL=0 DS   [-WA]
DS =0010 00ef3000 ffffffff 00cf9300 DPL=0 DS   [-WA]
FS =0010 00ef3000 ffffffff 00cf9300 DPL=0 DS   [-WA]
GS =0010 00ef3000 ffffffff 00cf9300 DPL=0 DS   [-WA]
LDT=0000 00000000 0000ffff 00008200 DPL=0 LDT
TR =0000 00000000 0000ffff 00008b00 DPL=0 TSS32-busy
GDT=     0009cf70 00000047
IDT=     00f0f9c0 000007ff
CR0=00000011 CR2=00000000 CR3=00000000 CR4=00000000
DR0=0000000000000000 DR1=0000000000000000 DR2=0000000000000000 DR3=0000000000000000 
DR6=00000000ffff0ff0 DR7=0000000000000400
CCS=00000008 CCD=0009ea28 CCO=SUBL
EFER=0000000000000000
Servicing hardware INT=0x08
    97: v=08 e=0000 i=0 cpl=0 IP=0008:0000000000016ed2 pc=0000000000f09ed2 SP=0010:000000000009ea28 env->regs[R_EAX]=000000000001c8c8
EAX=0001c8c8 EBX=02fb57b8 ECX=0001c090 EDX=0001acac
ESI=00000000 EDI=000192b8 EBP=0009ea80 ESP=0009ea28
EIP=00016ed2 EFL=00000216 [----AP-] CPL=0 II=0 A20=1 SMM=0 HLT=0
ES =0010 00ef3000 ffffffff 00cf9300 DPL=0 DS   [-WA]
CS =0008 00ef3000 ffffffff 00cf9f00 DPL=0 CS32 [CRA]
SS =0010 00ef3000 ffffffff 00cf9300 DPL=0 DS   [-WA]
DS =0010 00ef3000 ffffffff 00cf9300 DPL=0 DS   [-WA]
FS =0010 00ef3000 ffffffff 00cf9300 DPL=0 DS   [-WA]
GS =0010 00ef3000 ffffffff 00cf9300 DPL=0 DS   [-WA]
LDT=0000 00000000 0000ffff 00008200 DPL=0 LDT
TR =0000 00000000 0000ffff 00008b00 DPL=0 TSS32-busy
GDT=     0009cf70 00000047
IDT=     00f0f9c0 000007ff
CR0=00000011 CR2=00000000 CR3=00000000 CR4=00000000
DR0=0000000000000000 DR1=0000000000000000 DR2=0000000000000000 DR3=0000000000000000 
DR6=00000000ffff0ff0 DR7=0000000000000400
CCS=00000008 CCD=0009ea28 CCO=SUBL
EFER=0000000000000000
Servicing hardware INT=0x08
    98: v=08 e=0000 i=0 cpl=0 IP=0008:0000000000016ed2 pc=0000000000f09ed2 SP=0010:000000000009ea28 env->regs[R_EAX]=000000000001c8c8
EAX=0001c8c8 EBX=02fb57f0 ECX=0001c090 EDX=0001acac
ESI=00000000 EDI=000192b8 EBP=0009ea80 ESP=0009ea28
EIP=00016ed2 EFL=00000216 [----AP-] CPL=0 II=0 A20=1 SMM=0 HLT=0
ES =0010 00ef3000 ffffffff 00cf9300 DPL=0 DS   [-WA]
CS =0008 00ef3000 ffffffff 00cf9f00 DPL=0 CS32 [CRA]
SS =0010 00ef3000 ffffffff 00cf9300 DPL=0 DS   [-WA]
DS =0010 00ef3000 ffffffff 00cf9300 DPL=0 DS   [-WA]
FS =0010 00ef3000 ffffffff 00cf9300 DPL=0 DS   [-WA]
GS =0010 00ef3000 ffffffff 00cf9300 DPL=0 DS   [-WA]
LDT=0000 00000000 0000ffff 00008200 DPL=0 LDT
TR =0000 00000000 0000ffff 00008b00 DPL=0 TSS32-busy
GDT=     0009cf70 00000047
IDT=     00f0f9c0 000007ff
CR0=00000011 CR2=00000000 CR3=00000000 CR4=00000000
DR0=0000000000000000 DR1=0000000000000000 DR2=0000000000000000 DR3=0000000000000000 
DR6=00000000ffff0ff0 DR7=0000000000000400
CCS=00000008 CCD=0009ea28 CCO=SUBL
EFER=0000000000000000
Servicing hardware INT=0x08
    99: v=08 e=0000 i=0 cpl=0 IP=0008:0000000000016ed2 pc=0000000000f09ed2 SP=0010:000000000009ea28 env->regs[R_EAX]=000000000001c8c8
EAX=0001c8c8 EBX=02fb5828 ECX=0001c090 EDX=0001acac
ESI=00000000 EDI=000192b8 EBP=0009ea80 ESP=0009ea28
EIP=00016ed2 EFL=00000216 [----AP-] CPL=0 II=0 A20=1 SMM=0 HLT=0
ES =0010 00ef3000 ffffffff 00cf9300 DPL=0 DS   [-WA]
CS =0008 00ef3000 ffffffff 00cf9f00 DPL=0 CS32 [CRA]
SS =0010 00ef3000 ffffffff 00cf9300 DPL=0 DS   [-WA]
DS =0010 00ef3000 ffffffff 00cf9300 DPL=0 DS   [-WA]
FS =0010 00ef3000 ffffffff 00cf9300 DPL=0 DS   [-WA]
GS =0010 00ef3000 ffffffff 00cf9300 DPL=0 DS   [-WA]
LDT=0000 00000000 0000ffff 00008200 DPL=0 LDT
TR =0000 00000000 0000ffff 00008b00 DPL=0 TSS32-busy
GDT=     0009cf70 00000047
IDT=     00f0f9c0 000007ff
CR0=00000011 CR2=00000000 CR3=00000000 CR4=00000000
DR0=0000000000000000 DR1=0000000000000000 DR2=0000000000000000 DR3=0000000000000000 
DR6=00000000ffff0ff0 DR7=0000000000000400
CCS=00000008 CCD=0009ea28 CCO=SUBL
EFER=0000000000000000
Servicing hardware INT=0x08
   100: v=08 e=0000 i=0 cpl=0 IP=0008:0000000000016ed2 pc=0000000000f09ed2 SP=0010:000000000009ea28 env->regs[R_EAX]=000000000001c8c8
EAX=0001c8c8 EBX=02fb5860 ECX=0001c090 EDX=0001acac
ESI=00000000 EDI=000192b8 EBP=0009ea80 ESP=0009ea28
EIP=00016ed2 EFL=00000216 [----AP-] CPL=0 II=0 A20=1 SMM=0 HLT=0
ES =0010 00ef3000 ffffffff 00cf9300 DPL=0 DS   [-WA]
CS =0008 00ef3000 ffffffff 00cf9f00 DPL=0 CS32 [CRA]
SS =0010 00ef3000 ffffffff 00cf9300 DPL=0 DS   [-WA]
DS =0010 00ef3000 ffffffff 00cf9300 DPL=0 DS   [-WA]
FS =0010 00ef3000 ffffffff 00cf9300 DPL=0 DS   [-WA]
GS =0010 00ef3000 ffffffff 00cf9300 DPL=0 DS   [-WA]
LDT=0000 00000000 0000ffff 00008200 DPL=0 LDT
TR =0000 00000000 0000ffff 00008b00 DPL=0 TSS32-busy
GDT=     0009cf70 00000047
IDT=     00f0f9c0 000007ff
CR0=00000011 CR2=00000000 CR3=00000000 CR4=00000000
DR0=0000000000000000 DR1=0000000000000000 DR2=0000000000000000 DR3=0000000000000000 
DR6=00000000ffff0ff0 DR7=0000000000000400
CCS=00000008 CCD=0009ea28 CCO=SUBL
EFER=0000000000000000
Servicing hardware INT=0x08
   101: v=08 e=0000 i=0 cpl=0 IP=0008:0000000000016ed2 pc=0000000000f09ed2 SP=0010:000000000009ea28 env->regs[R_EAX]=000000000001c8c8
EAX=0001c8c8 EBX=02fb5898 ECX=0001c090 EDX=0001acac
ESI=00000000 EDI=000192b8 EBP=0009ea80 ESP=0009ea28
EIP=00016ed2 EFL=00000216 [----AP-] CPL=0 II=0 A20=1 SMM=0 HLT=0
ES =0010 00ef3000 ffffffff 00cf9300 DPL=0 DS   [-WA]
CS =0008 00ef3000 ffffffff 00cf9f00 DPL=0 CS32 [CRA]
SS =0010 00ef3000 ffffffff 00cf9300 DPL=0 DS   [-WA]
DS =0010 00ef3000 ffffffff 00cf9300 DPL=0 DS   [-WA]
FS =0010 00ef3000 ffffffff 00cf9300 DPL=0 DS   [-WA]
GS =0010 00ef3000 ffffffff 00cf9300 DPL=0 DS   [-WA]
LDT=0000 00000000 0000ffff 00008200 DPL=0 LDT
TR =0000 00000000 0000ffff 00008b00 DPL=0 TSS32-busy
GDT=     0009cf70 00000047
IDT=     00f0f9c0 000007ff
CR0=00000011 CR2=00000000 CR3=00000000 CR4=00000000
DR0=0000000000000000 DR1=0000000000000000 DR2=0000000000000000 DR3=0000000000000000 
DR6=00000000ffff0ff0 DR7=0000000000000400
CCS=00000008 CCD=0009ea28 CCO=SUBL
EFER=0000000000000000
Servicing hardware INT=0x08
   102: v=08 e=0000 i=0 cpl=0 IP=0008:0000000000016ed2 pc=0000000000f09ed2 SP=0010:000000000009ea28 env->regs[R_EAX]=000000000001c8c8
EAX=0001c8c8 EBX=02fb58d0 ECX=0001c090 EDX=0001acac
ESI=00000000 EDI=000192b8 EBP=0009ea80 ESP=0009ea28
EIP=00016ed2 EFL=00000216 [----AP-] CPL=0 II=0 A20=1 SMM=0 HLT=0
ES =0010 00ef3000 ffffffff 00cf9300 DPL=0 DS   [-WA]
CS =0008 00ef3000 ffffffff 00cf9f00 DPL=0 CS32 [CRA]
SS =0010 00ef3000 ffffffff 00cf9300 DPL=0 DS   [-WA]
DS =0010 00ef3000 ffffffff 00cf9300 DPL=0 DS   [-WA]
FS =0010 00ef3000 ffffffff 00cf9300 DPL=0 DS   [-WA]
GS =0010 00ef3000 ffffffff 00cf9300 DPL=0 DS   [-WA]
LDT=0000 00000000 0000ffff 00008200 DPL=0 LDT
TR =0000 00000000 0000ffff 00008b00 DPL=0 TSS32-busy
GDT=     0009cf70 00000047
IDT=     00f0f9c0 000007ff
CR0=00000011 CR2=00000000 CR3=00000000 CR4=00000000
DR0=0000000000000000 DR1=0000000000000000 DR2=0000000000000000 DR3=0000000000000000 
DR6=00000000ffff0ff0 DR7=0000000000000400
CCS=00000008 CCD=0009ea28 CCO=SUBL
EFER=0000000000000000
Servicing hardware INT=0x08
   103: v=08 e=0000 i=0 cpl=0 IP=0008:0000000000016ed2 pc=0000000000f09ed2 SP=0010:000000000009ea28 env->regs[R_EAX]=000000000001c8c8
EAX=0001c8c8 EBX=02fb5908 ECX=0001c090 EDX=0001acac
ESI=00000000 EDI=000192b8 EBP=0009ea80 ESP=0009ea28
EIP=00016ed2 EFL=00000216 [----AP-] CPL=0 II=0 A20=1 SMM=0 HLT=0
ES =0010 00ef3000 ffffffff 00cf9300 DPL=0 DS   [-WA]
CS =0008 00ef3000 ffffffff 00cf9f00 DPL=0 CS32 [CRA]
SS =0010 00ef3000 ffffffff 00cf9300 DPL=0 DS   [-WA]
DS =0010 00ef3000 ffffffff 00cf9300 DPL=0 DS   [-WA]
FS =0010 00ef3000 ffffffff 00cf9300 DPL=0 DS   [-WA]
GS =0010 00ef3000 ffffffff 00cf9300 DPL=0 DS   [-WA]
LDT=0000 00000000 0000ffff 00008200 DPL=0 LDT
TR =0000 00000000 0000ffff 00008b00 DPL=0 TSS32-busy
GDT=     0009cf70 00000047
IDT=     00f0f9c0 000007ff
CR0=00000011 CR2=00000000 CR3=00000000 CR4=00000000
DR0=0000000000000000 DR1=0000000000000000 DR2=0000000000000000 DR3=0000000000000000 
DR6=00000000ffff0ff0 DR7=0000000000000400
CCS=00000008 CCD=0009ea28 CCO=SUBL
EFER=0000000000000000
Servicing hardware INT=0x08
   104: v=08 e=0000 i=0 cpl=0 IP=0008:0000000000016ed2 pc=0000000000f09ed2 SP=0010:000000000009ea28 env->regs[R_EAX]=000000000001c8c8
EAX=0001c8c8 EBX=02fb5940 ECX=0001c090 EDX=0001acac
ESI=00000000 EDI=000192b8 EBP=0009ea80 ESP=0009ea28
EIP=00016ed2 EFL=00000216 [----AP-] CPL=0 II=0 A20=1 SMM=0 HLT=0
ES =0010 00ef3000 ffffffff 00cf9300 DPL=0 DS   [-WA]
CS =0008 00ef3000 ffffffff 00cf9f00 DPL=0 CS32 [CRA]
SS =0010 00ef3000 ffffffff 00cf9300 DPL=0 DS   [-WA]
DS =0010 00ef3000 ffffffff 00cf9300 DPL=0 DS   [-WA]
FS =0010 00ef3000 ffffffff 00cf9300 DPL=0 DS   [-WA]
GS =0010 00ef3000 ffffffff 00cf9300 DPL=0 DS   [-WA]
LDT=0000 00000000 0000ffff 00008200 DPL=0 LDT
TR =0000 00000000 0000ffff 00008b00 DPL=0 TSS32-busy
GDT=     0009cf70 00000047
IDT=     00f0f9c0 000007ff
CR0=00000011 CR2=00000000 CR3=00000000 CR4=00000000
DR0=0000000000000000 DR1=0000000000000000 DR2=0000000000000000 DR3=0000000000000000 
DR6=00000000ffff0ff0 DR7=0000000000000400
CCS=00000008 CCD=0009ea28 CCO=SUBL
EFER=0000000000000000
Servicing hardware INT=0x08
   105: v=08 e=0000 i=0 cpl=0 IP=0008:0000000000016ed2 pc=0000000000f09ed2 SP=0010:000000000009ea28 env->regs[R_EAX]=000000000001c8c8
EAX=0001c8c8 EBX=02fb5978 ECX=0001c090 EDX=0001acac
ESI=00000000 EDI=000192b8 EBP=0009ea80 ESP=0009ea28
EIP=00016ed2 EFL=00000216 [----AP-] CPL=0 II=0 A20=1 SMM=0 HLT=0
ES =0010 00ef3000 ffffffff 00cf9300 DPL=0 DS   [-WA]
CS =0008 00ef3000 ffffffff 00cf9f00 DPL=0 CS32 [CRA]
SS =0010 00ef3000 ffffffff 00cf9300 DPL=0 DS   [-WA]
DS =0010 00ef3000 ffffffff 00cf9300 DPL=0 DS   [-WA]
FS =0010 00ef3000 ffffffff 00cf9300 DPL=0 DS   [-WA]
GS =0010 00ef3000 ffffffff 00cf9300 DPL=0 DS   [-WA]
LDT=0000 00000000 0000ffff 00008200 DPL=0 LDT
TR =0000 00000000 0000ffff 00008b00 DPL=0 TSS32-busy
GDT=     0009cf70 00000047
IDT=     00f0f9c0 000007ff
CR0=00000011 CR2=00000000 CR3=00000000 CR4=00000000
DR0=0000000000000000 DR1=0000000000000000 DR2=0000000000000000 DR3=0000000000000000 
DR6=00000000ffff0ff0 DR7=0000000000000400
CCS=00000008 CCD=0009ea28 CCO=SUBL
EFER=0000000000000000
Servicing hardware INT=0x08
   106: v=08 e=0000 i=0 cpl=0 IP=0008:0000000000016ed2 pc=0000000000f09ed2 SP=0010:000000000009ea28 env->regs[R_EAX]=000000000001c8c8
EAX=0001c8c8 EBX=02fb59b0 ECX=0001c090 EDX=0001acac
ESI=00000000 EDI=000192b8 EBP=0009ea80 ESP=0009ea28
EIP=00016ed2 EFL=00000216 [----AP-] CPL=0 II=0 A20=1 SMM=0 HLT=0
ES =0010 00ef3000 ffffffff 00cf9300 DPL=0 DS   [-WA]
CS =0008 00ef3000 ffffffff 00cf9f00 DPL=0 CS32 [CRA]
SS =0010 00ef3000 ffffffff 00cf9300 DPL=0 DS   [-WA]
DS =0010 00ef3000 ffffffff 00cf9300 DPL=0 DS   [-WA]
FS =0010 00ef3000 ffffffff 00cf9300 DPL=0 DS   [-WA]
GS =0010 00ef3000 ffffffff 00cf9300 DPL=0 DS   [-WA]
LDT=0000 00000000 0000ffff 00008200 DPL=0 LDT
TR =0000 00000000 0000ffff 00008b00 DPL=0 TSS32-busy
GDT=     0009cf70 00000047
IDT=     00f0f9c0 000007ff
CR0=00000011 CR2=00000000 CR3=00000000 CR4=00000000
DR0=0000000000000000 DR1=0000000000000000 DR2=0000000000000000 DR3=0000000000000000 
DR6=00000000ffff0ff0 DR7=0000000000000400
CCS=00000008 CCD=0009ea28 CCO=SUBL
EFER=0000000000000000
Servicing hardware INT=0x08
   107: v=08 e=0000 i=0 cpl=0 IP=0008:0000000000016ed2 pc=0000000000f09ed2 SP=0010:000000000009ea28 env->regs[R_EAX]=000000000001c8c8
EAX=0001c8c8 EBX=02fb59e8 ECX=0001c090 EDX=0001acac
ESI=00000000 EDI=000192b8 EBP=0009ea80 ESP=0009ea28
EIP=00016ed2 EFL=00000216 [----AP-] CPL=0 II=0 A20=1 SMM=0 HLT=0
ES =0010 00ef3000 ffffffff 00cf9300 DPL=0 DS   [-WA]
CS =0008 00ef3000 ffffffff 00cf9f00 DPL=0 CS32 [CRA]
SS =0010 00ef3000 ffffffff 00cf9300 DPL=0 DS   [-WA]
DS =0010 00ef3000 ffffffff 00cf9300 DPL=0 DS   [-WA]
FS =0010 00ef3000 ffffffff 00cf9300 DPL=0 DS   [-WA]
GS =0010 00ef3000 ffffffff 00cf9300 DPL=0 DS   [-WA]
LDT=0000 00000000 0000ffff 00008200 DPL=0 LDT
TR =0000 00000000 0000ffff 00008b00 DPL=0 TSS32-busy
GDT=     0009cf70 00000047
IDT=     00f0f9c0 000007ff
CR0=00000011 CR2=00000000 CR3=00000000 CR4=00000000
DR0=0000000000000000 DR1=0000000000000000 DR2=0000000000000000 DR3=0000000000000000 
DR6=00000000ffff0ff0 DR7=0000000000000400
CCS=00000008 CCD=0009ea28 CCO=SUBL
EFER=0000000000000000
Servicing hardware INT=0x08
   108: v=08 e=0000 i=0 cpl=0 IP=0008:0000000000016ed2 pc=0000000000f09ed2 SP=0010:000000000009ea28 env->regs[R_EAX]=000000000001c8c8
EAX=0001c8c8 EBX=02fb5a20 ECX=0001c090 EDX=0001acac
ESI=00000000 EDI=000192b8 EBP=0009ea80 ESP=0009ea28
EIP=00016ed2 EFL=00000216 [----AP-] CPL=0 II=0 A20=1 SMM=0 HLT=0
ES =0010 00ef3000 ffffffff 00cf9300 DPL=0 DS   [-WA]
CS =0008 00ef3000 ffffffff 00cf9f00 DPL=0 CS32 [CRA]
SS =0010 00ef3000 ffffffff 00cf9300 DPL=0 DS   [-WA]
DS =0010 00ef3000 ffffffff 00cf9300 DPL=0 DS   [-WA]
FS =0010 00ef3000 ffffffff 00cf9300 DPL=0 DS   [-WA]
GS =0010 00ef3000 ffffffff 00cf9300 DPL=0 DS   [-WA]
LDT=0000 00000000 0000ffff 00008200 DPL=0 LDT
TR =0000 00000000 0000ffff 00008b00 DPL=0 TSS32-busy
GDT=     0009cf70 00000047
IDT=     00f0f9c0 000007ff
CR0=00000011 CR2=00000000 CR3=00000000 CR4=00000000
DR0=0000000000000000 DR1=0000000000000000 DR2=0000000000000000 DR3=0000000000000000 
DR6=00000000ffff0ff0 DR7=0000000000000400
CCS=00000008 CCD=0009ea28 CCO=SUBL
EFER=0000000000000000
Servicing hardware INT=0x08
   109: v=08 e=0000 i=0 cpl=0 IP=0008:0000000000016ed2 pc=0000000000f09ed2 SP=0010:000000000009ea28 env->regs[R_EAX]=000000000001c8c8
EAX=0001c8c8 EBX=02fb5a58 ECX=0001c090 EDX=0001acac
ESI=00000000 EDI=000192b8 EBP=0009ea80 ESP=0009ea28
EIP=00016ed2 EFL=00000216 [----AP-] CPL=0 II=0 A20=1 SMM=0 HLT=0
ES =0010 00ef3000 ffffffff 00cf9300 DPL=0 DS   [-WA]
CS =0008 00ef3000 ffffffff 00cf9f00 DPL=0 CS32 [CRA]
SS =0010 00ef3000 ffffffff 00cf9300 DPL=0 DS   [-WA]
DS =0010 00ef3000 ffffffff 00cf9300 DPL=0 DS   [-WA]
FS =0010 00ef3000 ffffffff 00cf9300 DPL=0 DS   [-WA]
GS =0010 00ef3000 ffffffff 00cf9300 DPL=0 DS   [-WA]
LDT=0000 00000000 0000ffff 00008200 DPL=0 LDT
TR =0000 00000000 0000ffff 00008b00 DPL=0 TSS32-busy
GDT=     0009cf70 00000047
IDT=     00f0f9c0 000007ff
CR0=00000011 CR2=00000000 CR3=00000000 CR4=00000000
DR0=0000000000000000 DR1=0000000000000000 DR2=0000000000000000 DR3=0000000000000000 
DR6=00000000ffff0ff0 DR7=0000000000000400
CCS=00000008 CCD=0009ea28 CCO=SUBL
EFER=0000000000000000
Servicing hardware INT=0x08
   110: v=08 e=0000 i=0 cpl=0 IP=0008:0000000000016ed2 pc=0000000000f09ed2 SP=0010:000000000009ea28 env->regs[R_EAX]=000000000001c8c8
EAX=0001c8c8 EBX=02fb5a90 ECX=0001c090 EDX=0001acac
ESI=00000000 EDI=000192b8 EBP=0009ea80 ESP=0009ea28
EIP=00016ed2 EFL=00000216 [----AP-] CPL=0 II=0 A20=1 SMM=0 HLT=0
ES =0010 00ef3000 ffffffff 00cf9300 DPL=0 DS   [-WA]
CS =0008 00ef3000 ffffffff 00cf9f00 DPL=0 CS32 [CRA]
SS =0010 00ef3000 ffffffff 00cf9300 DPL=0 DS   [-WA]
DS =0010 00ef3000 ffffffff 00cf9300 DPL=0 DS   [-WA]
FS =0010 00ef3000 ffffffff 00cf9300 DPL=0 DS   [-WA]
GS =0010 00ef3000 ffffffff 00cf9300 DPL=0 DS   [-WA]
LDT=0000 00000000 0000ffff 00008200 DPL=0 LDT
TR =0000 00000000 0000ffff 00008b00 DPL=0 TSS32-busy
GDT=     0009cf70 00000047
IDT=     00f0f9c0 000007ff
CR0=00000011 CR2=00000000 CR3=00000000 CR4=00000000
DR0=0000000000000000 DR1=0000000000000000 DR2=0000000000000000 DR3=0000000000000000 
DR6=00000000ffff0ff0 DR7=0000000000000400
CCS=00000008 CCD=0009ea28 CCO=SUBL
EFER=0000000000000000
Servicing hardware INT=0x08
   111: v=08 e=0000 i=0 cpl=0 IP=0008:0000000000016ed2 pc=0000000000f09ed2 SP=0010:000000000009ea28 env->regs[R_EAX]=000000000001c8c8
EAX=0001c8c8 EBX=02fb5ac8 ECX=0001c090 EDX=0001acac
ESI=00000000 EDI=000192b8 EBP=0009ea80 ESP=0009ea28
EIP=00016ed2 EFL=00000216 [----AP-] CPL=0 II=0 A20=1 SMM=0 HLT=0
ES =0010 00ef3000 ffffffff 00cf9300 DPL=0 DS   [-WA]
CS =0008 00ef3000 ffffffff 00cf9f00 DPL=0 CS32 [CRA]
SS =0010 00ef3000 ffffffff 00cf9300 DPL=0 DS   [-WA]
DS =0010 00ef3000 ffffffff 00cf9300 DPL=0 DS   [-WA]
FS =0010 00ef3000 ffffffff 00cf9300 DPL=0 DS   [-WA]
GS =0010 00ef3000 ffffffff 00cf9300 DPL=0 DS   [-WA]
LDT=0000 00000000 0000ffff 00008200 DPL=0 LDT
TR =0000 00000000 0000ffff 00008b00 DPL=0 TSS32-busy
GDT=     0009cf70 00000047
IDT=     00f0f9c0 000007ff
CR0=00000011 CR2=00000000 CR3=00000000 CR4=00000000
DR0=0000000000000000 DR1=0000000000000000 DR2=0000000000000000 DR3=0000000000000000 
DR6=00000000ffff0ff0 DR7=0000000000000400
CCS=00000008 CCD=0009ea28 CCO=SUBL
EFER=0000000000000000
Servicing hardware INT=0x08
   112: v=08 e=0000 i=0 cpl=0 IP=0008:0000000000016ed2 pc=0000000000f09ed2 SP=0010:000000000009ea28 env->regs[R_EAX]=000000000001c8c8
EAX=0001c8c8 EBX=02fb5b00 ECX=0001c090 EDX=0001acac
ESI=00000000 EDI=000192b8 EBP=0009ea80 ESP=0009ea28
EIP=00016ed2 EFL=00000216 [----AP-] CPL=0 II=0 A20=1 SMM=0 HLT=0
ES =0010 00ef3000 ffffffff 00cf9300 DPL=0 DS   [-WA]
CS =0008 00ef3000 ffffffff 00cf9f00 DPL=0 CS32 [CRA]
SS =0010 00ef3000 ffffffff 00cf9300 DPL=0 DS   [-WA]
DS =0010 00ef3000 ffffffff 00cf9300 DPL=0 DS   [-WA]
FS =0010 00ef3000 ffffffff 00cf9300 DPL=0 DS   [-WA]
GS =0010 00ef3000 ffffffff 00cf9300 DPL=0 DS   [-WA]
LDT=0000 00000000 0000ffff 00008200 DPL=0 LDT
TR =0000 00000000 0000ffff 00008b00 DPL=0 TSS32-busy
GDT=     0009cf70 00000047
IDT=     00f0f9c0 000007ff
CR0=00000011 CR2=00000000 CR3=00000000 CR4=00000000
DR0=0000000000000000 DR1=0000000000000000 DR2=0000000000000000 DR3=0000000000000000 
DR6=00000000ffff0ff0 DR7=0000000000000400
CCS=00000008 CCD=0009ea28 CCO=SUBL
EFER=0000000000000000
Servicing hardware INT=0x08
   113: v=08 e=0000 i=0 cpl=0 IP=0008:0000000000016ed2 pc=0000000000f09ed2 SP=0010:000000000009ea28 env->regs[R_EAX]=000000000001c8c8
EAX=0001c8c8 EBX=02fb5b38 ECX=0001c090 EDX=0001acac
ESI=00000000 EDI=000192b8 EBP=0009ea80 ESP=0009ea28
EIP=00016ed2 EFL=00000216 [----AP-] CPL=0 II=0 A20=1 SMM=0 HLT=0
ES =0010 00ef3000 ffffffff 00cf9300 DPL=0 DS   [-WA]
CS =0008 00ef3000 ffffffff 00cf9f00 DPL=0 CS32 [CRA]
SS =0010 00ef3000 ffffffff 00cf9300 DPL=0 DS   [-WA]
DS =0010 00ef3000 ffffffff 00cf9300 DPL=0 DS   [-WA]
FS =0010 00ef3000 ffffffff 00cf9300 DPL=0 DS   [-WA]
GS =0010 00ef3000 ffffffff 00cf9300 DPL=0 DS   [-WA]
LDT=0000 00000000 0000ffff 00008200 DPL=0 LDT
TR =0000 00000000 0000ffff 00008b00 DPL=0 TSS32-busy
GDT=     0009cf70 00000047
IDT=     00f0f9c0 000007ff
CR0=00000011 CR2=00000000 CR3=00000000 CR4=00000000
DR0=0000000000000000 DR1=0000000000000000 DR2=0000000000000000 DR3=0000000000000000 
DR6=00000000ffff0ff0 DR7=0000000000000400
CCS=00000008 CCD=0009ea28 CCO=SUBL
EFER=0000000000000000
Servicing hardware INT=0x08
   114: v=08 e=0000 i=0 cpl=0 IP=0008:00000000000108bc pc=0000000000f038bc SP=0010:000000000009eab0 env->regs[R_EAX]=0000000000000000
EAX=00000000 EBX=00000c00 ECX=00010246 EDX=ff1a96c0
ESI=02fb5b70 EDI=00000c00 EBP=0009eadc ESP=0009eab0
EIP=000108bc EFL=00000246 [---Z-P-] CPL=0 II=0 A20=1 SMM=0 HLT=0
ES =0010 00ef3000 ffffffff 00cf9300 DPL=0 DS   [-WA]
CS =0008 00ef3000 ffffffff 00cf9f00 DPL=0 CS32 [CRA]
SS =0010 00ef3000 ffffffff 00cf9300 DPL=0 DS   [-WA]
DS =0010 00ef3000 ffffffff 00cf9300 DPL=0 DS   [-WA]
FS =0010 00ef3000 ffffffff 00cf9300 DPL=0 DS   [-WA]
GS =0010 00ef3000 ffffffff 00cf9300 DPL=0 DS   [-WA]
LDT=0000 00000000 0000ffff 00008200 DPL=0 LDT
TR =0000 00000000 0000ffff 00008b00 DPL=0 TSS32-busy
GDT=     0009cf70 00000047
IDT=     00f0f9c0 000007ff
CR0=00000011 CR2=00000000 CR3=00000000 CR4=00000000
DR0=0000000000000000 DR1=0000000000000000 DR2=0000000000000000 DR3=0000000000000000 
DR6=00000000ffff0ff0 DR7=0000000000000400
CCS=00000044 CCD=00000000 CCO=EFLAGS
EFER=0000000000000000
Servicing hardware INT=0x08
   115: v=08 e=0000 i=0 cpl=0 IP=0008:00000000000108bc pc=0000000000f038bc SP=0010:000000000009eab0 env->regs[R_EAX]=0000000000000000
EAX=00000000 EBX=00000c00 ECX=00010246 EDX=ff1a96c0
ESI=02fb5b70 EDI=00000c00 EBP=0009eadc ESP=0009eab0
EIP=000108bc EFL=00000246 [---Z-P-] CPL=0 II=0 A20=1 SMM=0 HLT=0
ES =0010 00ef3000 ffffffff 00cf9300 DPL=0 DS   [-WA]
CS =0008 00ef3000 ffffffff 00cf9f00 DPL=0 CS32 [CRA]
SS =0010 00ef3000 ffffffff 00cf9300 DPL=0 DS   [-WA]
DS =0010 00ef3000 ffffffff 00cf9300 DPL=0 DS   [-WA]
FS =0010 00ef3000 ffffffff 00cf9300 DPL=0 DS   [-WA]
GS =0010 00ef3000 ffffffff 00cf9300 DPL=0 DS   [-WA]
LDT=0000 00000000 0000ffff 00008200 DPL=0 LDT
TR =0000 00000000 0000ffff 00008b00 DPL=0 TSS32-busy
GDT=     0009cf70 00000047
IDT=     00f0f9c0 000007ff
CR0=00000011 CR2=00000000 CR3=00000000 CR4=00000000
DR0=0000000000000000 DR1=0000000000000000 DR2=0000000000000000 DR3=0000000000000000 
DR6=00000000ffff0ff0 DR7=0000000000000400
CCS=00000044 CCD=00000000 CCO=EFLAGS
EFER=0000000000000000
Servicing hardware INT=0x08
   116: v=08 e=0000 i=0 cpl=0 IP=0008:00000000000108bc pc=0000000000f038bc SP=0010:000000000009eab0 env->regs[R_EAX]=0000000000000000
EAX=00000000 EBX=00000c00 ECX=00010246 EDX=ff1a96c0
ESI=02fb5b70 EDI=00000c00 EBP=0009eadc ESP=0009eab0
EIP=000108bc EFL=00000246 [---Z-P-] CPL=0 II=0 A20=1 SMM=0 HLT=0
ES =0010 00ef3000 ffffffff 00cf9300 DPL=0 DS   [-WA]
CS =0008 00ef3000 ffffffff 00cf9f00 DPL=0 CS32 [CRA]
SS =0010 00ef3000 ffffffff 00cf9300 DPL=0 DS   [-WA]
DS =0010 00ef3000 ffffffff 00cf9300 DPL=0 DS   [-WA]
FS =0010 00ef3000 ffffffff 00cf9300 DPL=0 DS   [-WA]
GS =0010 00ef3000 ffffffff 00cf9300 DPL=0 DS   [-WA]
LDT=0000 00000000 0000ffff 00008200 DPL=0 LDT
TR =0000 00000000 0000ffff 00008b00 DPL=0 TSS32-busy
GDT=     0009cf70 00000047
IDT=     00f0f9c0 000007ff
CR0=00000011 CR2=00000000 CR3=00000000 CR4=00000000
DR0=0000000000000000 DR1=0000000000000000 DR2=0000000000000000 DR3=0000000000000000 
DR6=00000000ffff0ff0 DR7=0000000000000400
CCS=00000044 CCD=00000000 CCO=EFLAGS
EFER=0000000000000000
Servicing hardware INT=0x08
   117: v=08 e=0000 i=0 cpl=0 IP=0008:00000000000108bc pc=0000000000f038bc SP=0010:000000000009eab0 env->regs[R_EAX]=0000000000000000
EAX=00000000 EBX=00000c00 ECX=00010246 EDX=ff1a96c0
ESI=02fb5b70 EDI=00000c00 EBP=0009eadc ESP=0009eab0
EIP=000108bc EFL=00000246 [---Z-P-] CPL=0 II=0 A20=1 SMM=0 HLT=0
ES =0010 00ef3000 ffffffff 00cf9300 DPL=0 DS   [-WA]
CS =0008 00ef3000 ffffffff 00cf9f00 DPL=0 CS32 [CRA]
SS =0010 00ef3000 ffffffff 00cf9300 DPL=0 DS   [-WA]
DS =0010 00ef3000 ffffffff 00cf9300 DPL=0 DS   [-WA]
FS =0010 00ef3000 ffffffff 00cf9300 DPL=0 DS   [-WA]
GS =0010 00ef3000 ffffffff 00cf9300 DPL=0 DS   [-WA]
LDT=0000 00000000 0000ffff 00008200 DPL=0 LDT
TR =0000 00000000 0000ffff 00008b00 DPL=0 TSS32-busy
GDT=     0009cf70 00000047
IDT=     00f0f9c0 000007ff
CR0=00000011 CR2=00000000 CR3=00000000 CR4=00000000
DR0=0000000000000000 DR1=0000000000000000 DR2=0000000000000000 DR3=0000000000000000 
DR6=00000000ffff0ff0 DR7=0000000000000400
CCS=00000044 CCD=00000000 CCO=EFLAGS
EFER=0000000000000000
Servicing hardware INT=0x08
   118: v=08 e=0000 i=0 cpl=0 IP=0008:00000000000108bc pc=0000000000f038bc SP=0010:000000000009eab0 env->regs[R_EAX]=0000000000000000
EAX=00000000 EBX=00000c00 ECX=00010246 EDX=ff1a96c0
ESI=02fb5b70 EDI=00000c00 EBP=0009eadc ESP=0009eab0
EIP=000108bc EFL=00000246 [---Z-P-] CPL=0 II=0 A20=1 SMM=0 HLT=0
ES =0010 00ef3000 ffffffff 00cf9300 DPL=0 DS   [-WA]
CS =0008 00ef3000 ffffffff 00cf9f00 DPL=0 CS32 [CRA]
SS =0010 00ef3000 ffffffff 00cf9300 DPL=0 DS   [-WA]
DS =0010 00ef3000 ffffffff 00cf9300 DPL=0 DS   [-WA]
FS =0010 00ef3000 ffffffff 00cf9300 DPL=0 DS   [-WA]
GS =0010 00ef3000 ffffffff 00cf9300 DPL=0 DS   [-WA]
LDT=0000 00000000 0000ffff 00008200 DPL=0 LDT
TR =0000 00000000 0000ffff 00008b00 DPL=0 TSS32-busy
GDT=     0009cf70 00000047
IDT=     00f0f9c0 000007ff
CR0=00000011 CR2=00000000 CR3=00000000 CR4=00000000
DR0=0000000000000000 DR1=0000000000000000 DR2=0000000000000000 DR3=0000000000000000 
DR6=00000000ffff0ff0 DR7=0000000000000400
CCS=00000044 CCD=00000000 CCO=EFLAGS
EFER=0000000000000000
Servicing hardware INT=0x08
   119: v=08 e=0000 i=0 cpl=0 IP=0008:00000000000108bc pc=0000000000f038bc SP=0010:000000000009eab0 env->regs[R_EAX]=0000000000000000
EAX=00000000 EBX=00000c00 ECX=00010246 EDX=ff1a96c0
ESI=02fb5b70 EDI=00000c00 EBP=0009eadc ESP=0009eab0
EIP=000108bc EFL=00000246 [---Z-P-] CPL=0 II=0 A20=1 SMM=0 HLT=0
ES =0010 00ef3000 ffffffff 00cf9300 DPL=0 DS   [-WA]
CS =0008 00ef3000 ffffffff 00cf9f00 DPL=0 CS32 [CRA]
SS =0010 00ef3000 ffffffff 00cf9300 DPL=0 DS   [-WA]
DS =0010 00ef3000 ffffffff 00cf9300 DPL=0 DS   [-WA]
FS =0010 00ef3000 ffffffff 00cf9300 DPL=0 DS   [-WA]
GS =0010 00ef3000 ffffffff 00cf9300 DPL=0 DS   [-WA]
LDT=0000 00000000 0000ffff 00008200 DPL=0 LDT
TR =0000 00000000 0000ffff 00008b00 DPL=0 TSS32-busy
GDT=     0009cf70 00000047
IDT=     00f0f9c0 000007ff
CR0=00000011 CR2=00000000 CR3=00000000 CR4=00000000
DR0=0000000000000000 DR1=0000000000000000 DR2=0000000000000000 DR3=0000000000000000 
DR6=00000000ffff0ff0 DR7=0000000000000400
CCS=00000044 CCD=00000000 CCO=EFLAGS
EFER=0000000000000000
Servicing hardware INT=0x08
   120: v=08 e=0000 i=0 cpl=0 IP=0008:00000000000108bc pc=0000000000f038bc SP=0010:000000000009eab0 env->regs[R_EAX]=0000000000000000
EAX=00000000 EBX=00000c00 ECX=00010246 EDX=ff1a96c0
ESI=02fb5b70 EDI=00000c00 EBP=0009eadc ESP=0009eab0
EIP=000108bc EFL=00000246 [---Z-P-] CPL=0 II=0 A20=1 SMM=0 HLT=0
ES =0010 00ef3000 ffffffff 00cf9300 DPL=0 DS   [-WA]
CS =0008 00ef3000 ffffffff 00cf9f00 DPL=0 CS32 [CRA]
SS =0010 00ef3000 ffffffff 00cf9300 DPL=0 DS   [-WA]
DS =0010 00ef3000 ffffffff 00cf9300 DPL=0 DS   [-WA]
FS =0010 00ef3000 ffffffff 00cf9300 DPL=0 DS   [-WA]
GS =0010 00ef3000 ffffffff 00cf9300 DPL=0 DS   [-WA]
LDT=0000 00000000 0000ffff 00008200 DPL=0 LDT
TR =0000 00000000 0000ffff 00008b00 DPL=0 TSS32-busy
GDT=     0009cf70 00000047
IDT=     00f0f9c0 000007ff
CR0=00000011 CR2=00000000 CR3=00000000 CR4=00000000
DR0=0000000000000000 DR1=0000000000000000 DR2=0000000000000000 DR3=0000000000000000 
DR6=00000000ffff0ff0 DR7=0000000000000400
CCS=00000044 CCD=00000000 CCO=EFLAGS
EFER=0000000000000000
Servicing hardware INT=0x08
   121: v=08 e=0000 i=0 cpl=0 IP=0008:00000000000108bc pc=0000000000f038bc SP=0010:000000000009eab0 env->regs[R_EAX]=0000000000000000
EAX=00000000 EBX=00000c00 ECX=00010246 EDX=ff1a96c0
ESI=02fb5b70 EDI=00000c00 EBP=0009eadc ESP=0009eab0
EIP=000108bc EFL=00000246 [---Z-P-] CPL=0 II=0 A20=1 SMM=0 HLT=0
ES =0010 00ef3000 ffffffff 00cf9300 DPL=0 DS   [-WA]
CS =0008 00ef3000 ffffffff 00cf9f00 DPL=0 CS32 [CRA]
SS =0010 00ef3000 ffffffff 00cf9300 DPL=0 DS   [-WA]
DS =0010 00ef3000 ffffffff 00cf9300 DPL=0 DS   [-WA]
FS =0010 00ef3000 ffffffff 00cf9300 DPL=0 DS   [-WA]
GS =0010 00ef3000 ffffffff 00cf9300 DPL=0 DS   [-WA]
LDT=0000 00000000 0000ffff 00008200 DPL=0 LDT
TR =0000 00000000 0000ffff 00008b00 DPL=0 TSS32-busy
GDT=     0009cf70 00000047
IDT=     00f0f9c0 000007ff
CR0=00000011 CR2=00000000 CR3=00000000 CR4=00000000
DR0=0000000000000000 DR1=0000000000000000 DR2=0000000000000000 DR3=0000000000000000 
DR6=00000000ffff0ff0 DR7=0000000000000400
CCS=00000044 CCD=00000000 CCO=EFLAGS
EFER=0000000000000000
Servicing hardware INT=0x08
   122: v=08 e=0000 i=0 cpl=0 IP=0008:00000000000108bc pc=0000000000f038bc SP=0010:000000000009eab0 env->regs[R_EAX]=0000000000000000
EAX=00000000 EBX=00000c00 ECX=00010246 EDX=ff1a96c0
ESI=02fb5b70 EDI=00000c00 EBP=0009eadc ESP=0009eab0
EIP=000108bc EFL=00000246 [---Z-P-] CPL=0 II=0 A20=1 SMM=0 HLT=0
ES =0010 00ef3000 ffffffff 00cf9300 DPL=0 DS   [-WA]
CS =0008 00ef3000 ffffffff 00cf9f00 DPL=0 CS32 [CRA]
SS =0010 00ef3000 ffffffff 00cf9300 DPL=0 DS   [-WA]
DS =0010 00ef3000 ffffffff 00cf9300 DPL=0 DS   [-WA]
FS =0010 00ef3000 ffffffff 00cf9300 DPL=0 DS   [-WA]
GS =0010 00ef3000 ffffffff 00cf9300 DPL=0 DS   [-WA]
LDT=0000 00000000 0000ffff 00008200 DPL=0 LDT
TR =0000 00000000 0000ffff 00008b00 DPL=0 TSS32-busy
GDT=     0009cf70 00000047
IDT=     00f0f9c0 000007ff
CR0=00000011 CR2=00000000 CR3=00000000 CR4=00000000
DR0=0000000000000000 DR1=0000000000000000 DR2=0000000000000000 DR3=0000000000000000 
DR6=00000000ffff0ff0 DR7=0000000000000400
CCS=00000044 CCD=00000000 CCO=EFLAGS
EFER=0000000000000000
Servicing hardware INT=0x08
   123: v=08 e=0000 i=0 cpl=0 IP=0008:00000000000108bc pc=0000000000f038bc SP=0010:000000000009eab0 env->regs[R_EAX]=0000000000000000
EAX=00000000 EBX=00000c00 ECX=00010246 EDX=ff1a96c0
ESI=02fb5b70 EDI=00000c00 EBP=0009eadc ESP=0009eab0
EIP=000108bc EFL=00000246 [---Z-P-] CPL=0 II=0 A20=1 SMM=0 HLT=0
ES =0010 00ef3000 ffffffff 00cf9300 DPL=0 DS   [-WA]
CS =0008 00ef3000 ffffffff 00cf9f00 DPL=0 CS32 [CRA]
SS =0010 00ef3000 ffffffff 00cf9300 DPL=0 DS   [-WA]
DS =0010 00ef3000 ffffffff 00cf9300 DPL=0 DS   [-WA]
FS =0010 00ef3000 ffffffff 00cf9300 DPL=0 DS   [-WA]
GS =0010 00ef3000 ffffffff 00cf9300 DPL=0 DS   [-WA]
LDT=0000 00000000 0000ffff 00008200 DPL=0 LDT
TR =0000 00000000 0000ffff 00008b00 DPL=0 TSS32-busy
GDT=     0009cf70 00000047
IDT=     00f0f9c0 000007ff
CR0=00000011 CR2=00000000 CR3=00000000 CR4=00000000
DR0=0000000000000000 DR1=0000000000000000 DR2=0000000000000000 DR3=0000000000000000 
DR6=00000000ffff0ff0 DR7=0000000000000400
CCS=00000044 CCD=00000000 CCO=EFLAGS
EFER=0000000000000000
Servicing hardware INT=0x08
   124: v=08 e=0000 i=0 cpl=0 IP=0008:00000000000108bc pc=0000000000f038bc SP=0010:000000000009eab0 env->regs[R_EAX]=0000000000000000
EAX=00000000 EBX=00000c00 ECX=00010246 EDX=ff1a96c0
ESI=02fb5b70 EDI=00000c00 EBP=0009eadc ESP=0009eab0
EIP=000108bc EFL=00000246 [---Z-P-] CPL=0 II=0 A20=1 SMM=0 HLT=0
ES =0010 00ef3000 ffffffff 00cf9300 DPL=0 DS   [-WA]
CS =0008 00ef3000 ffffffff 00cf9f00 DPL=0 CS32 [CRA]
SS =0010 00ef3000 ffffffff 00cf9300 DPL=0 DS   [-WA]
DS =0010 00ef3000 ffffffff 00cf9300 DPL=0 DS   [-WA]
FS =0010 00ef3000 ffffffff 00cf9300 DPL=0 DS   [-WA]
GS =0010 00ef3000 ffffffff 00cf9300 DPL=0 DS   [-WA]
LDT=0000 00000000 0000ffff 00008200 DPL=0 LDT
TR =0000 00000000 0000ffff 00008b00 DPL=0 TSS32-busy
GDT=     0009cf70 00000047
IDT=     00f0f9c0 000007ff
CR0=00000011 CR2=00000000 CR3=00000000 CR4=00000000
DR0=0000000000000000 DR1=0000000000000000 DR2=0000000000000000 DR3=0000000000000000 
DR6=00000000ffff0ff0 DR7=0000000000000400
CCS=00000044 CCD=00000000 CCO=EFLAGS
EFER=0000000000000000
Servicing hardware INT=0x08
   125: v=08 e=0000 i=0 cpl=0 IP=0008:00000000000108bc pc=0000000000f038bc SP=0010:000000000009eab0 env->regs[R_EAX]=0000000000000000
EAX=00000000 EBX=00000c00 ECX=00010246 EDX=ff1a96c0
ESI=02fb5b70 EDI=00000c00 EBP=0009eadc ESP=0009eab0
EIP=000108bc EFL=00000246 [---Z-P-] CPL=0 II=0 A20=1 SMM=0 HLT=0
ES =0010 00ef3000 ffffffff 00cf9300 DPL=0 DS   [-WA]
CS =0008 00ef3000 ffffffff 00cf9f00 DPL=0 CS32 [CRA]
SS =0010 00ef3000 ffffffff 00cf9300 DPL=0 DS   [-WA]
DS =0010 00ef3000 ffffffff 00cf9300 DPL=0 DS   [-WA]
FS =0010 00ef3000 ffffffff 00cf9300 DPL=0 DS   [-WA]
GS =0010 00ef3000 ffffffff 00cf9300 DPL=0 DS   [-WA]
LDT=0000 00000000 0000ffff 00008200 DPL=0 LDT
TR =0000 00000000 0000ffff 00008b00 DPL=0 TSS32-busy
GDT=     0009cf70 00000047
IDT=     00f0f9c0 000007ff
CR0=00000011 CR2=00000000 CR3=00000000 CR4=00000000
DR0=0000000000000000 DR1=0000000000000000 DR2=0000000000000000 DR3=0000000000000000 
DR6=00000000ffff0ff0 DR7=0000000000000400
CCS=00000044 CCD=00000000 CCO=EFLAGS
EFER=0000000000000000
Servicing hardware INT=0x08
   126: v=08 e=0000 i=0 cpl=0 IP=0008:00000000000108bc pc=0000000000f038bc SP=0010:000000000009eab0 env->regs[R_EAX]=0000000000000000
EAX=00000000 EBX=00000c00 ECX=00010246 EDX=ff1a96c0
ESI=02fb5b70 EDI=00000c00 EBP=0009eadc ESP=0009eab0
EIP=000108bc EFL=00000246 [---Z-P-] CPL=0 II=0 A20=1 SMM=0 HLT=0
ES =0010 00ef3000 ffffffff 00cf9300 DPL=0 DS   [-WA]
CS =0008 00ef3000 ffffffff 00cf9f00 DPL=0 CS32 [CRA]
SS =0010 00ef3000 ffffffff 00cf9300 DPL=0 DS   [-WA]
DS =0010 00ef3000 ffffffff 00cf9300 DPL=0 DS   [-WA]
FS =0010 00ef3000 ffffffff 00cf9300 DPL=0 DS   [-WA]
GS =0010 00ef3000 ffffffff 00cf9300 DPL=0 DS   [-WA]
LDT=0000 00000000 0000ffff 00008200 DPL=0 LDT
TR =0000 00000000 0000ffff 00008b00 DPL=0 TSS32-busy
GDT=     0009cf70 00000047
IDT=     00f0f9c0 000007ff
CR0=00000011 CR2=00000000 CR3=00000000 CR4=00000000
DR0=0000000000000000 DR1=0000000000000000 DR2=0000000000000000 DR3=0000000000000000 
DR6=00000000ffff0ff0 DR7=0000000000000400
CCS=00000044 CCD=00000000 CCO=EFLAGS
EFER=0000000000000000
Servicing hardware INT=0x08
   127: v=08 e=0000 i=0 cpl=0 IP=0008:00000000000108bc pc=0000000000f038bc SP=0010:000000000009eab0 env->regs[R_EAX]=0000000000000000
EAX=00000000 EBX=00000c00 ECX=00010246 EDX=ff1a96c0
ESI=02fb5b70 EDI=00000c00 EBP=0009eadc ESP=0009eab0
EIP=000108bc EFL=00000246 [---Z-P-] CPL=0 II=0 A20=1 SMM=0 HLT=0
ES =0010 00ef3000 ffffffff 00cf9300 DPL=0 DS   [-WA]
CS =0008 00ef3000 ffffffff 00cf9f00 DPL=0 CS32 [CRA]
SS =0010 00ef3000 ffffffff 00cf9300 DPL=0 DS   [-WA]
DS =0010 00ef3000 ffffffff 00cf9300 DPL=0 DS   [-WA]
FS =0010 00ef3000 ffffffff 00cf9300 DPL=0 DS   [-WA]
GS =0010 00ef3000 ffffffff 00cf9300 DPL=0 DS   [-WA]
LDT=0000 00000000 0000ffff 00008200 DPL=0 LDT
TR =0000 00000000 0000ffff 00008b00 DPL=0 TSS32-busy
GDT=     0009cf70 00000047
IDT=     00f0f9c0 000007ff
CR0=00000011 CR2=00000000 CR3=00000000 CR4=00000000
DR0=0000000000000000 DR1=0000000000000000 DR2=0000000000000000 DR3=0000000000000000 
DR6=00000000ffff0ff0 DR7=0000000000000400
CCS=00000044 CCD=00000000 CCO=EFLAGS
EFER=0000000000000000
Servicing hardware INT=0x08
   128: v=08 e=0000 i=0 cpl=0 IP=0008:00000000000108bc pc=0000000000f038bc SP=0010:000000000009eab0 env->regs[R_EAX]=0000000000000000
EAX=00000000 EBX=00000c00 ECX=00010246 EDX=ff1a96c0
ESI=02fb5b70 EDI=00000c00 EBP=0009eadc ESP=0009eab0
EIP=000108bc EFL=00000246 [---Z-P-] CPL=0 II=0 A20=1 SMM=0 HLT=0
ES =0010 00ef3000 ffffffff 00cf9300 DPL=0 DS   [-WA]
CS =0008 00ef3000 ffffffff 00cf9f00 DPL=0 CS32 [CRA]
SS =0010 00ef3000 ffffffff 00cf9300 DPL=0 DS   [-WA]
DS =0010 00ef3000 ffffffff 00cf9300 DPL=0 DS   [-WA]
FS =0010 00ef3000 ffffffff 00cf9300 DPL=0 DS   [-WA]
GS =0010 00ef3000 ffffffff 00cf9300 DPL=0 DS   [-WA]
LDT=0000 00000000 0000ffff 00008200 DPL=0 LDT
TR =0000 00000000 0000ffff 00008b00 DPL=0 TSS32-busy
GDT=     0009cf70 00000047
IDT=     00f0f9c0 000007ff
CR0=00000011 CR2=00000000 CR3=00000000 CR4=00000000
DR0=0000000000000000 DR1=0000000000000000 DR2=0000000000000000 DR3=0000000000000000 
DR6=00000000ffff0ff0 DR7=0000000000000400
CCS=00000044 CCD=00000000 CCO=EFLAGS
EFER=0000000000000000
Servicing hardware INT=0x08
   129: v=08 e=0000 i=0 cpl=0 IP=0008:00000000000108bc pc=0000000000f038bc SP=0010:000000000009eab0 env->regs[R_EAX]=0000000000000000
EAX=00000000 EBX=00000c00 ECX=00010246 EDX=ff1a96c0
ESI=02fb5b70 EDI=00000c00 EBP=0009eadc ESP=0009eab0
EIP=000108bc EFL=00000246 [---Z-P-] CPL=0 II=0 A20=1 SMM=0 HLT=0
ES =0010 00ef3000 ffffffff 00cf9300 DPL=0 DS   [-WA]
CS =0008 00ef3000 ffffffff 00cf9f00 DPL=0 CS32 [CRA]
SS =0010 00ef3000 ffffffff 00cf9300 DPL=0 DS   [-WA]
DS =0010 00ef3000 ffffffff 00cf9300 DPL=0 DS   [-WA]
FS =0010 00ef3000 ffffffff 00cf9300 DPL=0 DS   [-WA]
GS =0010 00ef3000 ffffffff 00cf9300 DPL=0 DS   [-WA]
LDT=0000 00000000 0000ffff 00008200 DPL=0 LDT
TR =0000 00000000 0000ffff 00008b00 DPL=0 TSS32-busy
GDT=     0009cf70 00000047
IDT=     00f0f9c0 000007ff
CR0=00000011 CR2=00000000 CR3=00000000 CR4=00000000
DR0=0000000000000000 DR1=0000000000000000 DR2=0000000000000000 DR3=0000000000000000 
DR6=00000000ffff0ff0 DR7=0000000000000400
CCS=00000044 CCD=00000000 CCO=EFLAGS
EFER=0000000000000000
Servicing hardware INT=0x08
   130: v=08 e=0000 i=0 cpl=0 IP=0008:00000000000108bc pc=0000000000f038bc SP=0010:000000000009eab0 env->regs[R_EAX]=0000000000000000
EAX=00000000 EBX=00000c00 ECX=00010246 EDX=ff1a96c0
ESI=02fb5b70 EDI=00000c00 EBP=0009eadc ESP=0009eab0
EIP=000108bc EFL=00000246 [---Z-P-] CPL=0 II=0 A20=1 SMM=0 HLT=0
ES =0010 00ef3000 ffffffff 00cf9300 DPL=0 DS   [-WA]
CS =0008 00ef3000 ffffffff 00cf9f00 DPL=0 CS32 [CRA]
SS =0010 00ef3000 ffffffff 00cf9300 DPL=0 DS   [-WA]
DS =0010 00ef3000 ffffffff 00cf9300 DPL=0 DS   [-WA]
FS =0010 00ef3000 ffffffff 00cf9300 DPL=0 DS   [-WA]
GS =0010 00ef3000 ffffffff 00cf9300 DPL=0 DS   [-WA]
LDT=0000 00000000 0000ffff 00008200 DPL=0 LDT
TR =0000 00000000 0000ffff 00008b00 DPL=0 TSS32-busy
GDT=     0009cf70 00000047
IDT=     00f0f9c0 000007ff
CR0=00000011 CR2=00000000 CR3=00000000 CR4=00000000
DR0=0000000000000000 DR1=0000000000000000 DR2=0000000000000000 DR3=0000000000000000 
DR6=00000000ffff0ff0 DR7=0000000000000400
CCS=00000044 CCD=00000000 CCO=EFLAGS
EFER=0000000000000000
Servicing hardware INT=0x08
   131: v=08 e=0000 i=0 cpl=0 IP=0008:00000000000108bc pc=0000000000f038bc SP=0010:000000000009eab0 env->regs[R_EAX]=0000000000000000
EAX=00000000 EBX=00000c00 ECX=00010246 EDX=ff1a96c0
ESI=02fb5b70 EDI=00000c00 EBP=0009eadc ESP=0009eab0
EIP=000108bc EFL=00000246 [---Z-P-] CPL=0 II=0 A20=1 SMM=0 HLT=0
ES =0010 00ef3000 ffffffff 00cf9300 DPL=0 DS   [-WA]
CS =0008 00ef3000 ffffffff 00cf9f00 DPL=0 CS32 [CRA]
SS =0010 00ef3000 ffffffff 00cf9300 DPL=0 DS   [-WA]
DS =0010 00ef3000 ffffffff 00cf9300 DPL=0 DS   [-WA]
FS =0010 00ef3000 ffffffff 00cf9300 DPL=0 DS   [-WA]
GS =0010 00ef3000 ffffffff 00cf9300 DPL=0 DS   [-WA]
LDT=0000 00000000 0000ffff 00008200 DPL=0 LDT
TR =0000 00000000 0000ffff 00008b00 DPL=0 TSS32-busy
GDT=     0009cf70 00000047
IDT=     00f0f9c0 000007ff
CR0=00000011 CR2=00000000 CR3=00000000 CR4=00000000
DR0=0000000000000000 DR1=0000000000000000 DR2=0000000000000000 DR3=0000000000000000 
DR6=00000000ffff0ff0 DR7=0000000000000400
CCS=00000044 CCD=00000000 CCO=EFLAGS
EFER=0000000000000000
Servicing hardware INT=0x08
   132: v=08 e=0000 i=0 cpl=0 IP=0008:00000000000108bc pc=0000000000f038bc SP=0010:000000000009eab0 env->regs[R_EAX]=0000000000000000
EAX=00000000 EBX=00000c00 ECX=00010246 EDX=ff1a96c0
ESI=02fb5b70 EDI=00000c00 EBP=0009eadc ESP=0009eab0
EIP=000108bc EFL=00000246 [---Z-P-] CPL=0 II=0 A20=1 SMM=0 HLT=0
ES =0010 00ef3000 ffffffff 00cf9300 DPL=0 DS   [-WA]
CS =0008 00ef3000 ffffffff 00cf9f00 DPL=0 CS32 [CRA]
SS =0010 00ef3000 ffffffff 00cf9300 DPL=0 DS   [-WA]
DS =0010 00ef3000 ffffffff 00cf9300 DPL=0 DS   [-WA]
FS =0010 00ef3000 ffffffff 00cf9300 DPL=0 DS   [-WA]
GS =0010 00ef3000 ffffffff 00cf9300 DPL=0 DS   [-WA]
LDT=0000 00000000 0000ffff 00008200 DPL=0 LDT
TR =0000 00000000 0000ffff 00008b00 DPL=0 TSS32-busy
GDT=     0009cf70 00000047
IDT=     00f0f9c0 000007ff
CR0=00000011 CR2=00000000 CR3=00000000 CR4=00000000
DR0=0000000000000000 DR1=0000000000000000 DR2=0000000000000000 DR3=0000000000000000 
DR6=00000000ffff0ff0 DR7=0000000000000400
CCS=00000044 CCD=00000000 CCO=EFLAGS
EFER=0000000000000000
Servicing hardware INT=0x08
   133: v=08 e=0000 i=0 cpl=0 IP=0008:00000000000108bc pc=0000000000f038bc SP=0010:000000000009eab0 env->regs[R_EAX]=0000000000000000
EAX=00000000 EBX=00000c00 ECX=00010246 EDX=ff1a96c0
ESI=02fb5b70 EDI=00000c00 EBP=0009eadc ESP=0009eab0
EIP=000108bc EFL=00000246 [---Z-P-] CPL=0 II=0 A20=1 SMM=0 HLT=0
ES =0010 00ef3000 ffffffff 00cf9300 DPL=0 DS   [-WA]
CS =0008 00ef3000 ffffffff 00cf9f00 DPL=0 CS32 [CRA]
SS =0010 00ef3000 ffffffff 00cf9300 DPL=0 DS   [-WA]
DS =0010 00ef3000 ffffffff 00cf9300 DPL=0 DS   [-WA]
FS =0010 00ef3000 ffffffff 00cf9300 DPL=0 DS   [-WA]
GS =0010 00ef3000 ffffffff 00cf9300 DPL=0 DS   [-WA]
LDT=0000 00000000 0000ffff 00008200 DPL=0 LDT
TR =0000 00000000 0000ffff 00008b00 DPL=0 TSS32-busy
GDT=     0009cf70 00000047
IDT=     00f0f9c0 000007ff
CR0=00000011 CR2=00000000 CR3=00000000 CR4=00000000
DR0=0000000000000000 DR1=0000000000000000 DR2=0000000000000000 DR3=0000000000000000 
DR6=00000000ffff0ff0 DR7=0000000000000400
CCS=00000044 CCD=00000000 CCO=EFLAGS
EFER=0000000000000000
Servicing hardware INT=0x08
   134: v=08 e=0000 i=0 cpl=0 IP=0008:00000000000108bc pc=0000000000f038bc SP=0010:000000000009eab0 env->regs[R_EAX]=0000000000000000
EAX=00000000 EBX=00000c00 ECX=00010246 EDX=ff1a96c0
ESI=02fb5b70 EDI=00000c00 EBP=0009eadc ESP=0009eab0
EIP=000108bc EFL=00000246 [---Z-P-] CPL=0 II=0 A20=1 SMM=0 HLT=0
ES =0010 00ef3000 ffffffff 00cf9300 DPL=0 DS   [-WA]
CS =0008 00ef3000 ffffffff 00cf9f00 DPL=0 CS32 [CRA]
SS =0010 00ef3000 ffffffff 00cf9300 DPL=0 DS   [-WA]
DS =0010 00ef3000 ffffffff 00cf9300 DPL=0 DS   [-WA]
FS =0010 00ef3000 ffffffff 00cf9300 DPL=0 DS   [-WA]
GS =0010 00ef3000 ffffffff 00cf9300 DPL=0 DS   [-WA]
LDT=0000 00000000 0000ffff 00008200 DPL=0 LDT
TR =0000 00000000 0000ffff 00008b00 DPL=0 TSS32-busy
GDT=     0009cf70 00000047
IDT=     00f0f9c0 000007ff
CR0=00000011 CR2=00000000 CR3=00000000 CR4=00000000
DR0=0000000000000000 DR1=0000000000000000 DR2=0000000000000000 DR3=0000000000000000 
DR6=00000000ffff0ff0 DR7=0000000000000400
CCS=00000044 CCD=00000000 CCO=EFLAGS
EFER=0000000000000000
Servicing hardware INT=0x08
   135: v=08 e=0000 i=0 cpl=0 IP=0008:00000000000108bc pc=0000000000f038bc SP=0010:000000000009eab0 env->regs[R_EAX]=0000000000000000
EAX=00000000 EBX=00000c00 ECX=00010246 EDX=ff1a96c0
ESI=02fb5b70 EDI=00000c00 EBP=0009eadc ESP=0009eab0
EIP=000108bc EFL=00000246 [---Z-P-] CPL=0 II=0 A20=1 SMM=0 HLT=0
ES =0010 00ef3000 ffffffff 00cf9300 DPL=0 DS   [-WA]
CS =0008 00ef3000 ffffffff 00cf9f00 DPL=0 CS32 [CRA]
SS =0010 00ef3000 ffffffff 00cf9300 DPL=0 DS   [-WA]
DS =0010 00ef3000 ffffffff 00cf9300 DPL=0 DS   [-WA]
FS =0010 00ef3000 ffffffff 00cf9300 DPL=0 DS   [-WA]
GS =0010 00ef3000 ffffffff 00cf9300 DPL=0 DS   [-WA]
LDT=0000 00000000 0000ffff 00008200 DPL=0 LDT
TR =0000 00000000 0000ffff 00008b00 DPL=0 TSS32-busy
GDT=     0009cf70 00000047
IDT=     00f0f9c0 000007ff
CR0=00000011 CR2=00000000 CR3=00000000 CR4=00000000
DR0=0000000000000000 DR1=0000000000000000 DR2=0000000000000000 DR3=0000000000000000 
DR6=00000000ffff0ff0 DR7=0000000000000400
CCS=00000044 CCD=00000000 CCO=EFLAGS
EFER=0000000000000000
Servicing hardware INT=0x08
   136: v=08 e=0000 i=0 cpl=0 IP=0008:00000000000108bc pc=0000000000f038bc SP=0010:000000000009eab0 env->regs[R_EAX]=0000000000000000
EAX=00000000 EBX=00000c00 ECX=00010246 EDX=ff1a96c0
ESI=02fb5b70 EDI=00000c00 EBP=0009eadc ESP=0009eab0
EIP=000108bc EFL=00000246 [---Z-P-] CPL=0 II=0 A20=1 SMM=0 HLT=0
ES =0010 00ef3000 ffffffff 00cf9300 DPL=0 DS   [-WA]
CS =0008 00ef3000 ffffffff 00cf9f00 DPL=0 CS32 [CRA]
SS =0010 00ef3000 ffffffff 00cf9300 DPL=0 DS   [-WA]
DS =0010 00ef3000 ffffffff 00cf9300 DPL=0 DS   [-WA]
FS =0010 00ef3000 ffffffff 00cf9300 DPL=0 DS   [-WA]
GS =0010 00ef3000 ffffffff 00cf9300 DPL=0 DS   [-WA]
LDT=0000 00000000 0000ffff 00008200 DPL=0 LDT
TR =0000 00000000 0000ffff 00008b00 DPL=0 TSS32-busy
GDT=     0009cf70 00000047
IDT=     00f0f9c0 000007ff
CR0=00000011 CR2=00000000 CR3=00000000 CR4=00000000
DR0=0000000000000000 DR1=0000000000000000 DR2=0000000000000000 DR3=0000000000000000 
DR6=00000000ffff0ff0 DR7=0000000000000400
CCS=00000044 CCD=00000000 CCO=EFLAGS
EFER=0000000000000000
Servicing hardware INT=0x08
   137: v=08 e=0000 i=0 cpl=0 IP=0008:00000000000108bc pc=0000000000f038bc SP=0010:000000000009eab0 env->regs[R_EAX]=0000000000000000
EAX=00000000 EBX=00000c00 ECX=00010246 EDX=ff1a96c0
ESI=02fb5b70 EDI=00000c00 EBP=0009eadc ESP=0009eab0
EIP=000108bc EFL=00000246 [---Z-P-] CPL=0 II=0 A20=1 SMM=0 HLT=0
ES =0010 00ef3000 ffffffff 00cf9300 DPL=0 DS   [-WA]
CS =0008 00ef3000 ffffffff 00cf9f00 DPL=0 CS32 [CRA]
SS =0010 00ef3000 ffffffff 00cf9300 DPL=0 DS   [-WA]
DS =0010 00ef3000 ffffffff 00cf9300 DPL=0 DS   [-WA]
FS =0010 00ef3000 ffffffff 00cf9300 DPL=0 DS   [-WA]
GS =0010 00ef3000 ffffffff 00cf9300 DPL=0 DS   [-WA]
LDT=0000 00000000 0000ffff 00008200 DPL=0 LDT
TR =0000 00000000 0000ffff 00008b00 DPL=0 TSS32-busy
GDT=     0009cf70 00000047
IDT=     00f0f9c0 000007ff
CR0=00000011 CR2=00000000 CR3=00000000 CR4=00000000
DR0=0000000000000000 DR1=0000000000000000 DR2=0000000000000000 DR3=0000000000000000 
DR6=00000000ffff0ff0 DR7=0000000000000400
CCS=00000044 CCD=00000000 CCO=EFLAGS
EFER=0000000000000000
Servicing hardware INT=0x08
   138: v=08 e=0000 i=0 cpl=0 IP=0008:00000000000108bc pc=0000000000f038bc SP=0010:000000000009eab0 env->regs[R_EAX]=0000000000000000
EAX=00000000 EBX=00000c00 ECX=00010246 EDX=ff1a96c0
ESI=02fb5b70 EDI=00000c00 EBP=0009eadc ESP=0009eab0
EIP=000108bc EFL=00000246 [---Z-P-] CPL=0 II=0 A20=1 SMM=0 HLT=0
ES =0010 00ef3000 ffffffff 00cf9300 DPL=0 DS   [-WA]
CS =0008 00ef3000 ffffffff 00cf9f00 DPL=0 CS32 [CRA]
SS =0010 00ef3000 ffffffff 00cf9300 DPL=0 DS   [-WA]
DS =0010 00ef3000 ffffffff 00cf9300 DPL=0 DS   [-WA]
FS =0010 00ef3000 ffffffff 00cf9300 DPL=0 DS   [-WA]
GS =0010 00ef3000 ffffffff 00cf9300 DPL=0 DS   [-WA]
LDT=0000 00000000 0000ffff 00008200 DPL=0 LDT
TR =0000 00000000 0000ffff 00008b00 DPL=0 TSS32-busy
GDT=     0009cf70 00000047
IDT=     00f0f9c0 000007ff
CR0=00000011 CR2=00000000 CR3=00000000 CR4=00000000
DR0=0000000000000000 DR1=0000000000000000 DR2=0000000000000000 DR3=0000000000000000 
DR6=00000000ffff0ff0 DR7=0000000000000400
CCS=00000044 CCD=00000000 CCO=EFLAGS
EFER=0000000000000000
Servicing hardware INT=0x08
   139: v=08 e=0000 i=0 cpl=0 IP=0008:00000000000108bc pc=0000000000f038bc SP=0010:000000000009eab0 env->regs[R_EAX]=0000000000000000
EAX=00000000 EBX=00000c00 ECX=00010246 EDX=ff1a96c0
ESI=02fb5b70 EDI=00000c00 EBP=0009eadc ESP=0009eab0
EIP=000108bc EFL=00000246 [---Z-P-] CPL=0 II=0 A20=1 SMM=0 HLT=0
ES =0010 00ef3000 ffffffff 00cf9300 DPL=0 DS   [-WA]
CS =0008 00ef3000 ffffffff 00cf9f00 DPL=0 CS32 [CRA]
SS =0010 00ef3000 ffffffff 00cf9300 DPL=0 DS   [-WA]
DS =0010 00ef3000 ffffffff 00cf9300 DPL=0 DS   [-WA]
FS =0010 00ef3000 ffffffff 00cf9300 DPL=0 DS   [-WA]
GS =0010 00ef3000 ffffffff 00cf9300 DPL=0 DS   [-WA]
LDT=0000 00000000 0000ffff 00008200 DPL=0 LDT
TR =0000 00000000 0000ffff 00008b00 DPL=0 TSS32-busy
GDT=     0009cf70 00000047
IDT=     00f0f9c0 000007ff
CR0=00000011 CR2=00000000 CR3=00000000 CR4=00000000
DR0=0000000000000000 DR1=0000000000000000 DR2=0000000000000000 DR3=0000000000000000 
DR6=00000000ffff0ff0 DR7=0000000000000400
CCS=00000044 CCD=00000000 CCO=EFLAGS
EFER=0000000000000000
Servicing hardware INT=0x08
   140: v=08 e=0000 i=0 cpl=0 IP=0008:00000000000108bc pc=0000000000f038bc SP=0010:000000000009eab0 env->regs[R_EAX]=0000000000000000
EAX=00000000 EBX=00000c00 ECX=00010246 EDX=ff1a96c0
ESI=02fb5b70 EDI=00000c00 EBP=0009eadc ESP=0009eab0
EIP=000108bc EFL=00000246 [---Z-P-] CPL=0 II=0 A20=1 SMM=0 HLT=0
ES =0010 00ef3000 ffffffff 00cf9300 DPL=0 DS   [-WA]
CS =0008 00ef3000 ffffffff 00cf9f00 DPL=0 CS32 [CRA]
SS =0010 00ef3000 ffffffff 00cf9300 DPL=0 DS   [-WA]
DS =0010 00ef3000 ffffffff 00cf9300 DPL=0 DS   [-WA]
FS =0010 00ef3000 ffffffff 00cf9300 DPL=0 DS   [-WA]
GS =0010 00ef3000 ffffffff 00cf9300 DPL=0 DS   [-WA]
LDT=0000 00000000 0000ffff 00008200 DPL=0 LDT
TR =0000 00000000 0000ffff 00008b00 DPL=0 TSS32-busy
GDT=     0009cf70 00000047
IDT=     00f0f9c0 000007ff
CR0=00000011 CR2=00000000 CR3=00000000 CR4=00000000
DR0=0000000000000000 DR1=0000000000000000 DR2=0000000000000000 DR3=0000000000000000 
DR6=00000000ffff0ff0 DR7=0000000000000400
CCS=00000044 CCD=00000000 CCO=EFLAGS
EFER=0000000000000000
Servicing hardware INT=0x08
   141: v=08 e=0000 i=0 cpl=0 IP=0008:00000000000108bc pc=0000000000f038bc SP=0010:000000000009eab0 env->regs[R_EAX]=0000000000000000
EAX=00000000 EBX=00000c00 ECX=00010246 EDX=ff1a96c0
ESI=02fb5b70 EDI=00000c00 EBP=0009eadc ESP=0009eab0
EIP=000108bc EFL=00000246 [---Z-P-] CPL=0 II=0 A20=1 SMM=0 HLT=0
ES =0010 00ef3000 ffffffff 00cf9300 DPL=0 DS   [-WA]
CS =0008 00ef3000 ffffffff 00cf9f00 DPL=0 CS32 [CRA]
SS =0010 00ef3000 ffffffff 00cf9300 DPL=0 DS   [-WA]
DS =0010 00ef3000 ffffffff 00cf9300 DPL=0 DS   [-WA]
FS =0010 00ef3000 ffffffff 00cf9300 DPL=0 DS   [-WA]
GS =0010 00ef3000 ffffffff 00cf9300 DPL=0 DS   [-WA]
LDT=0000 00000000 0000ffff 00008200 DPL=0 LDT
TR =0000 00000000 0000ffff 00008b00 DPL=0 TSS32-busy
GDT=     0009cf70 00000047
IDT=     00f0f9c0 000007ff
CR0=00000011 CR2=00000000 CR3=00000000 CR4=00000000
DR0=0000000000000000 DR1=0000000000000000 DR2=0000000000000000 DR3=0000000000000000 
DR6=00000000ffff0ff0 DR7=0000000000000400
CCS=00000044 CCD=00000000 CCO=EFLAGS
EFER=0000000000000000
Servicing hardware INT=0x08
   142: v=08 e=0000 i=0 cpl=0 IP=0008:00000000000108bc pc=0000000000f038bc SP=0010:000000000009eab0 env->regs[R_EAX]=0000000000000000
EAX=00000000 EBX=00000c00 ECX=00010246 EDX=ff1a96c0
ESI=02fb5b70 EDI=00000c00 EBP=0009eadc ESP=0009eab0
EIP=000108bc EFL=00000246 [---Z-P-] CPL=0 II=0 A20=1 SMM=0 HLT=0
ES =0010 00ef3000 ffffffff 00cf9300 DPL=0 DS   [-WA]
CS =0008 00ef3000 ffffffff 00cf9f00 DPL=0 CS32 [CRA]
SS =0010 00ef3000 ffffffff 00cf9300 DPL=0 DS   [-WA]
DS =0010 00ef3000 ffffffff 00cf9300 DPL=0 DS   [-WA]
FS =0010 00ef3000 ffffffff 00cf9300 DPL=0 DS   [-WA]
GS =0010 00ef3000 ffffffff 00cf9300 DPL=0 DS   [-WA]
LDT=0000 00000000 0000ffff 00008200 DPL=0 LDT
TR =0000 00000000 0000ffff 00008b00 DPL=0 TSS32-busy
GDT=     0009cf70 00000047
IDT=     00f0f9c0 000007ff
CR0=00000011 CR2=00000000 CR3=00000000 CR4=00000000
DR0=0000000000000000 DR1=0000000000000000 DR2=0000000000000000 DR3=0000000000000000 
DR6=00000000ffff0ff0 DR7=0000000000000400
CCS=00000044 CCD=00000000 CCO=EFLAGS
EFER=0000000000000000
Servicing hardware INT=0x08
   143: v=08 e=0000 i=0 cpl=0 IP=0008:00000000000108bc pc=0000000000f038bc SP=0010:000000000009eab0 env->regs[R_EAX]=0000000000000000
EAX=00000000 EBX=00000c00 ECX=00010246 EDX=ff1a96c0
ESI=02fb5b70 EDI=00000c00 EBP=0009eadc ESP=0009eab0
EIP=000108bc EFL=00000246 [---Z-P-] CPL=0 II=0 A20=1 SMM=0 HLT=0
ES =0010 00ef3000 ffffffff 00cf9300 DPL=0 DS   [-WA]
CS =0008 00ef3000 ffffffff 00cf9f00 DPL=0 CS32 [CRA]
SS =0010 00ef3000 ffffffff 00cf9300 DPL=0 DS   [-WA]
DS =0010 00ef3000 ffffffff 00cf9300 DPL=0 DS   [-WA]
FS =0010 00ef3000 ffffffff 00cf9300 DPL=0 DS   [-WA]
GS =0010 00ef3000 ffffffff 00cf9300 DPL=0 DS   [-WA]
LDT=0000 00000000 0000ffff 00008200 DPL=0 LDT
TR =0000 00000000 0000ffff 00008b00 DPL=0 TSS32-busy
GDT=     0009cf70 00000047
IDT=     00f0f9c0 000007ff
CR0=00000011 CR2=00000000 CR3=00000000 CR4=00000000
DR0=0000000000000000 DR1=0000000000000000 DR2=0000000000000000 DR3=0000000000000000 
DR6=00000000ffff0ff0 DR7=0000000000000400
CCS=00000044 CCD=00000000 CCO=EFLAGS
EFER=0000000000000000
Servicing hardware INT=0x08
   144: v=08 e=0000 i=0 cpl=0 IP=0008:00000000000108bc pc=0000000000f038bc SP=0010:000000000009eab0 env->regs[R_EAX]=0000000000000000
EAX=00000000 EBX=00000c00 ECX=00010246 EDX=ff1a96c0
ESI=02fb5b70 EDI=00000c00 EBP=0009eadc ESP=0009eab0
EIP=000108bc EFL=00000246 [---Z-P-] CPL=0 II=0 A20=1 SMM=0 HLT=0
ES =0010 00ef3000 ffffffff 00cf9300 DPL=0 DS   [-WA]
CS =0008 00ef3000 ffffffff 00cf9f00 DPL=0 CS32 [CRA]
SS =0010 00ef3000 ffffffff 00cf9300 DPL=0 DS   [-WA]
DS =0010 00ef3000 ffffffff 00cf9300 DPL=0 DS   [-WA]
FS =0010 00ef3000 ffffffff 00cf9300 DPL=0 DS   [-WA]
GS =0010 00ef3000 ffffffff 00cf9300 DPL=0 DS   [-WA]
LDT=0000 00000000 0000ffff 00008200 DPL=0 LDT
TR =0000 00000000 0000ffff 00008b00 DPL=0 TSS32-busy
GDT=     0009cf70 00000047
IDT=     00f0f9c0 000007ff
CR0=00000011 CR2=00000000 CR3=00000000 CR4=00000000
DR0=0000000000000000 DR1=0000000000000000 DR2=0000000000000000 DR3=0000000000000000 
DR6=00000000ffff0ff0 DR7=0000000000000400
CCS=00000044 CCD=00000000 CCO=EFLAGS
EFER=0000000000000000
Servicing hardware INT=0x08
   145: v=08 e=0000 i=0 cpl=0 IP=0008:00000000000108bc pc=0000000000f038bc SP=0010:000000000009eab0 env->regs[R_EAX]=0000000000000000
EAX=00000000 EBX=00000c00 ECX=00010246 EDX=ff1a96c0
ESI=02fb5b70 EDI=00000c00 EBP=0009eadc ESP=0009eab0
EIP=000108bc EFL=00000246 [---Z-P-] CPL=0 II=0 A20=1 SMM=0 HLT=0
ES =0010 00ef3000 ffffffff 00cf9300 DPL=0 DS   [-WA]
CS =0008 00ef3000 ffffffff 00cf9f00 DPL=0 CS32 [CRA]
SS =0010 00ef3000 ffffffff 00cf9300 DPL=0 DS   [-WA]
DS =0010 00ef3000 ffffffff 00cf9300 DPL=0 DS   [-WA]
FS =0010 00ef3000 ffffffff 00cf9300 DPL=0 DS   [-WA]
GS =0010 00ef3000 ffffffff 00cf9300 DPL=0 DS   [-WA]
LDT=0000 00000000 0000ffff 00008200 DPL=0 LDT
TR =0000 00000000 0000ffff 00008b00 DPL=0 TSS32-busy
GDT=     0009cf70 00000047
IDT=     00f0f9c0 000007ff
CR0=00000011 CR2=00000000 CR3=00000000 CR4=00000000
DR0=0000000000000000 DR1=0000000000000000 DR2=0000000000000000 DR3=0000000000000000 
DR6=00000000ffff0ff0 DR7=0000000000000400
CCS=00000044 CCD=00000000 CCO=EFLAGS
EFER=0000000000000000
Servicing hardware INT=0x08
   146: v=08 e=0000 i=0 cpl=0 IP=0008:00000000000108bc pc=0000000000f038bc SP=0010:000000000009eab0 env->regs[R_EAX]=0000000000000000
EAX=00000000 EBX=00000c00 ECX=00010246 EDX=ff1a96c0
ESI=02fb5b70 EDI=00000c00 EBP=0009eadc ESP=0009eab0
EIP=000108bc EFL=00000246 [---Z-P-] CPL=0 II=0 A20=1 SMM=0 HLT=0
ES =0010 00ef3000 ffffffff 00cf9300 DPL=0 DS   [-WA]
CS =0008 00ef3000 ffffffff 00cf9f00 DPL=0 CS32 [CRA]
SS =0010 00ef3000 ffffffff 00cf9300 DPL=0 DS   [-WA]
DS =0010 00ef3000 ffffffff 00cf9300 DPL=0 DS   [-WA]
FS =0010 00ef3000 ffffffff 00cf9300 DPL=0 DS   [-WA]
GS =0010 00ef3000 ffffffff 00cf9300 DPL=0 DS   [-WA]
LDT=0000 00000000 0000ffff 00008200 DPL=0 LDT
TR =0000 00000000 0000ffff 00008b00 DPL=0 TSS32-busy
GDT=     0009cf70 00000047
IDT=     00f0f9c0 000007ff
CR0=00000011 CR2=00000000 CR3=00000000 CR4=00000000
DR0=0000000000000000 DR1=0000000000000000 DR2=0000000000000000 DR3=0000000000000000 
DR6=00000000ffff0ff0 DR7=0000000000000400
CCS=00000044 CCD=00000000 CCO=EFLAGS
EFER=0000000000000000
Servicing hardware INT=0x08
   147: v=08 e=0000 i=0 cpl=0 IP=0008:00000000000108bc pc=0000000000f038bc SP=0010:000000000009eab0 env->regs[R_EAX]=0000000000000000
EAX=00000000 EBX=00000c00 ECX=00010246 EDX=ff1a96c0
ESI=02fb5b70 EDI=00000c00 EBP=0009eadc ESP=0009eab0
EIP=000108bc EFL=00000246 [---Z-P-] CPL=0 II=0 A20=1 SMM=0 HLT=0
ES =0010 00ef3000 ffffffff 00cf9300 DPL=0 DS   [-WA]
CS =0008 00ef3000 ffffffff 00cf9f00 DPL=0 CS32 [CRA]
SS =0010 00ef3000 ffffffff 00cf9300 DPL=0 DS   [-WA]
DS =0010 00ef3000 ffffffff 00cf9300 DPL=0 DS   [-WA]
FS =0010 00ef3000 ffffffff 00cf9300 DPL=0 DS   [-WA]
GS =0010 00ef3000 ffffffff 00cf9300 DPL=0 DS   [-WA]
LDT=0000 00000000 0000ffff 00008200 DPL=0 LDT
TR =0000 00000000 0000ffff 00008b00 DPL=0 TSS32-busy
GDT=     0009cf70 00000047
IDT=     00f0f9c0 000007ff
CR0=00000011 CR2=00000000 CR3=00000000 CR4=00000000
DR0=0000000000000000 DR1=0000000000000000 DR2=0000000000000000 DR3=0000000000000000 
DR6=00000000ffff0ff0 DR7=0000000000000400
CCS=00000044 CCD=00000000 CCO=EFLAGS
EFER=0000000000000000
Servicing hardware INT=0x08
   148: v=08 e=0000 i=0 cpl=0 IP=0008:00000000000108bc pc=0000000000f038bc SP=0010:000000000009eab0 env->regs[R_EAX]=0000000000000000
EAX=00000000 EBX=00000c00 ECX=00010246 EDX=ff1a96c0
ESI=02fb5b70 EDI=00000c00 EBP=0009eadc ESP=0009eab0
EIP=000108bc EFL=00000246 [---Z-P-] CPL=0 II=0 A20=1 SMM=0 HLT=0
ES =0010 00ef3000 ffffffff 00cf9300 DPL=0 DS   [-WA]
CS =0008 00ef3000 ffffffff 00cf9f00 DPL=0 CS32 [CRA]
SS =0010 00ef3000 ffffffff 00cf9300 DPL=0 DS   [-WA]
DS =0010 00ef3000 ffffffff 00cf9300 DPL=0 DS   [-WA]
FS =0010 00ef3000 ffffffff 00cf9300 DPL=0 DS   [-WA]
GS =0010 00ef3000 ffffffff 00cf9300 DPL=0 DS   [-WA]
LDT=0000 00000000 0000ffff 00008200 DPL=0 LDT
TR =0000 00000000 0000ffff 00008b00 DPL=0 TSS32-busy
GDT=     0009cf70 00000047
IDT=     00f0f9c0 000007ff
CR0=00000011 CR2=00000000 CR3=00000000 CR4=00000000
DR0=0000000000000000 DR1=0000000000000000 DR2=0000000000000000 DR3=0000000000000000 
DR6=00000000ffff0ff0 DR7=0000000000000400
CCS=00000044 CCD=00000000 CCO=EFLAGS
EFER=0000000000000000
Servicing hardware INT=0x08
   149: v=08 e=0000 i=0 cpl=0 IP=0008:00000000000108bc pc=0000000000f038bc SP=0010:000000000009eab0 env->regs[R_EAX]=0000000000000000
EAX=00000000 EBX=00000c00 ECX=00010246 EDX=ff1a96c0
ESI=02fb5b70 EDI=00000c00 EBP=0009eadc ESP=0009eab0
EIP=000108bc EFL=00000246 [---Z-P-] CPL=0 II=0 A20=1 SMM=0 HLT=0
ES =0010 00ef3000 ffffffff 00cf9300 DPL=0 DS   [-WA]
CS =0008 00ef3000 ffffffff 00cf9f00 DPL=0 CS32 [CRA]
SS =0010 00ef3000 ffffffff 00cf9300 DPL=0 DS   [-WA]
DS =0010 00ef3000 ffffffff 00cf9300 DPL=0 DS   [-WA]
FS =0010 00ef3000 ffffffff 00cf9300 DPL=0 DS   [-WA]
GS =0010 00ef3000 ffffffff 00cf9300 DPL=0 DS   [-WA]
LDT=0000 00000000 0000ffff 00008200 DPL=0 LDT
TR =0000 00000000 0000ffff 00008b00 DPL=0 TSS32-busy
GDT=     0009cf70 00000047
IDT=     00f0f9c0 000007ff
CR0=00000011 CR2=00000000 CR3=00000000 CR4=00000000
DR0=0000000000000000 DR1=0000000000000000 DR2=0000000000000000 DR3=0000000000000000 
DR6=00000000ffff0ff0 DR7=0000000000000400
CCS=00000044 CCD=00000000 CCO=EFLAGS
EFER=0000000000000000
Servicing hardware INT=0x08
   150: v=08 e=0000 i=0 cpl=0 IP=0008:00000000000108bc pc=0000000000f038bc SP=0010:000000000009eab0 env->regs[R_EAX]=0000000000000000
EAX=00000000 EBX=00000c00 ECX=00010246 EDX=ff1a96c0
ESI=02fb5b70 EDI=00000c00 EBP=0009eadc ESP=0009eab0
EIP=000108bc EFL=00000246 [---Z-P-] CPL=0 II=0 A20=1 SMM=0 HLT=0
ES =0010 00ef3000 ffffffff 00cf9300 DPL=0 DS   [-WA]
CS =0008 00ef3000 ffffffff 00cf9f00 DPL=0 CS32 [CRA]
SS =0010 00ef3000 ffffffff 00cf9300 DPL=0 DS   [-WA]
DS =0010 00ef3000 ffffffff 00cf9300 DPL=0 DS   [-WA]
FS =0010 00ef3000 ffffffff 00cf9300 DPL=0 DS   [-WA]
GS =0010 00ef3000 ffffffff 00cf9300 DPL=0 DS   [-WA]
LDT=0000 00000000 0000ffff 00008200 DPL=0 LDT
TR =0000 00000000 0000ffff 00008b00 DPL=0 TSS32-busy
GDT=     0009cf70 00000047
IDT=     00f0f9c0 000007ff
CR0=00000011 CR2=00000000 CR3=00000000 CR4=00000000
DR0=0000000000000000 DR1=0000000000000000 DR2=0000000000000000 DR3=0000000000000000 
DR6=00000000ffff0ff0 DR7=0000000000000400
CCS=00000044 CCD=00000000 CCO=EFLAGS
EFER=0000000000000000
Servicing hardware INT=0x08
   151: v=08 e=0000 i=0 cpl=0 IP=0008:00000000000108bc pc=0000000000f038bc SP=0010:000000000009eab0 env->regs[R_EAX]=0000000000000000
EAX=00000000 EBX=00000c00 ECX=00010246 EDX=ff1a96c0
ESI=02fb5b70 EDI=00000c00 EBP=0009eadc ESP=0009eab0
EIP=000108bc EFL=00000246 [---Z-P-] CPL=0 II=0 A20=1 SMM=0 HLT=0
ES =0010 00ef3000 ffffffff 00cf9300 DPL=0 DS   [-WA]
CS =0008 00ef3000 ffffffff 00cf9f00 DPL=0 CS32 [CRA]
SS =0010 00ef3000 ffffffff 00cf9300 DPL=0 DS   [-WA]
DS =0010 00ef3000 ffffffff 00cf9300 DPL=0 DS   [-WA]
FS =0010 00ef3000 ffffffff 00cf9300 DPL=0 DS   [-WA]
GS =0010 00ef3000 ffffffff 00cf9300 DPL=0 DS   [-WA]
LDT=0000 00000000 0000ffff 00008200 DPL=0 LDT
TR =0000 00000000 0000ffff 00008b00 DPL=0 TSS32-busy
GDT=     0009cf70 00000047
IDT=     00f0f9c0 000007ff
CR0=00000011 CR2=00000000 CR3=00000000 CR4=00000000
DR0=0000000000000000 DR1=0000000000000000 DR2=0000000000000000 DR3=0000000000000000 
DR6=00000000ffff0ff0 DR7=0000000000000400
CCS=00000044 CCD=00000000 CCO=EFLAGS
EFER=0000000000000000
Servicing hardware INT=0x08
   152: v=08 e=0000 i=0 cpl=0 IP=0008:00000000000108bc pc=0000000000f038bc SP=0010:000000000009eab0 env->regs[R_EAX]=0000000000000000
EAX=00000000 EBX=00000c00 ECX=00010246 EDX=ff1a96c0
ESI=02fb5b70 EDI=00000c00 EBP=0009eadc ESP=0009eab0
EIP=000108bc EFL=00000246 [---Z-P-] CPL=0 II=0 A20=1 SMM=0 HLT=0
ES =0010 00ef3000 ffffffff 00cf9300 DPL=0 DS   [-WA]
CS =0008 00ef3000 ffffffff 00cf9f00 DPL=0 CS32 [CRA]
SS =0010 00ef3000 ffffffff 00cf9300 DPL=0 DS   [-WA]
DS =0010 00ef3000 ffffffff 00cf9300 DPL=0 DS   [-WA]
FS =0010 00ef3000 ffffffff 00cf9300 DPL=0 DS   [-WA]
GS =0010 00ef3000 ffffffff 00cf9300 DPL=0 DS   [-WA]
LDT=0000 00000000 0000ffff 00008200 DPL=0 LDT
TR =0000 00000000 0000ffff 00008b00 DPL=0 TSS32-busy
GDT=     0009cf70 00000047
IDT=     00f0f9c0 000007ff
CR0=00000011 CR2=00000000 CR3=00000000 CR4=00000000
DR0=0000000000000000 DR1=0000000000000000 DR2=0000000000000000 DR3=0000000000000000 
DR6=00000000ffff0ff0 DR7=0000000000000400
CCS=00000044 CCD=00000000 CCO=EFLAGS
EFER=0000000000000000
Servicing hardware INT=0x08
   153: v=08 e=0000 i=0 cpl=0 IP=0008:00000000000108bc pc=0000000000f038bc SP=0010:000000000009eab0 env->regs[R_EAX]=0000000000000000
EAX=00000000 EBX=00000c00 ECX=00010246 EDX=ff1a96c0
ESI=02fb5b70 EDI=00000c00 EBP=0009eadc ESP=0009eab0
EIP=000108bc EFL=00000246 [---Z-P-] CPL=0 II=0 A20=1 SMM=0 HLT=0
ES =0010 00ef3000 ffffffff 00cf9300 DPL=0 DS   [-WA]
CS =0008 00ef3000 ffffffff 00cf9f00 DPL=0 CS32 [CRA]
SS =0010 00ef3000 ffffffff 00cf9300 DPL=0 DS   [-WA]
DS =0010 00ef3000 ffffffff 00cf9300 DPL=0 DS   [-WA]
FS =0010 00ef3000 ffffffff 00cf9300 DPL=0 DS   [-WA]
GS =0010 00ef3000 ffffffff 00cf9300 DPL=0 DS   [-WA]
LDT=0000 00000000 0000ffff 00008200 DPL=0 LDT
TR =0000 00000000 0000ffff 00008b00 DPL=0 TSS32-busy
GDT=     0009cf70 00000047
IDT=     00f0f9c0 000007ff
CR0=00000011 CR2=00000000 CR3=00000000 CR4=00000000
DR0=0000000000000000 DR1=0000000000000000 DR2=0000000000000000 DR3=0000000000000000 
DR6=00000000ffff0ff0 DR7=0000000000000400
CCS=00000044 CCD=00000000 CCO=EFLAGS
EFER=0000000000000000
Servicing hardware INT=0x08
   154: v=08 e=0000 i=0 cpl=0 IP=0008:00000000000108bc pc=0000000000f038bc SP=0010:000000000009eab0 env->regs[R_EAX]=0000000000000000
EAX=00000000 EBX=00000c00 ECX=00010246 EDX=ff1a96c0
ESI=02fb5b70 EDI=00000c00 EBP=0009eadc ESP=0009eab0
EIP=000108bc EFL=00000246 [---Z-P-] CPL=0 II=0 A20=1 SMM=0 HLT=0
ES =0010 00ef3000 ffffffff 00cf9300 DPL=0 DS   [-WA]
CS =0008 00ef3000 ffffffff 00cf9f00 DPL=0 CS32 [CRA]
SS =0010 00ef3000 ffffffff 00cf9300 DPL=0 DS   [-WA]
DS =0010 00ef3000 ffffffff 00cf9300 DPL=0 DS   [-WA]
FS =0010 00ef3000 ffffffff 00cf9300 DPL=0 DS   [-WA]
GS =0010 00ef3000 ffffffff 00cf9300 DPL=0 DS   [-WA]
LDT=0000 00000000 0000ffff 00008200 DPL=0 LDT
TR =0000 00000000 0000ffff 00008b00 DPL=0 TSS32-busy
GDT=     0009cf70 00000047
IDT=     00f0f9c0 000007ff
CR0=00000011 CR2=00000000 CR3=00000000 CR4=00000000
DR0=0000000000000000 DR1=0000000000000000 DR2=0000000000000000 DR3=0000000000000000 
DR6=00000000ffff0ff0 DR7=0000000000000400
CCS=00000044 CCD=00000000 CCO=EFLAGS
EFER=0000000000000000
Servicing hardware INT=0x08
   155: v=08 e=0000 i=0 cpl=0 IP=0008:00000000000108bc pc=0000000000f038bc SP=0010:000000000009eab0 env->regs[R_EAX]=0000000000000000
EAX=00000000 EBX=00000c00 ECX=00010246 EDX=ff1a96c0
ESI=02fb5b70 EDI=00000c00 EBP=0009eadc ESP=0009eab0
EIP=000108bc EFL=00000246 [---Z-P-] CPL=0 II=0 A20=1 SMM=0 HLT=0
ES =0010 00ef3000 ffffffff 00cf9300 DPL=0 DS   [-WA]
CS =0008 00ef3000 ffffffff 00cf9f00 DPL=0 CS32 [CRA]
SS =0010 00ef3000 ffffffff 00cf9300 DPL=0 DS   [-WA]
DS =0010 00ef3000 ffffffff 00cf9300 DPL=0 DS   [-WA]
FS =0010 00ef3000 ffffffff 00cf9300 DPL=0 DS   [-WA]
GS =0010 00ef3000 ffffffff 00cf9300 DPL=0 DS   [-WA]
LDT=0000 00000000 0000ffff 00008200 DPL=0 LDT
TR =0000 00000000 0000ffff 00008b00 DPL=0 TSS32-busy
GDT=     0009cf70 00000047
IDT=     00f0f9c0 000007ff
CR0=00000011 CR2=00000000 CR3=00000000 CR4=00000000
DR0=0000000000000000 DR1=0000000000000000 DR2=0000000000000000 DR3=0000000000000000 
DR6=00000000ffff0ff0 DR7=0000000000000400
CCS=00000044 CCD=00000000 CCO=EFLAGS
EFER=0000000000000000
Servicing hardware INT=0x08
   156: v=08 e=0000 i=0 cpl=0 IP=0008:00000000000108bc pc=0000000000f038bc SP=0010:000000000009eab0 env->regs[R_EAX]=0000000000000000
EAX=00000000 EBX=00000c00 ECX=00010246 EDX=ff1a96c0
ESI=02fb5b70 EDI=00000c00 EBP=0009eadc ESP=0009eab0
EIP=000108bc EFL=00000246 [---Z-P-] CPL=0 II=0 A20=1 SMM=0 HLT=0
ES =0010 00ef3000 ffffffff 00cf9300 DPL=0 DS   [-WA]
CS =0008 00ef3000 ffffffff 00cf9f00 DPL=0 CS32 [CRA]
SS =0010 00ef3000 ffffffff 00cf9300 DPL=0 DS   [-WA]
DS =0010 00ef3000 ffffffff 00cf9300 DPL=0 DS   [-WA]
FS =0010 00ef3000 ffffffff 00cf9300 DPL=0 DS   [-WA]
GS =0010 00ef3000 ffffffff 00cf9300 DPL=0 DS   [-WA]
LDT=0000 00000000 0000ffff 00008200 DPL=0 LDT
TR =0000 00000000 0000ffff 00008b00 DPL=0 TSS32-busy
GDT=     0009cf70 00000047
IDT=     00f0f9c0 000007ff
CR0=00000011 CR2=00000000 CR3=00000000 CR4=00000000
DR0=0000000000000000 DR1=0000000000000000 DR2=0000000000000000 DR3=0000000000000000 
DR6=00000000ffff0ff0 DR7=0000000000000400
CCS=00000044 CCD=00000000 CCO=EFLAGS
EFER=0000000000000000
Servicing hardware INT=0x08
   157: v=08 e=0000 i=0 cpl=0 IP=0008:00000000000108bc pc=0000000000f038bc SP=0010:000000000009eab0 env->regs[R_EAX]=0000000000000000
EAX=00000000 EBX=00000c00 ECX=00010246 EDX=ff1a96c0
ESI=02fb5b70 EDI=00000c00 EBP=0009eadc ESP=0009eab0
EIP=000108bc EFL=00000246 [---Z-P-] CPL=0 II=0 A20=1 SMM=0 HLT=0
ES =0010 00ef3000 ffffffff 00cf9300 DPL=0 DS   [-WA]
CS =0008 00ef3000 ffffffff 00cf9f00 DPL=0 CS32 [CRA]
SS =0010 00ef3000 ffffffff 00cf9300 DPL=0 DS   [-WA]
DS =0010 00ef3000 ffffffff 00cf9300 DPL=0 DS   [-WA]
FS =0010 00ef3000 ffffffff 00cf9300 DPL=0 DS   [-WA]
GS =0010 00ef3000 ffffffff 00cf9300 DPL=0 DS   [-WA]
LDT=0000 00000000 0000ffff 00008200 DPL=0 LDT
TR =0000 00000000 0000ffff 00008b00 DPL=0 TSS32-busy
GDT=     0009cf70 00000047
IDT=     00f0f9c0 000007ff
CR0=00000011 CR2=00000000 CR3=00000000 CR4=00000000
DR0=0000000000000000 DR1=0000000000000000 DR2=0000000000000000 DR3=0000000000000000 
DR6=00000000ffff0ff0 DR7=0000000000000400
CCS=00000044 CCD=00000000 CCO=EFLAGS
EFER=0000000000000000
Servicing hardware INT=0x08
   158: v=08 e=0000 i=0 cpl=0 IP=0008:00000000000108bc pc=0000000000f038bc SP=0010:000000000009eab0 env->regs[R_EAX]=0000000000000000
EAX=00000000 EBX=00000c00 ECX=00010246 EDX=ff1a96c0
ESI=02fb5b70 EDI=00000c00 EBP=0009eadc ESP=0009eab0
EIP=000108bc EFL=00000246 [---Z-P-] CPL=0 II=0 A20=1 SMM=0 HLT=0
ES =0010 00ef3000 ffffffff 00cf9300 DPL=0 DS   [-WA]
CS =0008 00ef3000 ffffffff 00cf9f00 DPL=0 CS32 [CRA]
SS =0010 00ef3000 ffffffff 00cf9300 DPL=0 DS   [-WA]
DS =0010 00ef3000 ffffffff 00cf9300 DPL=0 DS   [-WA]
FS =0010 00ef3000 ffffffff 00cf9300 DPL=0 DS   [-WA]
GS =0010 00ef3000 ffffffff 00cf9300 DPL=0 DS   [-WA]
LDT=0000 00000000 0000ffff 00008200 DPL=0 LDT
TR =0000 00000000 0000ffff 00008b00 DPL=0 TSS32-busy
GDT=     0009cf70 00000047
IDT=     00f0f9c0 000007ff
CR0=00000011 CR2=00000000 CR3=00000000 CR4=00000000
DR0=0000000000000000 DR1=0000000000000000 DR2=0000000000000000 DR3=0000000000000000 
DR6=00000000ffff0ff0 DR7=0000000000000400
CCS=00000044 CCD=00000000 CCO=EFLAGS
EFER=0000000000000000
Servicing hardware INT=0x08
   159: v=08 e=0000 i=0 cpl=0 IP=0008:00000000000108bc pc=0000000000f038bc SP=0010:000000000009eab0 env->regs[R_EAX]=0000000000000000
EAX=00000000 EBX=00000c00 ECX=00010246 EDX=ff1a96c0
ESI=02fb5b70 EDI=00000c00 EBP=0009eadc ESP=0009eab0
EIP=000108bc EFL=00000246 [---Z-P-] CPL=0 II=0 A20=1 SMM=0 HLT=0
ES =0010 00ef3000 ffffffff 00cf9300 DPL=0 DS   [-WA]
CS =0008 00ef3000 ffffffff 00cf9f00 DPL=0 CS32 [CRA]
SS =0010 00ef3000 ffffffff 00cf9300 DPL=0 DS   [-WA]
DS =0010 00ef3000 ffffffff 00cf9300 DPL=0 DS   [-WA]
FS =0010 00ef3000 ffffffff 00cf9300 DPL=0 DS   [-WA]
GS =0010 00ef3000 ffffffff 00cf9300 DPL=0 DS   [-WA]
LDT=0000 00000000 0000ffff 00008200 DPL=0 LDT
TR =0000 00000000 0000ffff 00008b00 DPL=0 TSS32-busy
GDT=     0009cf70 00000047
IDT=     00f0f9c0 000007ff
CR0=00000011 CR2=00000000 CR3=00000000 CR4=00000000
DR0=0000000000000000 DR1=0000000000000000 DR2=0000000000000000 DR3=0000000000000000 
DR6=00000000ffff0ff0 DR7=0000000000000400
CCS=00000044 CCD=00000000 CCO=EFLAGS
EFER=0000000000000000
Servicing hardware INT=0x08
   160: v=08 e=0000 i=0 cpl=0 IP=0008:00000000000108bc pc=0000000000f038bc SP=0010:000000000009eab0 env->regs[R_EAX]=0000000000000000
EAX=00000000 EBX=00000c00 ECX=00010246 EDX=ff1a96c0
ESI=02fb5b70 EDI=00000c00 EBP=0009eadc ESP=0009eab0
EIP=000108bc EFL=00000246 [---Z-P-] CPL=0 II=0 A20=1 SMM=0 HLT=0
ES =0010 00ef3000 ffffffff 00cf9300 DPL=0 DS   [-WA]
CS =0008 00ef3000 ffffffff 00cf9f00 DPL=0 CS32 [CRA]
SS =0010 00ef3000 ffffffff 00cf9300 DPL=0 DS   [-WA]
DS =0010 00ef3000 ffffffff 00cf9300 DPL=0 DS   [-WA]
FS =0010 00ef3000 ffffffff 00cf9300 DPL=0 DS   [-WA]
GS =0010 00ef3000 ffffffff 00cf9300 DPL=0 DS   [-WA]
LDT=0000 00000000 0000ffff 00008200 DPL=0 LDT
TR =0000 00000000 0000ffff 00008b00 DPL=0 TSS32-busy
GDT=     0009cf70 00000047
IDT=     00f0f9c0 000007ff
CR0=00000011 CR2=00000000 CR3=00000000 CR4=00000000
DR0=0000000000000000 DR1=0000000000000000 DR2=0000000000000000 DR3=0000000000000000 
DR6=00000000ffff0ff0 DR7=0000000000000400
CCS=00000044 CCD=00000000 CCO=EFLAGS
EFER=0000000000000000
Servicing hardware INT=0x08
   161: v=08 e=0000 i=0 cpl=0 IP=0008:00000000000108bc pc=0000000000f038bc SP=0010:000000000009eab0 env->regs[R_EAX]=0000000000000000
EAX=00000000 EBX=00000c00 ECX=00010246 EDX=ff1a96c0
ESI=02fb5b70 EDI=00000c00 EBP=0009eadc ESP=0009eab0
EIP=000108bc EFL=00000246 [---Z-P-] CPL=0 II=0 A20=1 SMM=0 HLT=0
ES =0010 00ef3000 ffffffff 00cf9300 DPL=0 DS   [-WA]
CS =0008 00ef3000 ffffffff 00cf9f00 DPL=0 CS32 [CRA]
SS =0010 00ef3000 ffffffff 00cf9300 DPL=0 DS   [-WA]
DS =0010 00ef3000 ffffffff 00cf9300 DPL=0 DS   [-WA]
FS =0010 00ef3000 ffffffff 00cf9300 DPL=0 DS   [-WA]
GS =0010 00ef3000 ffffffff 00cf9300 DPL=0 DS   [-WA]
LDT=0000 00000000 0000ffff 00008200 DPL=0 LDT
TR =0000 00000000 0000ffff 00008b00 DPL=0 TSS32-busy
GDT=     0009cf70 00000047
IDT=     00f0f9c0 000007ff
CR0=00000011 CR2=00000000 CR3=00000000 CR4=00000000
DR0=0000000000000000 DR1=0000000000000000 DR2=0000000000000000 DR3=0000000000000000 
DR6=00000000ffff0ff0 DR7=0000000000000400
CCS=00000044 CCD=00000000 CCO=EFLAGS
EFER=0000000000000000
Servicing hardware INT=0x08
   162: v=08 e=0000 i=0 cpl=0 IP=0008:00000000000108bc pc=0000000000f038bc SP=0010:000000000009eab0 env->regs[R_EAX]=0000000000000000
EAX=00000000 EBX=00000c00 ECX=00010246 EDX=ff1a96c0
ESI=02fb5b70 EDI=00000c00 EBP=0009eadc ESP=0009eab0
EIP=000108bc EFL=00000246 [---Z-P-] CPL=0 II=0 A20=1 SMM=0 HLT=0
ES =0010 00ef3000 ffffffff 00cf9300 DPL=0 DS   [-WA]
CS =0008 00ef3000 ffffffff 00cf9f00 DPL=0 CS32 [CRA]
SS =0010 00ef3000 ffffffff 00cf9300 DPL=0 DS   [-WA]
DS =0010 00ef3000 ffffffff 00cf9300 DPL=0 DS   [-WA]
FS =0010 00ef3000 ffffffff 00cf9300 DPL=0 DS   [-WA]
GS =0010 00ef3000 ffffffff 00cf9300 DPL=0 DS   [-WA]
LDT=0000 00000000 0000ffff 00008200 DPL=0 LDT
TR =0000 00000000 0000ffff 00008b00 DPL=0 TSS32-busy
GDT=     0009cf70 00000047
IDT=     00f0f9c0 000007ff
CR0=00000011 CR2=00000000 CR3=00000000 CR4=00000000
DR0=0000000000000000 DR1=0000000000000000 DR2=0000000000000000 DR3=0000000000000000 
DR6=00000000ffff0ff0 DR7=0000000000000400
CCS=00000044 CCD=00000000 CCO=EFLAGS
EFER=0000000000000000
Servicing hardware INT=0x08
   163: v=08 e=0000 i=0 cpl=0 IP=0008:00000000000108bc pc=0000000000f038bc SP=0010:000000000009eab0 env->regs[R_EAX]=0000000000000000
EAX=00000000 EBX=00000c00 ECX=00010246 EDX=ff1a96c0
ESI=02fb5b70 EDI=00000c00 EBP=0009eadc ESP=0009eab0
EIP=000108bc EFL=00000246 [---Z-P-] CPL=0 II=0 A20=1 SMM=0 HLT=0
ES =0010 00ef3000 ffffffff 00cf9300 DPL=0 DS   [-WA]
CS =0008 00ef3000 ffffffff 00cf9f00 DPL=0 CS32 [CRA]
SS =0010 00ef3000 ffffffff 00cf9300 DPL=0 DS   [-WA]
DS =0010 00ef3000 ffffffff 00cf9300 DPL=0 DS   [-WA]
FS =0010 00ef3000 ffffffff 00cf9300 DPL=0 DS   [-WA]
GS =0010 00ef3000 ffffffff 00cf9300 DPL=0 DS   [-WA]
LDT=0000 00000000 0000ffff 00008200 DPL=0 LDT
TR =0000 00000000 0000ffff 00008b00 DPL=0 TSS32-busy
GDT=     0009cf70 00000047
IDT=     00f0f9c0 000007ff
CR0=00000011 CR2=00000000 CR3=00000000 CR4=00000000
DR0=0000000000000000 DR1=0000000000000000 DR2=0000000000000000 DR3=0000000000000000 
DR6=00000000ffff0ff0 DR7=0000000000000400
CCS=00000044 CCD=00000000 CCO=EFLAGS
EFER=0000000000000000
Servicing hardware INT=0x08
   164: v=08 e=0000 i=0 cpl=0 IP=0008:00000000000108bc pc=0000000000f038bc SP=0010:000000000009eab0 env->regs[R_EAX]=0000000000000000
EAX=00000000 EBX=00000c00 ECX=00010246 EDX=ff1a96c0
ESI=02fb5b70 EDI=00000c00 EBP=0009eadc ESP=0009eab0
EIP=000108bc EFL=00000246 [---Z-P-] CPL=0 II=0 A20=1 SMM=0 HLT=0
ES =0010 00ef3000 ffffffff 00cf9300 DPL=0 DS   [-WA]
CS =0008 00ef3000 ffffffff 00cf9f00 DPL=0 CS32 [CRA]
SS =0010 00ef3000 ffffffff 00cf9300 DPL=0 DS   [-WA]
DS =0010 00ef3000 ffffffff 00cf9300 DPL=0 DS   [-WA]
FS =0010 00ef3000 ffffffff 00cf9300 DPL=0 DS   [-WA]
GS =0010 00ef3000 ffffffff 00cf9300 DPL=0 DS   [-WA]
LDT=0000 00000000 0000ffff 00008200 DPL=0 LDT
TR =0000 00000000 0000ffff 00008b00 DPL=0 TSS32-busy
GDT=     0009cf70 00000047
IDT=     00f0f9c0 000007ff
CR0=00000011 CR2=00000000 CR3=00000000 CR4=00000000
DR0=0000000000000000 DR1=0000000000000000 DR2=0000000000000000 DR3=0000000000000000 
DR6=00000000ffff0ff0 DR7=0000000000000400
CCS=00000044 CCD=00000000 CCO=EFLAGS
EFER=0000000000000000
Servicing hardware INT=0x08
   165: v=08 e=0000 i=0 cpl=0 IP=0008:00000000000108bc pc=0000000000f038bc SP=0010:000000000009eab0 env->regs[R_EAX]=0000000000000000
EAX=00000000 EBX=00000c00 ECX=00010246 EDX=ff1a96c0
ESI=02fb5b70 EDI=00000c00 EBP=0009eadc ESP=0009eab0
EIP=000108bc EFL=00000246 [---Z-P-] CPL=0 II=0 A20=1 SMM=0 HLT=0
ES =0010 00ef3000 ffffffff 00cf9300 DPL=0 DS   [-WA]
CS =0008 00ef3000 ffffffff 00cf9f00 DPL=0 CS32 [CRA]
SS =0010 00ef3000 ffffffff 00cf9300 DPL=0 DS   [-WA]
DS =0010 00ef3000 ffffffff 00cf9300 DPL=0 DS   [-WA]
FS =0010 00ef3000 ffffffff 00cf9300 DPL=0 DS   [-WA]
GS =0010 00ef3000 ffffffff 00cf9300 DPL=0 DS   [-WA]
LDT=0000 00000000 0000ffff 00008200 DPL=0 LDT
TR =0000 00000000 0000ffff 00008b00 DPL=0 TSS32-busy
GDT=     0009cf70 00000047
IDT=     00f0f9c0 000007ff
CR0=00000011 CR2=00000000 CR3=00000000 CR4=00000000
DR0=0000000000000000 DR1=0000000000000000 DR2=0000000000000000 DR3=0000000000000000 
DR6=00000000ffff0ff0 DR7=0000000000000400
CCS=00000044 CCD=00000000 CCO=EFLAGS
EFER=0000000000000000
Servicing hardware INT=0x08
   166: v=08 e=0000 i=0 cpl=0 IP=0008:00000000000108bc pc=0000000000f038bc SP=0010:000000000009eab0 env->regs[R_EAX]=0000000000000000
EAX=00000000 EBX=00000c00 ECX=00010246 EDX=ff1a96c0
ESI=02fb5b70 EDI=00000c00 EBP=0009eadc ESP=0009eab0
EIP=000108bc EFL=00000246 [---Z-P-] CPL=0 II=0 A20=1 SMM=0 HLT=0
ES =0010 00ef3000 ffffffff 00cf9300 DPL=0 DS   [-WA]
CS =0008 00ef3000 ffffffff 00cf9f00 DPL=0 CS32 [CRA]
SS =0010 00ef3000 ffffffff 00cf9300 DPL=0 DS   [-WA]
DS =0010 00ef3000 ffffffff 00cf9300 DPL=0 DS   [-WA]
FS =0010 00ef3000 ffffffff 00cf9300 DPL=0 DS   [-WA]
GS =0010 00ef3000 ffffffff 00cf9300 DPL=0 DS   [-WA]
LDT=0000 00000000 0000ffff 00008200 DPL=0 LDT
TR =0000 00000000 0000ffff 00008b00 DPL=0 TSS32-busy
GDT=     0009cf70 00000047
IDT=     00f0f9c0 000007ff
CR0=00000011 CR2=00000000 CR3=00000000 CR4=00000000
DR0=0000000000000000 DR1=0000000000000000 DR2=0000000000000000 DR3=0000000000000000 
DR6=00000000ffff0ff0 DR7=0000000000000400
CCS=00000044 CCD=00000000 CCO=EFLAGS
EFER=0000000000000000
Servicing hardware INT=0x08
   167: v=08 e=0000 i=0 cpl=0 IP=0008:00000000000108bc pc=0000000000f038bc SP=0010:000000000009eab0 env->regs[R_EAX]=0000000000000000
EAX=00000000 EBX=00000c00 ECX=00010246 EDX=ff1a96c0
ESI=02fb5b70 EDI=00000c00 EBP=0009eadc ESP=0009eab0
EIP=000108bc EFL=00000246 [---Z-P-] CPL=0 II=0 A20=1 SMM=0 HLT=0
ES =0010 00ef3000 ffffffff 00cf9300 DPL=0 DS   [-WA]
CS =0008 00ef3000 ffffffff 00cf9f00 DPL=0 CS32 [CRA]
SS =0010 00ef3000 ffffffff 00cf9300 DPL=0 DS   [-WA]
DS =0010 00ef3000 ffffffff 00cf9300 DPL=0 DS   [-WA]
FS =0010 00ef3000 ffffffff 00cf9300 DPL=0 DS   [-WA]
GS =0010 00ef3000 ffffffff 00cf9300 DPL=0 DS   [-WA]
LDT=0000 00000000 0000ffff 00008200 DPL=0 LDT
TR =0000 00000000 0000ffff 00008b00 DPL=0 TSS32-busy
GDT=     0009cf70 00000047
IDT=     00f0f9c0 000007ff
CR0=00000011 CR2=00000000 CR3=00000000 CR4=00000000
DR0=0000000000000000 DR1=0000000000000000 DR2=0000000000000000 DR3=0000000000000000 
DR6=00000000ffff0ff0 DR7=0000000000000400
CCS=00000044 CCD=00000000 CCO=EFLAGS
EFER=0000000000000000
Servicing hardware INT=0x08
   168: v=08 e=0000 i=0 cpl=0 IP=0008:00000000000108bc pc=0000000000f038bc SP=0010:000000000009eab0 env->regs[R_EAX]=0000000000000000
EAX=00000000 EBX=00000c00 ECX=00010246 EDX=ff1a96c0
ESI=02fb5b70 EDI=00000c00 EBP=0009eadc ESP=0009eab0
EIP=000108bc EFL=00000246 [---Z-P-] CPL=0 II=0 A20=1 SMM=0 HLT=0
ES =0010 00ef3000 ffffffff 00cf9300 DPL=0 DS   [-WA]
CS =0008 00ef3000 ffffffff 00cf9f00 DPL=0 CS32 [CRA]
SS =0010 00ef3000 ffffffff 00cf9300 DPL=0 DS   [-WA]
DS =0010 00ef3000 ffffffff 00cf9300 DPL=0 DS   [-WA]
FS =0010 00ef3000 ffffffff 00cf9300 DPL=0 DS   [-WA]
GS =0010 00ef3000 ffffffff 00cf9300 DPL=0 DS   [-WA]
LDT=0000 00000000 0000ffff 00008200 DPL=0 LDT
TR =0000 00000000 0000ffff 00008b00 DPL=0 TSS32-busy
GDT=     0009cf70 00000047
IDT=     00f0f9c0 000007ff
CR0=00000011 CR2=00000000 CR3=00000000 CR4=00000000
DR0=0000000000000000 DR1=0000000000000000 DR2=0000000000000000 DR3=0000000000000000 
DR6=00000000ffff0ff0 DR7=0000000000000400
CCS=00000044 CCD=00000000 CCO=EFLAGS
EFER=0000000000000000
Servicing hardware INT=0x08
   169: v=08 e=0000 i=0 cpl=0 IP=0008:0000000000016ed2 pc=0000000000f09ed2 SP=0010:000000000009eab0 env->regs[R_EAX]=000000000001c8c8
EAX=0001c8c8 EBX=0001dab0 ECX=00000000 EDX=000066eb
ESI=0001c228 EDI=0001c270 EBP=0009eb14 ESP=0009eab0
EIP=00016ed2 EFL=00000202 [-------] CPL=0 II=0 A20=1 SMM=0 HLT=0
ES =0010 00ef3000 ffffffff 00cf9300 DPL=0 DS   [-WA]
CS =0008 00ef3000 ffffffff 00cf9f00 DPL=0 CS32 [CRA]
SS =0010 00ef3000 ffffffff 00cf9300 DPL=0 DS   [-WA]
DS =0010 00ef3000 ffffffff 00cf9300 DPL=0 DS   [-WA]
FS =0010 00ef3000 ffffffff 00cf9300 DPL=0 DS   [-WA]
GS =0010 00ef3000 ffffffff 00cf9300 DPL=0 DS   [-WA]
LDT=0000 00000000 0000ffff 00008200 DPL=0 LDT
TR =0000 00000000 0000ffff 00008b00 DPL=0 TSS32-busy
GDT=     0009cf70 00000047
IDT=     00f0f9c0 000007ff
CR0=00000011 CR2=00000000 CR3=00000000 CR4=00000000
DR0=0000000000000000 DR1=0000000000000000 DR2=0000000000000000 DR3=0000000000000000 
DR6=00000000ffff0ff0 DR7=0000000000000400
CCS=00000008 CCD=0009eab0 CCO=SUBL
EFER=0000000000000000
Servicing hardware INT=0x08
Servicing hardware INT=0x08
Servicing hardware INT=0x08
Servicing hardware INT=0x08
Servicing hardware INT=0x08
Servicing hardware INT=0x08
Servicing hardware INT=0x08
Servicing hardware INT=0x08
Servicing hardware INT=0x08
Servicing hardware INT=0x08
Servicing hardware INT=0x08
Servicing hardware INT=0x08
Servicing hardware INT=0x08
Servicing hardware INT=0x08
Servicing hardware INT=0x08
Servicing hardware INT=0x08
Servicing hardware INT=0x08
Servicing hardware INT=0x08
Servicing hardware INT=0x08
Servicing hardware INT=0x08
Servicing hardware INT=0x08
Servicing hardware INT=0x08
Servicing hardware INT=0x08
Servicing hardware INT=0x08
Servicing hardware INT=0x08
Servicing hardware INT=0x08
Servicing hardware INT=0x08
Servicing hardware INT=0x08
Servicing hardware INT=0x08
Servicing hardware INT=0x08
Servicing hardware INT=0x08
Servicing hardware INT=0x08
Servicing hardware INT=0x08
Servicing hardware INT=0x08
Servicing hardware INT=0x08
Servicing hardware INT=0x08
Servicing hardware INT=0x08
Servicing hardware INT=0x08
Servicing hardware INT=0x08
Servicing hardware INT=0x08
Servicing hardware INT=0x08
Servicing hardware INT=0x08
Servicing hardware INT=0x08
Servicing hardware INT=0x08
Servicing hardware INT=0x08
Servicing hardware INT=0x08
Servicing hardware INT=0x08
Servicing hardware INT=0x08
Servicing hardware INT=0x08
Servicing hardware INT=0x08
Servicing hardware INT=0x08
Servicing hardware INT=0x08
Servicing hardware INT=0x08
Servicing hardware INT=0x08
Servicing hardware INT=0x08
Servicing hardware INT=0x08
Servicing hardware INT=0x08
Servicing hardware INT=0x08
Servicing hardware INT=0x08
Servicing hardware INT=0x08
Servicing hardware INT=0x08
Servicing hardware INT=0x08
Servicing hardware INT=0x08
Servicing hardware INT=0x08
Servicing hardware INT=0x08
Servicing hardware INT=0x08
Servicing hardware INT=0x08
Servicing hardware INT=0x08
Servicing hardware INT=0x08
Servicing hardware INT=0x08
Servicing hardware INT=0x08
Servicing hardware INT=0x08
Servicing hardware INT=0x08
Servicing hardware INT=0x08
Servicing hardware INT=0x08
Servicing hardware INT=0x08
Servicing hardware INT=0x08
Servicing hardware INT=0x08
Servicing hardware INT=0x08
Servicing hardware INT=0x08
Servicing hardware INT=0x08
Servicing hardware INT=0x08
Servicing hardware INT=0x08
Servicing hardware INT=0x08
Servicing hardware INT=0x08
Servicing hardware INT=0x08
Servicing hardware INT=0x08
Servicing hardware INT=0x08
Servicing hardware INT=0x08
Servicing hardware INT=0x08
Servicing hardware INT=0x08
Servicing hardware INT=0x08
Servicing hardware INT=0x08
Servicing hardware INT=0x08
Servicing hardware INT=0x08
Servicing hardware INT=0x08
Servicing hardware INT=0x08
Servicing hardware INT=0x08
Servicing hardware INT=0x08
Servicing hardware INT=0x08
Servicing hardware INT=0x08
Servicing hardware INT=0x08
Servicing hardware INT=0x08
Servicing hardware INT=0x08
Servicing hardware INT=0x08
Servicing hardware INT=0x08
Servicing hardware INT=0x08
Servicing hardware INT=0x08
Servicing hardware INT=0x08
Servicing hardware INT=0x08
Servicing hardware INT=0x08
Servicing hardware INT=0x08
Servicing hardware INT=0x08
Servicing hardware INT=0x08
Servicing hardware INT=0x08
Servicing hardware INT=0x08
Servicing hardware INT=0x08
Servicing hardware INT=0x08
Servicing hardware INT=0x08
Servicing hardware INT=0x08
Servicing hardware INT=0x08
Servicing hardware INT=0x08
Servicing hardware INT=0x08
Servicing hardware INT=0x08
Servicing hardware INT=0x08
Servicing hardware INT=0x08
Servicing hardware INT=0x08
Servicing hardware INT=0x08
Servicing hardware INT=0x08
Servicing hardware INT=0x08
Servicing hardware INT=0x08
Servicing hardware INT=0x08
Servicing hardware INT=0x08
Servicing hardware INT=0x08
Servicing hardware INT=0x08
Servicing hardware INT=0x08
Servicing hardware INT=0x08
Servicing hardware INT=0x08
Servicing hardware INT=0x08
Servicing hardware INT=0x08
Servicing hardware INT=0x08
Servicing hardware INT=0x08
Servicing hardware INT=0x08
Servicing hardware INT=0x08
Servicing hardware INT=0x08
Servicing hardware INT=0x08
Servicing hardware INT=0x08
Servicing hardware INT=0x08
Servicing hardware INT=0x08
Servicing hardware INT=0x08
Servicing hardware INT=0x08
Servicing hardware INT=0x08
Servicing hardware INT=0x08
Servicing hardware INT=0x08
Servicing hardware INT=0x08
Servicing hardware INT=0x08
Servicing hardware INT=0x08
Servicing hardware INT=0x08
Servicing hardware INT=0x08
Servicing hardware INT=0x08
Servicing hardware INT=0x08
Servicing hardware INT=0x08
Servicing hardware INT=0x08
Servicing hardware INT=0x08
Servicing hardware INT=0x08
Servicing hardware INT=0x08
Servicing hardware INT=0x08
Servicing hardware INT=0x08
Servicing hardware INT=0x08
Servicing hardware INT=0x08
Servicing hardware INT=0x08
Servicing hardware INT=0x08
Servicing hardware INT=0x08
Servicing hardware INT=0x08
Servicing hardware INT=0x08
Servicing hardware INT=0x08
Servicing hardware INT=0x08
Servicing hardware INT=0x08
Servicing hardware INT=0x08
Servicing hardware INT=0x08
Servicing hardware INT=0x08
Servicing hardware INT=0x08
Servicing hardware INT=0x08
Servicing hardware INT=0x08
Servicing hardware INT=0x08
Servicing hardware INT=0x08
Servicing hardware INT=0x08
Servicing hardware INT=0x08
Servicing hardware INT=0x08
Servicing hardware INT=0x08
Servicing hardware INT=0x08
Servicing hardware INT=0x08
Servicing hardware INT=0x08
Servicing hardware INT=0x08
Servicing hardware INT=0x08
Servicing hardware INT=0x08
Servicing hardware INT=0x08
Servicing hardware INT=0x08
Servicing hardware INT=0x08
Servicing hardware INT=0x08
Servicing hardware INT=0x08
Servicing hardware INT=0x08
Servicing hardware INT=0x08
Servicing hardware INT=0x08
Servicing hardware INT=0x08
Servicing hardware INT=0x08
Servicing hardware INT=0x08
Servicing hardware INT=0x08
Servicing hardware INT=0x08
Servicing hardware INT=0x08
Servicing hardware INT=0x08
Servicing hardware INT=0x08
Servicing hardware INT=0x08
Servicing hardware INT=0x08
Servicing hardware INT=0x08
Servicing hardware INT=0x08
Servicing hardware INT=0x08
Servicing hardware INT=0x08
Servicing hardware INT=0x08
Servicing hardware INT=0x08
Servicing hardware INT=0x08
Servicing hardware INT=0x08
Servicing hardware INT=0x08
Servicing hardware INT=0x08
Servicing hardware INT=0x08
Servicing hardware INT=0x08
Servicing hardware INT=0x08
Servicing hardware INT=0x08
Servicing hardware INT=0x08
Servicing hardware INT=0x08
Servicing hardware INT=0x08
Servicing hardware INT=0x08
Servicing hardware INT=0x08
Servicing hardware INT=0x08
Servicing hardware INT=0x08
Servicing hardware INT=0x08
Servicing hardware INT=0x08
Servicing hardware INT=0x08
Servicing hardware INT=0x08
Servicing hardware INT=0x08
Servicing hardware INT=0x08
Servicing hardware INT=0x08
Servicing hardware INT=0x08
Servicing hardware INT=0x08
Servicing hardware INT=0x08
Servicing hardware INT=0x08
Servicing hardware INT=0x08
Servicing hardware INT=0x08
Servicing hardware INT=0x08
Servicing hardware INT=0x08
Servicing hardware INT=0x08
Servicing hardware INT=0x08
Servicing hardware INT=0x08
Servicing hardware INT=0x08
Servicing hardware INT=0x08
Servicing hardware INT=0x08
Servicing hardware INT=0x08
Servicing hardware INT=0x08
Servicing hardware INT=0x08
Servicing hardware INT=0x08
Servicing hardware INT=0x08
Servicing hardware INT=0x08
Servicing hardware INT=0x08
Servicing hardware INT=0x08
Servicing hardware INT=0x08
Servicing hardware INT=0x08
Servicing hardware INT=0x08
Servicing hardware INT=0x08
Servicing hardware INT=0x08
Servicing hardware INT=0x08
Servicing hardware INT=0x08
Servicing hardware INT=0x08
Servicing hardware INT=0x08
Servicing hardware INT=0x08
Servicing hardware INT=0x08
Servicing hardware INT=0x08
Servicing hardware INT=0x08
Servicing hardware INT=0x08
Servicing hardware INT=0x08
Servicing hardware INT=0x08
Servicing hardware INT=0x08
Servicing hardware INT=0x08
Servicing hardware INT=0x08
Servicing hardware INT=0x08
Servicing hardware INT=0x08
Servicing hardware INT=0x08
Servicing hardware INT=0x08
Servicing hardware INT=0x08
Servicing hardware INT=0x08
Servicing hardware INT=0x08
Servicing hardware INT=0x08
Servicing hardware INT=0x08
Servicing hardware INT=0x08
Servicing hardware INT=0x08
Servicing hardware INT=0x08
Servicing hardware INT=0x08
Servicing hardware INT=0x08
Servicing hardware INT=0x08
Servicing hardware INT=0x08
Servicing hardware INT=0x08
Servicing hardware INT=0x08
Servicing hardware INT=0x08
Servicing hardware INT=0x08
Servicing hardware INT=0x08
Servicing hardware INT=0x08
Servicing hardware INT=0x08
Servicing hardware INT=0x08
Servicing hardware INT=0x08
Servicing hardware INT=0x08
Servicing hardware INT=0x08
Servicing hardware INT=0x08
Servicing hardware INT=0x08
Servicing hardware INT=0x08
Servicing hardware INT=0x08
Servicing hardware INT=0x08
Servicing hardware INT=0x08
Servicing hardware INT=0x08
Servicing hardware INT=0x08
Servicing hardware INT=0x08
Servicing hardware INT=0x08
Servicing hardware INT=0x08
Servicing hardware INT=0x08
Servicing hardware INT=0x08
Servicing hardware INT=0x08
Servicing hardware INT=0x08
Servicing hardware INT=0x08
Servicing hardware INT=0x08
Servicing hardware INT=0x08
Servicing hardware INT=0x08
Servicing hardware INT=0x08
Servicing hardware INT=0x08
Servicing hardware INT=0x08
Servicing hardware INT=0x08
Servicing hardware INT=0x08
Servicing hardware INT=0x08
Servicing hardware INT=0x08
Servicing hardware INT=0x08
Servicing hardware INT=0x08
Servicing hardware INT=0x08
Servicing hardware INT=0x08
Servicing hardware INT=0x08
Servicing hardware INT=0x08
Servicing hardware INT=0x08
Servicing hardware INT=0x08
Servicing hardware INT=0x08
Servicing hardware INT=0x08
Servicing hardware INT=0x08
Servicing hardware INT=0x08
Servicing hardware INT=0x08
Servicing hardware INT=0x08
Servicing hardware INT=0x08
Servicing hardware INT=0x08
Servicing hardware INT=0x08
Servicing hardware INT=0x08
Servicing hardware INT=0x08
Servicing hardware INT=0x08
Servicing hardware INT=0x08
Servicing hardware INT=0x08
Servicing hardware INT=0x08
Servicing hardware INT=0x08
Servicing hardware INT=0x08
Servicing hardware INT=0x08
Servicing hardware INT=0x08
Servicing hardware INT=0x08
Servicing hardware INT=0x08
Servicing hardware INT=0x08
Servicing hardware INT=0x08
Servicing hardware INT=0x08
Servicing hardware INT=0x08
Servicing hardware INT=0x08
Servicing hardware INT=0x08
Servicing hardware INT=0x08
Servicing hardware INT=0x08
Servicing hardware INT=0x08
Servicing hardware INT=0x08
Servicing hardware INT=0x08
Servicing hardware INT=0x08
Servicing hardware INT=0x08
Servicing hardware INT=0x08
Servicing hardware INT=0x08
Servicing hardware INT=0x08
Servicing hardware INT=0x08
Servicing hardware INT=0x08
Servicing hardware INT=0x08
Servicing hardware INT=0x08
Servicing hardware INT=0x08
Servicing hardware INT=0x08
Servicing hardware INT=0x08
Servicing hardware INT=0x08
Servicing hardware INT=0x08
Servicing hardware INT=0x08
Servicing hardware INT=0x08
Servicing hardware INT=0x08
Servicing hardware INT=0x08
Servicing hardware INT=0x08
Servicing hardware INT=0x08
Servicing hardware INT=0x08
Servicing hardware INT=0x08
Servicing hardware INT=0x08
Servicing hardware INT=0x08
Servicing hardware INT=0x08
Servicing hardware INT=0x08
Servicing hardware INT=0x08
Servicing hardware INT=0x08
Servicing hardware INT=0x08
Servicing hardware INT=0x08
Servicing hardware INT=0x08
Servicing hardware INT=0x08
Servicing hardware INT=0x08
Servicing hardware INT=0x08
Servicing hardware INT=0x08
Servicing hardware INT=0x08
Servicing hardware INT=0x08
Servicing hardware INT=0x08
Servicing hardware INT=0x08
Servicing hardware INT=0x08
Servicing hardware INT=0x08
Servicing hardware INT=0x08
Servicing hardware INT=0x08
Servicing hardware INT=0x08
Servicing hardware INT=0x08
Servicing hardware INT=0x08
Servicing hardware INT=0x08
Servicing hardware INT=0x08
Servicing hardware INT=0x08
Servicing hardware INT=0x08
Servicing hardware INT=0x08
Servicing hardware INT=0x08
Servicing hardware INT=0x08
Servicing hardware INT=0x08
Servicing hardware INT=0x08
Servicing hardware INT=0x08
Servicing hardware INT=0x08
Servicing hardware INT=0x08
Servicing hardware INT=0x08
Servicing hardware INT=0x08
Servicing hardware INT=0x08
Servicing hardware INT=0x08
Servicing hardware INT=0x08
Servicing hardware INT=0x08
Servicing hardware INT=0x08
Servicing hardware INT=0x08
Servicing hardware INT=0x08
Servicing hardware INT=0x08
Servicing hardware INT=0x08
Servicing hardware INT=0x08
Servicing hardware INT=0x08
Servicing hardware INT=0x08
Servicing hardware INT=0x08
Servicing hardware INT=0x08
Servicing hardware INT=0x08
Servicing hardware INT=0x08
Servicing hardware INT=0x08
Servicing hardware INT=0x08
Servicing hardware INT=0x08
Servicing hardware INT=0x08
Servicing hardware INT=0x08
Servicing hardware INT=0x08
Servicing hardware INT=0x08
Servicing hardware INT=0x08
Servicing hardware INT=0x08
Servicing hardware INT=0x08
Servicing hardware INT=0x08
Servicing hardware INT=0x08
Servicing hardware INT=0x08
Servicing hardware INT=0x08
Servicing hardware INT=0x08
Servicing hardware INT=0x08
Servicing hardware INT=0x08
Servicing hardware INT=0x08
Servicing hardware INT=0x08
Servicing hardware INT=0x08
Servicing hardware INT=0x08
Servicing hardware INT=0x08
Servicing hardware INT=0x08
Servicing hardware INT=0x08
Servicing hardware INT=0x08
Servicing hardware INT=0x08
Servicing hardware INT=0x08
Servicing hardware INT=0x08
Servicing hardware INT=0x08
Servicing hardware INT=0x08
Servicing hardware INT=0x08
Servicing hardware INT=0x08
Servicing hardware INT=0x08
Servicing hardware INT=0x08
Servicing hardware INT=0x08
Servicing hardware INT=0x08
Servicing hardware INT=0x08
Servicing hardware INT=0x08
Servicing hardware INT=0x08
Servicing hardware INT=0x08
Servicing hardware INT=0x08
Servicing hardware INT=0x08
Servicing hardware INT=0x08
Servicing hardware INT=0x08
Servicing hardware INT=0x08
Servicing hardware INT=0x08
Servicing hardware INT=0x08
Servicing hardware INT=0x08
Servicing hardware INT=0x08
Servicing hardware INT=0x08
Servicing hardware INT=0x08
Servicing hardware INT=0x08
Servicing hardware INT=0x08
Servicing hardware INT=0x08
Servicing hardware INT=0x08
Servicing hardware INT=0x08
Servicing hardware INT=0x08
Servicing hardware INT=0x08
Servicing hardware INT=0x08
Servicing hardware INT=0x08
Servicing hardware INT=0x08
Servicing hardware INT=0x08
Servicing hardware INT=0x08
Servicing hardware INT=0x08
Servicing hardware INT=0x08
Servicing hardware INT=0x08
Servicing hardware INT=0x08
Servicing hardware INT=0x08
Servicing hardware INT=0x08
Servicing hardware INT=0x08
Servicing hardware INT=0x08
Servicing hardware INT=0x08
Servicing hardware INT=0x08
Servicing hardware INT=0x08
Servicing hardware INT=0x08
Servicing hardware INT=0x08
Servicing hardware INT=0x08
Servicing hardware INT=0x08
Servicing hardware INT=0x08
Servicing hardware INT=0x08
Servicing hardware INT=0x08
Servicing hardware INT=0x08
Servicing hardware INT=0x08
Servicing hardware INT=0x08
Servicing hardware INT=0x08
Servicing hardware INT=0x08
Servicing hardware INT=0x08
Servicing hardware INT=0x08
Servicing hardware INT=0x08
Servicing hardware INT=0x08
Servicing hardware INT=0x08
Servicing hardware INT=0x08
Servicing hardware INT=0x08
Servicing hardware INT=0x08
Servicing hardware INT=0x08
Servicing hardware INT=0x08
Servicing hardware INT=0x08
Servicing hardware INT=0x08
Servicing hardware INT=0x08
Servicing hardware INT=0x08
Servicing hardware INT=0x08
Servicing hardware INT=0x08
Servicing hardware INT=0x08
Servicing hardware INT=0x08
Servicing hardware INT=0x08
Servicing hardware INT=0x08
Servicing hardware INT=0x08
Servicing hardware INT=0x08
Servicing hardware INT=0x08
Servicing hardware INT=0x08
Servicing hardware INT=0x08
Servicing hardware INT=0x08
Servicing hardware INT=0x08
Servicing hardware INT=0x08
Servicing hardware INT=0x08
Servicing hardware INT=0x08
Servicing hardware INT=0x08
Servicing hardware INT=0x08
Servicing hardware INT=0x08
Servicing hardware INT=0x08
Servicing hardware INT=0x08
Servicing hardware INT=0x08
Servicing hardware INT=0x08
Servicing hardware INT=0x08
Servicing hardware INT=0x08
Servicing hardware INT=0x08
Servicing hardware INT=0x08
Servicing hardware INT=0x08
Servicing hardware INT=0x08
Servicing hardware INT=0x08
Servicing hardware INT=0x08
Servicing hardware INT=0x08
Servicing hardware INT=0x08
Servicing hardware INT=0x08
Servicing hardware INT=0x08
Servicing hardware INT=0x08
Servicing hardware INT=0x08
Servicing hardware INT=0x08
Servicing hardware INT=0x08
Servicing hardware INT=0x08
Servicing hardware INT=0x08
Servicing hardware INT=0x08
Servicing hardware INT=0x08
Servicing hardware INT=0x08
Servicing hardware INT=0x08
Servicing hardware INT=0x08
Servicing hardware INT=0x08
Servicing hardware INT=0x08
Servicing hardware INT=0x08
Servicing hardware INT=0x08
Servicing hardware INT=0x08
Servicing hardware INT=0x08
Servicing hardware INT=0x08
Servicing hardware INT=0x08
Servicing hardware INT=0x08
Servicing hardware INT=0x08
Servicing hardware INT=0x08
Servicing hardware INT=0x08
Servicing hardware INT=0x08
Servicing hardware INT=0x08
Servicing hardware INT=0x08
Servicing hardware INT=0x08
Servicing hardware INT=0x08
Servicing hardware INT=0x08
Servicing hardware INT=0x08
Servicing hardware INT=0x08
Servicing hardware INT=0x08
Servicing hardware INT=0x08
Servicing hardware INT=0x08
Servicing hardware INT=0x08
Servicing hardware INT=0x08
Servicing hardware INT=0x08
Servicing hardware INT=0x08
Servicing hardware INT=0x08
Servicing hardware INT=0x08
Servicing hardware INT=0x08
Servicing hardware INT=0x08
Servicing hardware INT=0x08
Servicing hardware INT=0x08
Servicing hardware INT=0x08
Servicing hardware INT=0x08
Servicing hardware INT=0x08
Servicing hardware INT=0x08
Servicing hardware INT=0x08
Servicing hardware INT=0x08
Servicing hardware INT=0x08
Servicing hardware INT=0x08
Servicing hardware INT=0x08
Servicing hardware INT=0x08
Servicing hardware INT=0x08
Servicing hardware INT=0x08
Servicing hardware INT=0x08
Servicing hardware INT=0x08
Servicing hardware INT=0x08
Servicing hardware INT=0x08
Servicing hardware INT=0x08
Servicing hardware INT=0x08
Servicing hardware INT=0x08
Servicing hardware INT=0x08
Servicing hardware INT=0x08
Servicing hardware INT=0x08
Servicing hardware INT=0x08
Servicing hardware INT=0x08
Servicing hardware INT=0x08
Servicing hardware INT=0x08
Servicing hardware INT=0x08
Servicing hardware INT=0x08
Servicing hardware INT=0x08
Servicing hardware INT=0x08
Servicing hardware INT=0x08
Servicing hardware INT=0x08
Servicing hardware INT=0x08
Servicing hardware INT=0x08
Servicing hardware INT=0x08
Servicing hardware INT=0x08
Servicing hardware INT=0x08
Servicing hardware INT=0x08
Servicing hardware INT=0x08
Servicing hardware INT=0x08
Servicing hardware INT=0x08
Servicing hardware INT=0x08
Servicing hardware INT=0x08
Servicing hardware INT=0x08
Servicing hardware INT=0x08
Servicing hardware INT=0x08
Servicing hardware INT=0x08
Servicing hardware INT=0x08
Servicing hardware INT=0x08
Servicing hardware INT=0x08
Servicing hardware INT=0x08
Servicing hardware INT=0x08
Servicing hardware INT=0x08
Servicing hardware INT=0x08
Servicing hardware INT=0x08
Servicing hardware INT=0x08
Servicing hardware INT=0x08
Servicing hardware INT=0x08
Servicing hardware INT=0x08
Servicing hardware INT=0x08
Servicing hardware INT=0x08
Servicing hardware INT=0x08
Servicing hardware INT=0x08
Servicing hardware INT=0x08
Servicing hardware INT=0x08
Servicing hardware INT=0x08
Servicing hardware INT=0x08
Servicing hardware INT=0x08
Servicing hardware INT=0x08
Servicing hardware INT=0x08
Servicing hardware INT=0x08
Servicing hardware INT=0x08
Servicing hardware INT=0x08
Servicing hardware INT=0x08
Servicing hardware INT=0x08
Servicing hardware INT=0x08
Servicing hardware INT=0x08
Servicing hardware INT=0x08
Servicing hardware INT=0x08
Servicing hardware INT=0x08
Servicing hardware INT=0x08
Servicing hardware INT=0x08
Servicing hardware INT=0x08
Servicing hardware INT=0x08
Servicing hardware INT=0x08
Servicing hardware INT=0x08
Servicing hardware INT=0x08
Servicing hardware INT=0x08
Servicing hardware INT=0x08
Servicing hardware INT=0x08
Servicing hardware INT=0x08
Servicing hardware INT=0x08
Servicing hardware INT=0x08
Servicing hardware INT=0x08
Servicing hardware INT=0x08
Servicing hardware INT=0x08
Servicing hardware INT=0x08
Servicing hardware INT=0x08
Servicing hardware INT=0x08
Servicing hardware INT=0x08
Servicing hardware INT=0x08
Servicing hardware INT=0x08
Servicing hardware INT=0x08
Servicing hardware INT=0x08
Servicing hardware INT=0x08
Servicing hardware INT=0x08
Servicing hardware INT=0x08
Servicing hardware INT=0x08
Servicing hardware INT=0x08
Servicing hardware INT=0x08
Servicing hardware INT=0x08
Servicing hardware INT=0x08
Servicing hardware INT=0x08
Servicing hardware INT=0x08
Servicing hardware INT=0x08
Servicing hardware INT=0x08
Servicing hardware INT=0x08
Servicing hardware INT=0x08
Servicing hardware INT=0x08
Servicing hardware INT=0x08
Servicing hardware INT=0x08
Servicing hardware INT=0x08
Servicing hardware INT=0x08
Servicing hardware INT=0x08
Servicing hardware INT=0x08
Servicing hardware INT=0x08
Servicing hardware INT=0x08
Servicing hardware INT=0x08
Servicing hardware INT=0x08
Servicing hardware INT=0x08
Servicing hardware INT=0x08
Servicing hardware INT=0x08
Servicing hardware INT=0x08
Servicing hardware INT=0x08
Servicing hardware INT=0x08
Servicing hardware INT=0x08
Servicing hardware INT=0x08
Servicing hardware INT=0x08
Servicing hardware INT=0x08
Servicing hardware INT=0x08
Servicing hardware INT=0x08
Servicing hardware INT=0x08
Servicing hardware INT=0x08
Servicing hardware INT=0x08
Servicing hardware INT=0x08
Servicing hardware INT=0x08
Servicing hardware INT=0x08
Servicing hardware INT=0x08
Servicing hardware INT=0x08
Servicing hardware INT=0x08
Servicing hardware INT=0x08
Servicing hardware INT=0x08
Servicing hardware INT=0x08
Servicing hardware INT=0x08
Servicing hardware INT=0x08
Servicing hardware INT=0x08
Servicing hardware INT=0x08
Servicing hardware INT=0x08
Servicing hardware INT=0x08
Servicing hardware INT=0x08
Servicing hardware INT=0x08
Servicing hardware INT=0x08
Servicing hardware INT=0x08
Servicing hardware INT=0x08
Servicing hardware INT=0x08
Servicing hardware INT=0x08
Servicing hardware INT=0x08
Servicing hardware INT=0x08
Servicing hardware INT=0x08
Servicing hardware INT=0x08
Servicing hardware INT=0x08
Servicing hardware INT=0x08
Servicing hardware INT=0x08
Servicing hardware INT=0x08
Servicing hardware INT=0x08
Servicing hardware INT=0x08
Servicing hardware INT=0x08
Servicing hardware INT=0x08
Servicing hardware INT=0x08
Servicing hardware INT=0x08
Servicing hardware INT=0x08
Servicing hardware INT=0x08
Servicing hardware INT=0x08
Servicing hardware INT=0x08
Servicing hardware INT=0x08
Servicing hardware INT=0x08
Servicing hardware INT=0x08
Servicing hardware INT=0x08
Servicing hardware INT=0x08
Servicing hardware INT=0x08
Servicing hardware INT=0x08
Servicing hardware INT=0x08
Servicing hardware INT=0x08
Servicing hardware INT=0x08
Servicing hardware INT=0x08
Servicing hardware INT=0x08
Servicing hardware INT=0x08
Servicing hardware INT=0x08
Servicing hardware INT=0x08
Servicing hardware INT=0x08
Servicing hardware INT=0x08
Servicing hardware INT=0x08
Servicing hardware INT=0x08
Servicing hardware INT=0x08
Servicing hardware INT=0x08
Servicing hardware INT=0x08
Servicing hardware INT=0x08
Servicing hardware INT=0x08
Servicing hardware INT=0x08
Servicing hardware INT=0x08
Servicing hardware INT=0x08
Servicing hardware INT=0x08
Servicing hardware INT=0x08
Servicing hardware INT=0x08
Servicing hardware INT=0x08
Servicing hardware INT=0x08
Servicing hardware INT=0x08
Servicing hardware INT=0x08
Servicing hardware INT=0x08
Servicing hardware INT=0x08
Servicing hardware INT=0x08
Servicing hardware INT=0x08
Servicing hardware INT=0x08
Servicing hardware INT=0x08
Servicing hardware INT=0x08
Servicing hardware INT=0x08
Servicing hardware INT=0x08
Servicing hardware INT=0x08
Servicing hardware INT=0x08
Servicing hardware INT=0x08
Servicing hardware INT=0x08
Servicing hardware INT=0x08
Servicing hardware INT=0x08
Servicing hardware INT=0x08
Servicing hardware INT=0x08
Servicing hardware INT=0x08
Servicing hardware INT=0x08
Servicing hardware INT=0x08
Servicing hardware INT=0x08
Servicing hardware INT=0x08
Servicing hardware INT=0x08
Servicing hardware INT=0x08
Servicing hardware INT=0x08
Servicing hardware INT=0x08
Servicing hardware INT=0x08
Servicing hardware INT=0x08
Servicing hardware INT=0x08
Servicing hardware INT=0x08
Servicing hardware INT=0x08
Servicing hardware INT=0x08
Servicing hardware INT=0x08
Servicing hardware INT=0x08
Servicing hardware INT=0x08
Servicing hardware INT=0x08
Servicing hardware INT=0x08
Servicing hardware INT=0x08
Servicing hardware INT=0x08
Servicing hardware INT=0x08
Servicing hardware INT=0x08
Servicing hardware INT=0x08
Servicing hardware INT=0x08
Servicing hardware INT=0x08
Servicing hardware INT=0x08
Servicing hardware INT=0x08
Servicing hardware INT=0x08
Servicing hardware INT=0x08
Servicing hardware INT=0x08
Servicing hardware INT=0x08
Servicing hardware INT=0x08
Servicing hardware INT=0x08
Servicing hardware INT=0x08
Servicing hardware INT=0x08
Servicing hardware INT=0x08
Servicing hardware INT=0x08
Servicing hardware INT=0x08
Servicing hardware INT=0x08
Servicing hardware INT=0x08
Servicing hardware INT=0x08
Servicing hardware INT=0x08
Servicing hardware INT=0x08
Servicing hardware INT=0x08
Servicing hardware INT=0x08
Servicing hardware INT=0x08
Servicing hardware INT=0x08
Servicing hardware INT=0x08
Servicing hardware INT=0x08
Servicing hardware INT=0x08
Servicing hardware INT=0x08
Servicing hardware INT=0x08
Servicing hardware INT=0x08
Servicing hardware INT=0x08
Servicing hardware INT=0x08
Servicing hardware INT=0x08
Servicing hardware INT=0x08
Servicing hardware INT=0x08
Servicing hardware INT=0x08
Servicing hardware INT=0x08
Servicing hardware INT=0x08
Servicing hardware INT=0x08
Servicing hardware INT=0x08
Servicing hardware INT=0x08
Servicing hardware INT=0x08
Servicing hardware INT=0x08
Servicing hardware INT=0x08
Servicing hardware INT=0x08
Servicing hardware INT=0x08
Servicing hardware INT=0x08
Servicing hardware INT=0x08
Servicing hardware INT=0x08
Servicing hardware INT=0x08
Servicing hardware INT=0x08
Servicing hardware INT=0x08
Servicing hardware INT=0x08
Servicing hardware INT=0x08
Servicing hardware INT=0x08
Servicing hardware INT=0x08
Servicing hardware INT=0x08
Servicing hardware INT=0x08
Servicing hardware INT=0x08
Servicing hardware INT=0x08
Servicing hardware INT=0x08
Servicing hardware INT=0x08
Servicing hardware INT=0x08
Servicing hardware INT=0x08
Servicing hardware INT=0x08
Servicing hardware INT=0x08
Servicing hardware INT=0x08
Servicing hardware INT=0x08
Servicing hardware INT=0x08
Servicing hardware INT=0x08
Servicing hardware INT=0x08
Servicing hardware INT=0x08
Servicing hardware INT=0x08
Servicing hardware INT=0x08
Servicing hardware INT=0x08
Servicing hardware INT=0x08
Servicing hardware INT=0x08
Servicing hardware INT=0x08
Servicing hardware INT=0x08
Servicing hardware INT=0x08
Servicing hardware INT=0x08
Servicing hardware INT=0x08
Servicing hardware INT=0x08
Servicing hardware INT=0x08
Servicing hardware INT=0x08
Servicing hardware INT=0x08
Servicing hardware INT=0x08
Servicing hardware INT=0x08
Servicing hardware INT=0x08
Servicing hardware INT=0x08
Servicing hardware INT=0x08
Servicing hardware INT=0x08
Servicing hardware INT=0x08
Servicing hardware INT=0x08
Servicing hardware INT=0x08
Servicing hardware INT=0x08
Servicing hardware INT=0x08
Servicing hardware INT=0x08
Servicing hardware INT=0x08
Servicing hardware INT=0x08
Servicing hardware INT=0x08
Servicing hardware INT=0x08
Servicing hardware INT=0x08
Servicing hardware INT=0x08
Servicing hardware INT=0x08
Servicing hardware INT=0x08
Servicing hardware INT=0x08
Servicing hardware INT=0x08
Servicing hardware INT=0x08
Servicing hardware INT=0x08
Servicing hardware INT=0x08
Servicing hardware INT=0x08
Servicing hardware INT=0x08
Servicing hardware INT=0x08
Servicing hardware INT=0x08
Servicing hardware INT=0x08
Servicing hardware INT=0x08
Servicing hardware INT=0x08
Servicing hardware INT=0x08
Servicing hardware INT=0x08
Servicing hardware INT=0x08
Servicing hardware INT=0x08
Servicing hardware INT=0x08
Servicing hardware INT=0x08
Servicing hardware INT=0x08
Servicing hardware INT=0x08
Servicing hardware INT=0x08
Servicing hardware INT=0x08
Servicing hardware INT=0x08
Servicing hardware INT=0x08
Servicing hardware INT=0x08
Servicing hardware INT=0x08
Servicing hardware INT=0x08
Servicing hardware INT=0x08
Servicing hardware INT=0x08
Servicing hardware INT=0x08
Servicing hardware INT=0x08
Servicing hardware INT=0x08
Servicing hardware INT=0x08
Servicing hardware INT=0x08
Servicing hardware INT=0x08
Servicing hardware INT=0x08
Servicing hardware INT=0x08
Servicing hardware INT=0x08
Servicing hardware INT=0x08
Servicing hardware INT=0x08
Servicing hardware INT=0x08
Servicing hardware INT=0x08
Servicing hardware INT=0x08
Servicing hardware INT=0x08
Servicing hardware INT=0x08
Servicing hardware INT=0x08
Servicing hardware INT=0x08
Servicing hardware INT=0x08
Servicing hardware INT=0x08
Servicing hardware INT=0x08
Servicing hardware INT=0x08
Servicing hardware INT=0x08
Servicing hardware INT=0x08
Servicing hardware INT=0x08
Servicing hardware INT=0x08
Servicing hardware INT=0x08
Servicing hardware INT=0x08
Servicing hardware INT=0x08
Servicing hardware INT=0x08
Servicing hardware INT=0x08
Servicing hardware INT=0x08
Servicing hardware INT=0x08
Servicing hardware INT=0x08
Servicing hardware INT=0x08
Servicing hardware INT=0x08
Servicing hardware INT=0x08
Servicing hardware INT=0x08
Servicing hardware INT=0x08
Servicing hardware INT=0x08
Servicing hardware INT=0x08
Servicing hardware INT=0x08
Servicing hardware INT=0x08
Servicing hardware INT=0x08
Servicing hardware INT=0x08
Servicing hardware INT=0x08
Servicing hardware INT=0x08
Servicing hardware INT=0x08
Servicing hardware INT=0x08
Servicing hardware INT=0x08
Servicing hardware INT=0x08
Servicing hardware INT=0x08
Servicing hardware INT=0x08
Servicing hardware INT=0x08
Servicing hardware INT=0x08
Servicing hardware INT=0x08
Servicing hardware INT=0x08
Servicing hardware INT=0x08
Servicing hardware INT=0x08
Servicing hardware INT=0x08
Servicing hardware INT=0x08
Servicing hardware INT=0x08
Servicing hardware INT=0x08
Servicing hardware INT=0x08
Servicing hardware INT=0x08
Servicing hardware INT=0x08
Servicing hardware INT=0x08
Servicing hardware INT=0x08
Servicing hardware INT=0x08
Servicing hardware INT=0x08
Servicing hardware INT=0x08
Servicing hardware INT=0x08
Servicing hardware INT=0x08
Servicing hardware INT=0x08
Servicing hardware INT=0x08
Servicing hardware INT=0x08
Servicing hardware INT=0x08
Servicing hardware INT=0x08
Servicing hardware INT=0x08
Servicing hardware INT=0x08
Servicing hardware INT=0x08
Servicing hardware INT=0x08
Servicing hardware INT=0x08
Servicing hardware INT=0x08
Servicing hardware INT=0x08
Servicing hardware INT=0x08
Servicing hardware INT=0x08
Servicing hardware INT=0x08
Servicing hardware INT=0x08
Servicing hardware INT=0x08
Servicing hardware INT=0x08
Servicing hardware INT=0x08
Servicing hardware INT=0x08
Servicing hardware INT=0x08
Servicing hardware INT=0x08
Servicing hardware INT=0x08
Servicing hardware INT=0x08
Servicing hardware INT=0x08
Servicing hardware INT=0x08
Servicing hardware INT=0x08
Servicing hardware INT=0x08
Servicing hardware INT=0x08
Servicing hardware INT=0x08
Servicing hardware INT=0x08
Servicing hardware INT=0x08
Servicing hardware INT=0x08
Servicing hardware INT=0x08
Servicing hardware INT=0x08
Servicing hardware INT=0x08
Servicing hardware INT=0x08
Servicing hardware INT=0x08
Servicing hardware INT=0x08
Servicing hardware INT=0x08
Servicing hardware INT=0x08
Servicing hardware INT=0x08
Servicing hardware INT=0x08
Servicing hardware INT=0x08
Servicing hardware INT=0x08
Servicing hardware INT=0x08
Servicing hardware INT=0x08
Servicing hardware INT=0x08
Servicing hardware INT=0x08
Servicing hardware INT=0x08
Servicing hardware INT=0x08
Servicing hardware INT=0x08
Servicing hardware INT=0x08
Servicing hardware INT=0x08
Servicing hardware INT=0x08
Servicing hardware INT=0x08
Servicing hardware INT=0x08
Servicing hardware INT=0x08
Servicing hardware INT=0x08
Servicing hardware INT=0x08
Servicing hardware INT=0x08
Servicing hardware INT=0x08
Servicing hardware INT=0x08
Servicing hardware INT=0x08
Servicing hardware INT=0x08
Servicing hardware INT=0x08
Servicing hardware INT=0x08
Servicing hardware INT=0x08
Servicing hardware INT=0x08
Servicing hardware INT=0x08
Servicing hardware INT=0x08
Servicing hardware INT=0x08
Servicing hardware INT=0x08
Servicing hardware INT=0x08
Servicing hardware INT=0x08
Servicing hardware INT=0x08
Servicing hardware INT=0x08
Servicing hardware INT=0x08
Servicing hardware INT=0x08
Servicing hardware INT=0x08
Servicing hardware INT=0x08
Servicing hardware INT=0x08
Servicing hardware INT=0x08
Servicing hardware INT=0x08
Servicing hardware INT=0x08
Servicing hardware INT=0x08
Servicing hardware INT=0x08
Servicing hardware INT=0x08
Servicing hardware INT=0x08
Servicing hardware INT=0x08
Servicing hardware INT=0x08
Servicing hardware INT=0x08
Servicing hardware INT=0x08
Servicing hardware INT=0x08
Servicing hardware INT=0x08
Servicing hardware INT=0x08
Servicing hardware INT=0x08
Servicing hardware INT=0x08
Servicing hardware INT=0x08
Servicing hardware INT=0x08
Servicing hardware INT=0x08
Servicing hardware INT=0x08
Servicing hardware INT=0x08
Servicing hardware INT=0x08
Servicing hardware INT=0x08
Servicing hardware INT=0x08
Servicing hardware INT=0x08
Servicing hardware INT=0x08
Servicing hardware INT=0x08
Servicing hardware INT=0x08
Servicing hardware INT=0x08
Servicing hardware INT=0x08
Servicing hardware INT=0x08
Servicing hardware INT=0x08
Servicing hardware INT=0x08
Servicing hardware INT=0x08
Servicing hardware INT=0x08
Servicing hardware INT=0x08
Servicing hardware INT=0x08
Servicing hardware INT=0x08
Servicing hardware INT=0x08
Servicing hardware INT=0x08
Servicing hardware INT=0x08
Servicing hardware INT=0x08
Servicing hardware INT=0x08
Servicing hardware INT=0x08
Servicing hardware INT=0x08
Servicing hardware INT=0x08
Servicing hardware INT=0x08
Servicing hardware INT=0x08
Servicing hardware INT=0x08
Servicing hardware INT=0x08
Servicing hardware INT=0x08
Servicing hardware INT=0x08
Servicing hardware INT=0x08
Servicing hardware INT=0x08
Servicing hardware INT=0x08
Servicing hardware INT=0x08
Servicing hardware INT=0x08
Servicing hardware INT=0x08
Servicing hardware INT=0x08
Servicing hardware INT=0x08
Servicing hardware INT=0x08
Servicing hardware INT=0x08
Servicing hardware INT=0x08
Servicing hardware INT=0x08
Servicing hardware INT=0x08
Servicing hardware INT=0x08
Servicing hardware INT=0x08
Servicing hardware INT=0x08
Servicing hardware INT=0x08
Servicing hardware INT=0x08
Servicing hardware INT=0x08
Servicing hardware INT=0x08
Servicing hardware INT=0x08
Servicing hardware INT=0x08
Servicing hardware INT=0x08
Servicing hardware INT=0x08
Servicing hardware INT=0x08
Servicing hardware INT=0x08
Servicing hardware INT=0x08
Servicing hardware INT=0x08
Servicing hardware INT=0x08
Servicing hardware INT=0x08
Servicing hardware INT=0x08
Servicing hardware INT=0x08
Servicing hardware INT=0x08
Servicing hardware INT=0x08
Servicing hardware INT=0x08
Servicing hardware INT=0x08
Servicing hardware INT=0x08
Servicing hardware INT=0x08
Servicing hardware INT=0x08
Servicing hardware INT=0x08
Servicing hardware INT=0x08
Servicing hardware INT=0x08
Servicing hardware INT=0x08
Servicing hardware INT=0x08
Servicing hardware INT=0x08
Servicing hardware INT=0x08
Servicing hardware INT=0x08
Servicing hardware INT=0x08
Servicing hardware INT=0x08
Servicing hardware INT=0x08
Servicing hardware INT=0x08
Servicing hardware INT=0x08
Servicing hardware INT=0x08
Servicing hardware INT=0x08
Servicing hardware INT=0x08
Servicing hardware INT=0x08
Servicing hardware INT=0x08
Servicing hardware INT=0x08
Servicing hardware INT=0x08
Servicing hardware INT=0x08
Servicing hardware INT=0x08
Servicing hardware INT=0x08
Servicing hardware INT=0x08
Servicing hardware INT=0x08
Servicing hardware INT=0x08
Servicing hardware INT=0x08
Servicing hardware INT=0x08
Servicing hardware INT=0x08
Servicing hardware INT=0x08
Servicing hardware INT=0x08
Servicing hardware INT=0x08
Servicing hardware INT=0x08
Servicing hardware INT=0x08
Servicing hardware INT=0x08
Servicing hardware INT=0x08
Servicing hardware INT=0x08
Servicing hardware INT=0x08
Servicing hardware INT=0x08
Servicing hardware INT=0x08
Servicing hardware INT=0x08
Servicing hardware INT=0x08
Servicing hardware INT=0x08
Servicing hardware INT=0x08
Servicing hardware INT=0x08
Servicing hardware INT=0x08
Servicing hardware INT=0x08
Servicing hardware INT=0x08
Servicing hardware INT=0x08
Servicing hardware INT=0x08
Servicing hardware INT=0x08
Servicing hardware INT=0x08
Servicing hardware INT=0x08
Servicing hardware INT=0x08
Servicing hardware INT=0x08
Servicing hardware INT=0x08
Servicing hardware INT=0x08
Servicing hardware INT=0x08
Servicing hardware INT=0x08
Servicing hardware INT=0x08
Servicing hardware INT=0x08
Servicing hardware INT=0x08
Servicing hardware INT=0x08
Servicing hardware INT=0x08
Servicing hardware INT=0x08
Servicing hardware INT=0x08
Servicing hardware INT=0x08
Servicing hardware INT=0x08
Servicing hardware INT=0x08
Servicing hardware INT=0x08
Servicing hardware INT=0x08
Servicing hardware INT=0x08
Servicing hardware INT=0x08
Servicing hardware INT=0x08
Servicing hardware INT=0x08
Servicing hardware INT=0x08
Servicing hardware INT=0x08
Servicing hardware INT=0x08
Servicing hardware INT=0x08
Servicing hardware INT=0x08
Servicing hardware INT=0x08
Servicing hardware INT=0x08
Servicing hardware INT=0x08
Servicing hardware INT=0x08
Servicing hardware INT=0x08
Servicing hardware INT=0x08
Servicing hardware INT=0x08
Servicing hardware INT=0x08
Servicing hardware INT=0x08
Servicing hardware INT=0x08
Servicing hardware INT=0x08
Servicing hardware INT=0x08
Servicing hardware INT=0x08
Servicing hardware INT=0x08
Servicing hardware INT=0x08
Servicing hardware INT=0x08
Servicing hardware INT=0x08
Servicing hardware INT=0x08
Servicing hardware INT=0x08
Servicing hardware INT=0x08
Servicing hardware INT=0x08
Servicing hardware INT=0x08
Servicing hardware INT=0x08
Servicing hardware INT=0x08
Servicing hardware INT=0x08
Servicing hardware INT=0x08
Servicing hardware INT=0x08
Servicing hardware INT=0x08
Servicing hardware INT=0x08
Servicing hardware INT=0x08
Servicing hardware INT=0x08
Servicing hardware INT=0x08
Servicing hardware INT=0x08
Servicing hardware INT=0x08
Servicing hardware INT=0x08
Servicing hardware INT=0x08
Servicing hardware INT=0x08
Servicing hardware INT=0x08
Servicing hardware INT=0x08
Servicing hardware INT=0x08
Servicing hardware INT=0x08
Servicing hardware INT=0x08
Servicing hardware INT=0x08
Servicing hardware INT=0x08
Servicing hardware INT=0x08
Servicing hardware INT=0x08
Servicing hardware INT=0x08
Servicing hardware INT=0x08
Servicing hardware INT=0x08
Servicing hardware INT=0x08
Servicing hardware INT=0x08
Servicing hardware INT=0x08
Servicing hardware INT=0x08
Servicing hardware INT=0x08
Servicing hardware INT=0x08
Servicing hardware INT=0x08
Servicing hardware INT=0x08
Servicing hardware INT=0x08
Servicing hardware INT=0x08
Servicing hardware INT=0x08
Servicing hardware INT=0x08
Servicing hardware INT=0x08
Servicing hardware INT=0x08
Servicing hardware INT=0x08
Servicing hardware INT=0x08
Servicing hardware INT=0x08
Servicing hardware INT=0x08
Servicing hardware INT=0x08
Servicing hardware INT=0x08
Servicing hardware INT=0x08
Servicing hardware INT=0x08
Servicing hardware INT=0x08
Servicing hardware INT=0x08
Servicing hardware INT=0x08
Servicing hardware INT=0x08
Servicing hardware INT=0x08
Servicing hardware INT=0x08
Servicing hardware INT=0x08
Servicing hardware INT=0x08
Servicing hardware INT=0x08
Servicing hardware INT=0x08
Servicing hardware INT=0x08
Servicing hardware INT=0x08
Servicing hardware INT=0x08
Servicing hardware INT=0x08
Servicing hardware INT=0x08
Servicing hardware INT=0x08
Servicing hardware INT=0x08
Servicing hardware INT=0x08
Servicing hardware INT=0x08
Servicing hardware INT=0x08
Servicing hardware INT=0x08
Servicing hardware INT=0x08
Servicing hardware INT=0x08
Servicing hardware INT=0x08
Servicing hardware INT=0x08
Servicing hardware INT=0x08
Servicing hardware INT=0x08
Servicing hardware INT=0x08
Servicing hardware INT=0x08
Servicing hardware INT=0x08
Servicing hardware INT=0x08
Servicing hardware INT=0x08
Servicing hardware INT=0x08
Servicing hardware INT=0x08
Servicing hardware INT=0x08
Servicing hardware INT=0x08
Servicing hardware INT=0x08
Servicing hardware INT=0x08
Servicing hardware INT=0x08
Servicing hardware INT=0x08
Servicing hardware INT=0x08
Servicing hardware INT=0x08
Servicing hardware INT=0x08
Servicing hardware INT=0x08
Servicing hardware INT=0x08
Servicing hardware INT=0x08
Servicing hardware INT=0x08
Servicing hardware INT=0x08
Servicing hardware INT=0x08
Servicing hardware INT=0x08
Servicing hardware INT=0x08
Servicing hardware INT=0x08
Servicing hardware INT=0x08
Servicing hardware INT=0x08
Servicing hardware INT=0x08
Servicing hardware INT=0x08
Servicing hardware INT=0x08
Servicing hardware INT=0x08
Servicing hardware INT=0x08
Servicing hardware INT=0x08
Servicing hardware INT=0x08
Servicing hardware INT=0x08
Servicing hardware INT=0x08
Servicing hardware INT=0x08
Servicing hardware INT=0x08
Servicing hardware INT=0x08
Servicing hardware INT=0x08
Servicing hardware INT=0x08
Servicing hardware INT=0x08
Servicing hardware INT=0x08
Servicing hardware INT=0x08
Servicing hardware INT=0x08
Servicing hardware INT=0x08
Servicing hardware INT=0x08
Servicing hardware INT=0x08
Servicing hardware INT=0x08
Servicing hardware INT=0x08
Servicing hardware INT=0x08
Servicing hardware INT=0x08
Servicing hardware INT=0x08
Servicing hardware INT=0x08
Servicing hardware INT=0x08
Servicing hardware INT=0x08
Servicing hardware INT=0x08
Servicing hardware INT=0x08
Servicing hardware INT=0x08
Servicing hardware INT=0x08
Servicing hardware INT=0x08
Servicing hardware INT=0x08
Servicing hardware INT=0x08
Servicing hardware INT=0x08
Servicing hardware INT=0x08
Servicing hardware INT=0x08
Servicing hardware INT=0x08
Servicing hardware INT=0x08
Servicing hardware INT=0x08
Servicing hardware INT=0x08
Servicing hardware INT=0x08
Servicing hardware INT=0x08
Servicing hardware INT=0x08
Servicing hardware INT=0x08
Servicing hardware INT=0x08
Servicing hardware INT=0x08
Servicing hardware INT=0x08
Servicing hardware INT=0x08
Servicing hardware INT=0x08
Servicing hardware INT=0x08
Servicing hardware INT=0x08
Servicing hardware INT=0x08
Servicing hardware INT=0x08
Servicing hardware INT=0x08
Servicing hardware INT=0x08
Servicing hardware INT=0x08
Servicing hardware INT=0x08
Servicing hardware INT=0x08
Servicing hardware INT=0x08
Servicing hardware INT=0x08
Servicing hardware INT=0x08
Servicing hardware INT=0x08
Servicing hardware INT=0x08
Servicing hardware INT=0x08
Servicing hardware INT=0x08
Servicing hardware INT=0x08
Servicing hardware INT=0x08
Servicing hardware INT=0x08
Servicing hardware INT=0x08
Servicing hardware INT=0x08
Servicing hardware INT=0x08
Servicing hardware INT=0x08
Servicing hardware INT=0x08
Servicing hardware INT=0x08
Servicing hardware INT=0x08
Servicing hardware INT=0x08
Servicing hardware INT=0x08
Servicing hardware INT=0x08
Servicing hardware INT=0x08
Servicing hardware INT=0x08
Servicing hardware INT=0x08
Servicing hardware INT=0x08
Servicing hardware INT=0x08
Servicing hardware INT=0x08
Servicing hardware INT=0x08
Servicing hardware INT=0x08
Servicing hardware INT=0x08
Servicing hardware INT=0x08
Servicing hardware INT=0x08
Servicing hardware INT=0x08
Servicing hardware INT=0x08
Servicing hardware INT=0x08
Servicing hardware INT=0x08
Servicing hardware INT=0x08
Servicing hardware INT=0x08
Servicing hardware INT=0x08
Servicing hardware INT=0x08
Servicing hardware INT=0x08
Servicing hardware INT=0x08
Servicing hardware INT=0x08
Servicing hardware INT=0x08
Servicing hardware INT=0x08
Servicing hardware INT=0x08
Servicing hardware INT=0x08
Servicing hardware INT=0x08
Servicing hardware INT=0x08
Servicing hardware INT=0x08
Servicing hardware INT=0x08
Servicing hardware INT=0x08
Servicing hardware INT=0x08
Servicing hardware INT=0x08
Servicing hardware INT=0x08
Servicing hardware INT=0x08
Servicing hardware INT=0x08
Servicing hardware INT=0x08
Servicing hardware INT=0x08
Servicing hardware INT=0x08
Servicing hardware INT=0x08
Servicing hardware INT=0x08
Servicing hardware INT=0x08
Servicing hardware INT=0x08
Servicing hardware INT=0x08
Servicing hardware INT=0x08
Servicing hardware INT=0x08
Servicing hardware INT=0x08
Servicing hardware INT=0x08
Servicing hardware INT=0x08
Servicing hardware INT=0x08
Servicing hardware INT=0x08
Servicing hardware INT=0x08
Servicing hardware INT=0x08
Servicing hardware INT=0x08
Servicing hardware INT=0x08
Servicing hardware INT=0x08
Servicing hardware INT=0x08
Servicing hardware INT=0x08
Servicing hardware INT=0x08
Servicing hardware INT=0x08
Servicing hardware INT=0x08
Servicing hardware INT=0x08
Servicing hardware INT=0x08
Servicing hardware INT=0x08
Servicing hardware INT=0x08
Servicing hardware INT=0x08
Servicing hardware INT=0x08
Servicing hardware INT=0x08
Servicing hardware INT=0x08
Servicing hardware INT=0x08
Servicing hardware INT=0x08
Servicing hardware INT=0x08
Servicing hardware INT=0x08
Servicing hardware INT=0x08
Servicing hardware INT=0x08
Servicing hardware INT=0x08
Servicing hardware INT=0x08
Servicing hardware INT=0x08
Servicing hardware INT=0x08
Servicing hardware INT=0x08
Servicing hardware INT=0x08
Servicing hardware INT=0x08
Servicing hardware INT=0x08
Servicing hardware INT=0x08
Servicing hardware INT=0x08
Servicing hardware INT=0x08
Servicing hardware INT=0x08
Servicing hardware INT=0x08
Servicing hardware INT=0x08
Servicing hardware INT=0x08
Servicing hardware INT=0x08
Servicing hardware INT=0x08
Servicing hardware INT=0x08
Servicing hardware INT=0x08
Servicing hardware INT=0x08
Servicing hardware INT=0x08
Servicing hardware INT=0x08
Servicing hardware INT=0x08
Servicing hardware INT=0x08
Servicing hardware INT=0x08
Servicing hardware INT=0x08
Servicing hardware INT=0x08
Servicing hardware INT=0x08
Servicing hardware INT=0x08
Servicing hardware INT=0x08
Servicing hardware INT=0x08
Servicing hardware INT=0x08
Servicing hardware INT=0x08
Servicing hardware INT=0x08
Servicing hardware INT=0x08
Servicing hardware INT=0x08
Servicing hardware INT=0x08
Servicing hardware INT=0x08
Servicing hardware INT=0x08
Servicing hardware INT=0x08
Servicing hardware INT=0x08
Servicing hardware INT=0x08
Servicing hardware INT=0x08
Servicing hardware INT=0x08
Servicing hardware INT=0x08
Servicing hardware INT=0x08
Servicing hardware INT=0x08
Servicing hardware INT=0x08
Servicing hardware INT=0x08
Servicing hardware INT=0x08
Servicing hardware INT=0x08
Servicing hardware INT=0x08
Servicing hardware INT=0x08
Servicing hardware INT=0x08
Servicing hardware INT=0x08
Servicing hardware INT=0x08
Servicing hardware INT=0x08
Servicing hardware INT=0x08
Servicing hardware INT=0x08
Servicing hardware INT=0x08
Servicing hardware INT=0x08
Servicing hardware INT=0x08
Servicing hardware INT=0x08
Servicing hardware INT=0x08
Servicing hardware INT=0x08
Servicing hardware INT=0x08
Servicing hardware INT=0x08
Servicing hardware INT=0x08
Servicing hardware INT=0x08
Servicing hardware INT=0x08
Servicing hardware INT=0x08
Servicing hardware INT=0x08
Servicing hardware INT=0x08
Servicing hardware INT=0x08
Servicing hardware INT=0x08
Servicing hardware INT=0x08
Servicing hardware INT=0x08
Servicing hardware INT=0x08
Servicing hardware INT=0x08
Servicing hardware INT=0x08
Servicing hardware INT=0x08
Servicing hardware INT=0x08
Servicing hardware INT=0x08
Servicing hardware INT=0x08
Servicing hardware INT=0x08
Servicing hardware INT=0x08
Servicing hardware INT=0x08
Servicing hardware INT=0x08
Servicing hardware INT=0x08
Servicing hardware INT=0x08
Servicing hardware INT=0x08
Servicing hardware INT=0x08
Servicing hardware INT=0x08
Servicing hardware INT=0x08
Servicing hardware INT=0x08
Servicing hardware INT=0x08
Servicing hardware INT=0x08
Servicing hardware INT=0x08
Servicing hardware INT=0x08
Servicing hardware INT=0x08
Servicing hardware INT=0x08
Servicing hardware INT=0x08
Servicing hardware INT=0x08
Servicing hardware INT=0x08
Servicing hardware INT=0x08
Servicing hardware INT=0x08
Servicing hardware INT=0x08
Servicing hardware INT=0x08
Servicing hardware INT=0x08
Servicing hardware INT=0x08
Servicing hardware INT=0x08
Servicing hardware INT=0x08
Servicing hardware INT=0x08
Servicing hardware INT=0x08
Servicing hardware INT=0x08
Servicing hardware INT=0x08
Servicing hardware INT=0x08
Servicing hardware INT=0x08
Servicing hardware INT=0x08
Servicing hardware INT=0x08
Servicing hardware INT=0x08
Servicing hardware INT=0x08
Servicing hardware INT=0x08
Servicing hardware INT=0x08
Servicing hardware INT=0x08
Servicing hardware INT=0x08
Servicing hardware INT=0x08
Servicing hardware INT=0x08
Servicing hardware INT=0x08
Servicing hardware INT=0x08
Servicing hardware INT=0x08
Servicing hardware INT=0x08
Servicing hardware INT=0x08
Servicing hardware INT=0x08
Servicing hardware INT=0x08
Servicing hardware INT=0x08
Servicing hardware INT=0x08
Servicing hardware INT=0x08
Servicing hardware INT=0x08
Servicing hardware INT=0x08
Servicing hardware INT=0x08
Servicing hardware INT=0x08
Servicing hardware INT=0x08
Servicing hardware INT=0x08
Servicing hardware INT=0x08
Servicing hardware INT=0x08
Servicing hardware INT=0x08
Servicing hardware INT=0x08
Servicing hardware INT=0x08
Servicing hardware INT=0x08
Servicing hardware INT=0x08
Servicing hardware INT=0x08
Servicing hardware INT=0x08
Servicing hardware INT=0x08
Servicing hardware INT=0x08
Servicing hardware INT=0x08
Servicing hardware INT=0x08
Servicing hardware INT=0x08
Servicing hardware INT=0x08
Servicing hardware INT=0x08
Servicing hardware INT=0x08
Servicing hardware INT=0x08
Servicing hardware INT=0x08
Servicing hardware INT=0x08
Servicing hardware INT=0x08
Servicing hardware INT=0x08
Servicing hardware INT=0x08
Servicing hardware INT=0x08
Servicing hardware INT=0x08
Servicing hardware INT=0x08
Servicing hardware INT=0x08
Servicing hardware INT=0x08
Servicing hardware INT=0x08
Servicing hardware INT=0x08
Servicing hardware INT=0x08
Servicing hardware INT=0x08
Servicing hardware INT=0x08
Servicing hardware INT=0x08
Servicing hardware INT=0x08
Servicing hardware INT=0x08
Servicing hardware INT=0x08
Servicing hardware INT=0x08
Servicing hardware INT=0x08
Servicing hardware INT=0x08
Servicing hardware INT=0x08
Servicing hardware INT=0x08
Servicing hardware INT=0x08
Servicing hardware INT=0x08
Servicing hardware INT=0x08
Servicing hardware INT=0x08
Servicing hardware INT=0x08
Servicing hardware INT=0x08
Servicing hardware INT=0x08
Servicing hardware INT=0x08
Servicing hardware INT=0x08
Servicing hardware INT=0x08
Servicing hardware INT=0x08
Servicing hardware INT=0x08
Servicing hardware INT=0x08
Servicing hardware INT=0x08
Servicing hardware INT=0x08
Servicing hardware INT=0x08
Servicing hardware INT=0x08
Servicing hardware INT=0x08
Servicing hardware INT=0x08
Servicing hardware INT=0x08
Servicing hardware INT=0x08
Servicing hardware INT=0x08
Servicing hardware INT=0x08
Servicing hardware INT=0x08
Servicing hardware INT=0x08
Servicing hardware INT=0x08
Servicing hardware INT=0x08
Servicing hardware INT=0x08
Servicing hardware INT=0x08
Servicing hardware INT=0x08
Servicing hardware INT=0x08
Servicing hardware INT=0x08
Servicing hardware INT=0x08
Servicing hardware INT=0x08
Servicing hardware INT=0x08
Servicing hardware INT=0x08
Servicing hardware INT=0x08
Servicing hardware INT=0x08
Servicing hardware INT=0x08
Servicing hardware INT=0x08
Servicing hardware INT=0x08
Servicing hardware INT=0x08
Servicing hardware INT=0x08
Servicing hardware INT=0x08
Servicing hardware INT=0x08
Servicing hardware INT=0x08
Servicing hardware INT=0x08
Servicing hardware INT=0x08
Servicing hardware INT=0x08
Servicing hardware INT=0x08
Servicing hardware INT=0x08
Servicing hardware INT=0x08
Servicing hardware INT=0x08
Servicing hardware INT=0x08
Servicing hardware INT=0x08
Servicing hardware INT=0x08
Servicing hardware INT=0x08
Servicing hardware INT=0x08
Servicing hardware INT=0x08
Servicing hardware INT=0x08
Servicing hardware INT=0x08
Servicing hardware INT=0x08
Servicing hardware INT=0x08
Servicing hardware INT=0x08
Servicing hardware INT=0x08
Servicing hardware INT=0x08
Servicing hardware INT=0x08
Servicing hardware INT=0x08
Servicing hardware INT=0x08
Servicing hardware INT=0x08
Servicing hardware INT=0x08
Servicing hardware INT=0x08
Servicing hardware INT=0x08
Servicing hardware INT=0x08
Servicing hardware INT=0x08
Servicing hardware INT=0x08
Servicing hardware INT=0x08
Servicing hardware INT=0x08
Servicing hardware INT=0x08
Servicing hardware INT=0x08
Servicing hardware INT=0x08
Servicing hardware INT=0x08
Servicing hardware INT=0x08
Servicing hardware INT=0x08
Servicing hardware INT=0x08
Servicing hardware INT=0x08
Servicing hardware INT=0x08
Servicing hardware INT=0x08
Servicing hardware INT=0x08
Servicing hardware INT=0x08
Servicing hardware INT=0x08
Servicing hardware INT=0x08
Servicing hardware INT=0x08
Servicing hardware INT=0x08
Servicing hardware INT=0x08
Servicing hardware INT=0x08
Servicing hardware INT=0x08
Servicing hardware INT=0x08
Servicing hardware INT=0x08
Servicing hardware INT=0x08
Servicing hardware INT=0x08
Servicing hardware INT=0x08
Servicing hardware INT=0x08
Servicing hardware INT=0x08
Servicing hardware INT=0x08
Servicing hardware INT=0x08
Servicing hardware INT=0x08
Servicing hardware INT=0x08
Servicing hardware INT=0x08
Servicing hardware INT=0x08
Servicing hardware INT=0x08
Servicing hardware INT=0x08
Servicing hardware INT=0x08
Servicing hardware INT=0x08
Servicing hardware INT=0x08
Servicing hardware INT=0x08
Servicing hardware INT=0x08
Servicing hardware INT=0x08
Servicing hardware INT=0x08
Servicing hardware INT=0x08
Servicing hardware INT=0x08
Servicing hardware INT=0x08
Servicing hardware INT=0x08
Servicing hardware INT=0x08
Servicing hardware INT=0x08
Servicing hardware INT=0x08
Servicing hardware INT=0x08
Servicing hardware INT=0x08
Servicing hardware INT=0x08
Servicing hardware INT=0x08
Servicing hardware INT=0x08
Servicing hardware INT=0x08
Servicing hardware INT=0x08
Servicing hardware INT=0x08
Servicing hardware INT=0x08
Servicing hardware INT=0x08
Servicing hardware INT=0x08
Servicing hardware INT=0x08
Servicing hardware INT=0x08
Servicing hardware INT=0x08
Servicing hardware INT=0x08
Servicing hardware INT=0x08
Servicing hardware INT=0x08
Servicing hardware INT=0x08
Servicing hardware INT=0x08
Servicing hardware INT=0x08
Servicing hardware INT=0x08
Servicing hardware INT=0x08
Servicing hardware INT=0x08
Servicing hardware INT=0x08
Servicing hardware INT=0x08
Servicing hardware INT=0x08
Servicing hardware INT=0x08
Servicing hardware INT=0x08
Servicing hardware INT=0x08
Servicing hardware INT=0x08
Servicing hardware INT=0x08
Servicing hardware INT=0x08
Servicing hardware INT=0x08
Servicing hardware INT=0x08
Servicing hardware INT=0x08
Servicing hardware INT=0x08
Servicing hardware INT=0x08
Servicing hardware INT=0x08
Servicing hardware INT=0x08
Servicing hardware INT=0x08
Servicing hardware INT=0x08
Servicing hardware INT=0x08
Servicing hardware INT=0x08
Servicing hardware INT=0x08
Servicing hardware INT=0x08
Servicing hardware INT=0x08
Servicing hardware INT=0x08
Servicing hardware INT=0x08
Servicing hardware INT=0x08
Servicing hardware INT=0x08
Servicing hardware INT=0x08
Servicing hardware INT=0x08
Servicing hardware INT=0x08
Servicing hardware INT=0x08
Servicing hardware INT=0x08
Servicing hardware INT=0x08
Servicing hardware INT=0x08
Servicing hardware INT=0x08
Servicing hardware INT=0x08
Servicing hardware INT=0x08
Servicing hardware INT=0x08
Servicing hardware INT=0x08
Servicing hardware INT=0x08
Servicing hardware INT=0x08
Servicing hardware INT=0x08
Servicing hardware INT=0x08
Servicing hardware INT=0x08
Servicing hardware INT=0x08
Servicing hardware INT=0x08
Servicing hardware INT=0x08
Servicing hardware INT=0x08
Servicing hardware INT=0x08
Servicing hardware INT=0x08
Servicing hardware INT=0x08
Servicing hardware INT=0x08
Servicing hardware INT=0x08
Servicing hardware INT=0x08
Servicing hardware INT=0x08
Servicing hardware INT=0x08
Servicing hardware INT=0x08
Servicing hardware INT=0x08
Servicing hardware INT=0x08
Servicing hardware INT=0x08
Servicing hardware INT=0x08
Servicing hardware INT=0x08
Servicing hardware INT=0x08
Servicing hardware INT=0x08
Servicing hardware INT=0x08
Servicing hardware INT=0x08
Servicing hardware INT=0x08
Servicing hardware INT=0x08
Servicing hardware INT=0x08
Servicing hardware INT=0x08
Servicing hardware INT=0x08
Servicing hardware INT=0x08
Servicing hardware INT=0x08
Servicing hardware INT=0x08
Servicing hardware INT=0x08
Servicing hardware INT=0x08
Servicing hardware INT=0x08
Servicing hardware INT=0x08
Servicing hardware INT=0x08
Servicing hardware INT=0x08
Servicing hardware INT=0x08
Servicing hardware INT=0x08
Servicing hardware INT=0x08
Servicing hardware INT=0x08
Servicing hardware INT=0x08
Servicing hardware INT=0x08
Servicing hardware INT=0x08
Servicing hardware INT=0x08
Servicing hardware INT=0x08
Servicing hardware INT=0x08
Servicing hardware INT=0x08
Servicing hardware INT=0x08
Servicing hardware INT=0x08
Servicing hardware INT=0x08
Servicing hardware INT=0x08
Servicing hardware INT=0x08
Servicing hardware INT=0x08
Servicing hardware INT=0x08
Servicing hardware INT=0x08
Servicing hardware INT=0x08
Servicing hardware INT=0x08
Servicing hardware INT=0x08
Servicing hardware INT=0x08
Servicing hardware INT=0x08
Servicing hardware INT=0x08
Servicing hardware INT=0x08
Servicing hardware INT=0x08
Servicing hardware INT=0x08
Servicing hardware INT=0x08
Servicing hardware INT=0x08
Servicing hardware INT=0x08
Servicing hardware INT=0x08
Servicing hardware INT=0x08
Servicing hardware INT=0x08
Servicing hardware INT=0x08
Servicing hardware INT=0x08
Servicing hardware INT=0x08
Servicing hardware INT=0x08
Servicing hardware INT=0x08
Servicing hardware INT=0x08
Servicing hardware INT=0x08
Servicing hardware INT=0x08
Servicing hardware INT=0x08
Servicing hardware INT=0x08
Servicing hardware INT=0x08
Servicing hardware INT=0x08
Servicing hardware INT=0x08
Servicing hardware INT=0x08
Servicing hardware INT=0x08
Servicing hardware INT=0x08
Servicing hardware INT=0x08
Servicing hardware INT=0x08
Servicing hardware INT=0x08
Servicing hardware INT=0x08
Servicing hardware INT=0x08
Servicing hardware INT=0x08
Servicing hardware INT=0x08
Servicing hardware INT=0x08
Servicing hardware INT=0x08
Servicing hardware INT=0x08
Servicing hardware INT=0x08
Servicing hardware INT=0x08
Servicing hardware INT=0x08
Servicing hardware INT=0x08
Servicing hardware INT=0x08
Servicing hardware INT=0x08
Servicing hardware INT=0x08
Servicing hardware INT=0x08
Servicing hardware INT=0x08
Servicing hardware INT=0x08
Servicing hardware INT=0x08
Servicing hardware INT=0x08
Servicing hardware INT=0x08
Servicing hardware INT=0x08
Servicing hardware INT=0x08
Servicing hardware INT=0x08
Servicing hardware INT=0x08
Servicing hardware INT=0x08
Servicing hardware INT=0x08
Servicing hardware INT=0x08
Servicing hardware INT=0x08
Servicing hardware INT=0x08
Servicing hardware INT=0x08
Servicing hardware INT=0x08
Servicing hardware INT=0x08
Servicing hardware INT=0x08
Servicing hardware INT=0x08
Servicing hardware INT=0x08
Servicing hardware INT=0x08
Servicing hardware INT=0x08
Servicing hardware INT=0x08
Servicing hardware INT=0x08
Servicing hardware INT=0x08
Servicing hardware INT=0x08
Servicing hardware INT=0x08
Servicing hardware INT=0x08
Servicing hardware INT=0x08
Servicing hardware INT=0x08
Servicing hardware INT=0x08
Servicing hardware INT=0x08
Servicing hardware INT=0x08
Servicing hardware INT=0x08
Servicing hardware INT=0x08
Servicing hardware INT=0x08
Servicing hardware INT=0x08
Servicing hardware INT=0x08
Servicing hardware INT=0x08
Servicing hardware INT=0x08
Servicing hardware INT=0x08
Servicing hardware INT=0x08
Servicing hardware INT=0x08
Servicing hardware INT=0x08
Servicing hardware INT=0x08
Servicing hardware INT=0x08
Servicing hardware INT=0x08
Servicing hardware INT=0x08
Servicing hardware INT=0x08
Servicing hardware INT=0x08
Servicing hardware INT=0x08
Servicing hardware INT=0x08
Servicing hardware INT=0x08
Servicing hardware INT=0x08
Servicing hardware INT=0x08
Servicing hardware INT=0x08
Servicing hardware INT=0x08
Servicing hardware INT=0x08
Servicing hardware INT=0x08
Servicing hardware INT=0x08
Servicing hardware INT=0x08
Servicing hardware INT=0x08
Servicing hardware INT=0x08
Servicing hardware INT=0x08
Servicing hardware INT=0x08
Servicing hardware INT=0x08
Servicing hardware INT=0x08
Servicing hardware INT=0x08
Servicing hardware INT=0x08
Servicing hardware INT=0x08
Servicing hardware INT=0x08
Servicing hardware INT=0x08
Servicing hardware INT=0x08
Servicing hardware INT=0x08
Servicing hardware INT=0x08
Servicing hardware INT=0x08
Servicing hardware INT=0x08
Servicing hardware INT=0x08
Servicing hardware INT=0x08
Servicing hardware INT=0x08
Servicing hardware INT=0x08
Servicing hardware INT=0x08
Servicing hardware INT=0x08
Servicing hardware INT=0x08
Servicing hardware INT=0x08
Servicing hardware INT=0x08
Servicing hardware INT=0x08
Servicing hardware INT=0x08
Servicing hardware INT=0x08
Servicing hardware INT=0x08
Servicing hardware INT=0x08
Servicing hardware INT=0x08
Servicing hardware INT=0x08
Servicing hardware INT=0x08
Servicing hardware INT=0x08
Servicing hardware INT=0x08
Servicing hardware INT=0x08
Servicing hardware INT=0x08
Servicing hardware INT=0x08
Servicing hardware INT=0x08
Servicing hardware INT=0x08
Servicing hardware INT=0x08
Servicing hardware INT=0x08
Servicing hardware INT=0x08
Servicing hardware INT=0x08
Servicing hardware INT=0x08
Servicing hardware INT=0x08
Servicing hardware INT=0x08
Servicing hardware INT=0x08
Servicing hardware INT=0x08
Servicing hardware INT=0x08
Servicing hardware INT=0x08
Servicing hardware INT=0x08
Servicing hardware INT=0x08
Servicing hardware INT=0x08
Servicing hardware INT=0x08
Servicing hardware INT=0x08
Servicing hardware INT=0x08
Servicing hardware INT=0x08
Servicing hardware INT=0x08
Servicing hardware INT=0x08
Servicing hardware INT=0x08
Servicing hardware INT=0x08
Servicing hardware INT=0x08
Servicing hardware INT=0x08
Servicing hardware INT=0x08
Servicing hardware INT=0x08
Servicing hardware INT=0x08
Servicing hardware INT=0x08
Servicing hardware INT=0x08
Servicing hardware INT=0x08
Servicing hardware INT=0x08
Servicing hardware INT=0x08
Servicing hardware INT=0x08
Servicing hardware INT=0x08
Servicing hardware INT=0x08
Servicing hardware INT=0x08
Servicing hardware INT=0x08
Servicing hardware INT=0x08
Servicing hardware INT=0x08
Servicing hardware INT=0x08
Servicing hardware INT=0x08
Servicing hardware INT=0x08
Servicing hardware INT=0x08
Servicing hardware INT=0x08
Servicing hardware INT=0x08
Servicing hardware INT=0x08
Servicing hardware INT=0x08
Servicing hardware INT=0x08
Servicing hardware INT=0x08
Servicing hardware INT=0x08
Servicing hardware INT=0x08
Servicing hardware INT=0x08
Servicing hardware INT=0x08
Servicing hardware INT=0x08
Servicing hardware INT=0x08
Servicing hardware INT=0x08
Servicing hardware INT=0x08
Servicing hardware INT=0x08
Servicing hardware INT=0x08
Servicing hardware INT=0x08
Servicing hardware INT=0x08
Servicing hardware INT=0x08
Servicing hardware INT=0x08
Servicing hardware INT=0x08
Servicing hardware INT=0x08
Servicing hardware INT=0x08
Servicing hardware INT=0x08
Servicing hardware INT=0x08
Servicing hardware INT=0x08
Servicing hardware INT=0x08
Servicing hardware INT=0x08
Servicing hardware INT=0x08
Servicing hardware INT=0x08
Servicing hardware INT=0x08
Servicing hardware INT=0x08
Servicing hardware INT=0x08
Servicing hardware INT=0x08
Servicing hardware INT=0x08
Servicing hardware INT=0x08
Servicing hardware INT=0x08
Servicing hardware INT=0x08
Servicing hardware INT=0x08
Servicing hardware INT=0x08
Servicing hardware INT=0x08
Servicing hardware INT=0x08
Servicing hardware INT=0x08
Servicing hardware INT=0x08
Servicing hardware INT=0x08
Servicing hardware INT=0x08
Servicing hardware INT=0x08
Servicing hardware INT=0x08
Servicing hardware INT=0x08
Servicing hardware INT=0x08
Servicing hardware INT=0x08
Servicing hardware INT=0x08
Servicing hardware INT=0x08
Servicing hardware INT=0x08
Servicing hardware INT=0x08
Servicing hardware INT=0x08
Servicing hardware INT=0x08
Servicing hardware INT=0x08
Servicing hardware INT=0x08
Servicing hardware INT=0x08
Servicing hardware INT=0x08
Servicing hardware INT=0x08
Servicing hardware INT=0x08
Servicing hardware INT=0x08
Servicing hardware INT=0x08
Servicing hardware INT=0x08
Servicing hardware INT=0x08
Servicing hardware INT=0x08
Servicing hardware INT=0x08
Servicing hardware INT=0x08
Servicing hardware INT=0x08
Servicing hardware INT=0x08
Servicing hardware INT=0x08
Servicing hardware INT=0x08
Servicing hardware INT=0x08
Servicing hardware INT=0x08
Servicing hardware INT=0x08
Servicing hardware INT=0x08
Servicing hardware INT=0x08
Servicing hardware INT=0x08
Servicing hardware INT=0x08
Servicing hardware INT=0x08
Servicing hardware INT=0x08
Servicing hardware INT=0x08
Servicing hardware INT=0x08
Servicing hardware INT=0x08
Servicing hardware INT=0x08
Servicing hardware INT=0x08
Servicing hardware INT=0x08
Servicing hardware INT=0x08
Servicing hardware INT=0x08
Servicing hardware INT=0x08
Servicing hardware INT=0x08
Servicing hardware INT=0x08
Servicing hardware INT=0x08
Servicing hardware INT=0x08
Servicing hardware INT=0x08
Servicing hardware INT=0x08
Servicing hardware INT=0x08
Servicing hardware INT=0x08
Servicing hardware INT=0x08
Servicing hardware INT=0x08
Servicing hardware INT=0x08
Servicing hardware INT=0x08
Servicing hardware INT=0x08
Servicing hardware INT=0x08
Servicing hardware INT=0x08
Servicing hardware INT=0x08
Servicing hardware INT=0x08
Servicing hardware INT=0x08
Servicing hardware INT=0x08
Servicing hardware INT=0x08
Servicing hardware INT=0x08
Servicing hardware INT=0x08
Servicing hardware INT=0x08
Servicing hardware INT=0x08
Servicing hardware INT=0x08
Servicing hardware INT=0x08
Servicing hardware INT=0x08
Servicing hardware INT=0x08
Servicing hardware INT=0x08
Servicing hardware INT=0x08
Servicing hardware INT=0x08
Servicing hardware INT=0x08
Servicing hardware INT=0x08
Servicing hardware INT=0x08
Servicing hardware INT=0x08
Servicing hardware INT=0x08
Servicing hardware INT=0x08
Servicing hardware INT=0x08
Servicing hardware INT=0x08
Servicing hardware INT=0x08
Servicing hardware INT=0x08
Servicing hardware INT=0x08
Servicing hardware INT=0x08
Servicing hardware INT=0x08
Servicing hardware INT=0x08
Servicing hardware INT=0x08
Servicing hardware INT=0x08
Servicing hardware INT=0x08
Servicing hardware INT=0x08
Servicing hardware INT=0x08
Servicing hardware INT=0x08
Servicing hardware INT=0x08
Servicing hardware INT=0x08
Servicing hardware INT=0x08
Servicing hardware INT=0x08
Servicing hardware INT=0x08
Servicing hardware INT=0x08
Servicing hardware INT=0x08
Servicing hardware INT=0x08
Servicing hardware INT=0x08
Servicing hardware INT=0x08
Servicing hardware INT=0x08
Servicing hardware INT=0x08
Servicing hardware INT=0x08
Servicing hardware INT=0x08
Servicing hardware INT=0x08
Servicing hardware INT=0x08
Servicing hardware INT=0x08
Servicing hardware INT=0x08
Servicing hardware INT=0x08
Servicing hardware INT=0x08
Servicing hardware INT=0x08
Servicing hardware INT=0x08
Servicing hardware INT=0x08
Servicing hardware INT=0x08
Servicing hardware INT=0x08
Servicing hardware INT=0x08
Servicing hardware INT=0x08
Servicing hardware INT=0x08
Servicing hardware INT=0x08
Servicing hardware INT=0x08
Servicing hardware INT=0x08
Servicing hardware INT=0x08
Servicing hardware INT=0x08
Servicing hardware INT=0x08
Servicing hardware INT=0x08
Servicing hardware INT=0x08
Servicing hardware INT=0x08
Servicing hardware INT=0x08
Servicing hardware INT=0x08
Servicing hardware INT=0x08
Servicing hardware INT=0x08
Servicing hardware INT=0x08
Servicing hardware INT=0x08
Servicing hardware INT=0x08
Servicing hardware INT=0x08
Servicing hardware INT=0x08
Servicing hardware INT=0x08
Servicing hardware INT=0x08
Servicing hardware INT=0x08
Servicing hardware INT=0x08
Servicing hardware INT=0x08
Servicing hardware INT=0x08
Servicing hardware INT=0x08
Servicing hardware INT=0x08
Servicing hardware INT=0x08
Servicing hardware INT=0x08
Servicing hardware INT=0x08
Servicing hardware INT=0x08
Servicing hardware INT=0x08
Servicing hardware INT=0x08
Servicing hardware INT=0x08
Servicing hardware INT=0x08
Servicing hardware INT=0x08
Servicing hardware INT=0x08
Servicing hardware INT=0x08
Servicing hardware INT=0x08
Servicing hardware INT=0x08
Servicing hardware INT=0x08
Servicing hardware INT=0x08
Servicing hardware INT=0x08
Servicing hardware INT=0x08
Servicing hardware INT=0x08
Servicing hardware INT=0x08
Servicing hardware INT=0x08
Servicing hardware INT=0x08
Servicing hardware INT=0x08
Servicing hardware INT=0x08
Servicing hardware INT=0x08
Servicing hardware INT=0x08
Servicing hardware INT=0x08
Servicing hardware INT=0x08
Servicing hardware INT=0x08
Servicing hardware INT=0x08
Servicing hardware INT=0x08
Servicing hardware INT=0x08
Servicing hardware INT=0x08
Servicing hardware INT=0x08
Servicing hardware INT=0x08
Servicing hardware INT=0x08
Servicing hardware INT=0x08
Servicing hardware INT=0x08
Servicing hardware INT=0x08
Servicing hardware INT=0x08
Servicing hardware INT=0x08
Servicing hardware INT=0x08
Servicing hardware INT=0x08
Servicing hardware INT=0x08
Servicing hardware INT=0x08
Servicing hardware INT=0x08
Servicing hardware INT=0x08
Servicing hardware INT=0x08
Servicing hardware INT=0x08
Servicing hardware INT=0x08
Servicing hardware INT=0x08
Servicing hardware INT=0x08
Servicing hardware INT=0x08
Servicing hardware INT=0x08
Servicing hardware INT=0x08
Servicing hardware INT=0x08
Servicing hardware INT=0x08
Servicing hardware INT=0x08
Servicing hardware INT=0x08
Servicing hardware INT=0x08
Servicing hardware INT=0x08
Servicing hardware INT=0x08
Servicing hardware INT=0x08
Servicing hardware INT=0x08
Servicing hardware INT=0x08
Servicing hardware INT=0x08
Servicing hardware INT=0x08
Servicing hardware INT=0x08
Servicing hardware INT=0x08
Servicing hardware INT=0x08
Servicing hardware INT=0x08
Servicing hardware INT=0x08
Servicing hardware INT=0x08
Servicing hardware INT=0x08
Servicing hardware INT=0x08
Servicing hardware INT=0x08
Servicing hardware INT=0x08
Servicing hardware INT=0x08
Servicing hardware INT=0x08
Servicing hardware INT=0x08
Servicing hardware INT=0x08
Servicing hardware INT=0x08
Servicing hardware INT=0x08
Servicing hardware INT=0x08
Servicing hardware INT=0x08
Servicing hardware INT=0x08
Servicing hardware INT=0x08
Servicing hardware INT=0x08
Servicing hardware INT=0x08
Servicing hardware INT=0x08
Servicing hardware INT=0x08
Servicing hardware INT=0x08
Servicing hardware INT=0x08
Servicing hardware INT=0x08
Servicing hardware INT=0x08
Servicing hardware INT=0x08
Servicing hardware INT=0x08
Servicing hardware INT=0x08
Servicing hardware INT=0x08
Servicing hardware INT=0x08
Servicing hardware INT=0x08
Servicing hardware INT=0x08
Servicing hardware INT=0x08
Servicing hardware INT=0x08
Servicing hardware INT=0x08
Servicing hardware INT=0x08
Servicing hardware INT=0x08
Servicing hardware INT=0x08
Servicing hardware INT=0x08
Servicing hardware INT=0x08
Servicing hardware INT=0x08
Servicing hardware INT=0x08
Servicing hardware INT=0x08
Servicing hardware INT=0x08
Servicing hardware INT=0x08
Servicing hardware INT=0x08
Servicing hardware INT=0x08
Servicing hardware INT=0x08
Servicing hardware INT=0x08
Servicing hardware INT=0x08
Servicing hardware INT=0x08
Servicing hardware INT=0x08
Servicing hardware INT=0x08
Servicing hardware INT=0x08
Servicing hardware INT=0x08
Servicing hardware INT=0x08
Servicing hardware INT=0x08
Servicing hardware INT=0x08
Servicing hardware INT=0x08
Servicing hardware INT=0x08
Servicing hardware INT=0x08
Servicing hardware INT=0x08
Servicing hardware INT=0x08
Servicing hardware INT=0x08
Servicing hardware INT=0x08
Servicing hardware INT=0x08
Servicing hardware INT=0x08
Servicing hardware INT=0x08
Servicing hardware INT=0x08
Servicing hardware INT=0x08
Servicing hardware INT=0x08
Servicing hardware INT=0x08
Servicing hardware INT=0x08
Servicing hardware INT=0x08
Servicing hardware INT=0x08
Servicing hardware INT=0x08
Servicing hardware INT=0x08
Servicing hardware INT=0x08
Servicing hardware INT=0x08
Servicing hardware INT=0x08
Servicing hardware INT=0x08
Servicing hardware INT=0x08
Servicing hardware INT=0x08
Servicing hardware INT=0x08
Servicing hardware INT=0x08
Servicing hardware INT=0x08
Servicing hardware INT=0x08
Servicing hardware INT=0x08
Servicing hardware INT=0x08
Servicing hardware INT=0x08
Servicing hardware INT=0x08
Servicing hardware INT=0x08
Servicing hardware INT=0x08
Servicing hardware INT=0x08
Servicing hardware INT=0x08
Servicing hardware INT=0x08
Servicing hardware INT=0x08
Servicing hardware INT=0x08
Servicing hardware INT=0x08
Servicing hardware INT=0x08
Servicing hardware INT=0x08
Servicing hardware INT=0x08
Servicing hardware INT=0x08
Servicing hardware INT=0x08
Servicing hardware INT=0x08
Servicing hardware INT=0x08
Servicing hardware INT=0x08
Servicing hardware INT=0x08
Servicing hardware INT=0x08
Servicing hardware INT=0x08
Servicing hardware INT=0x08
Servicing hardware INT=0x08
Servicing hardware INT=0x08
Servicing hardware INT=0x08
Servicing hardware INT=0x08
Servicing hardware INT=0x08
Servicing hardware INT=0x08
Servicing hardware INT=0x08
Servicing hardware INT=0x08
Servicing hardware INT=0x08
Servicing hardware INT=0x08
Servicing hardware INT=0x08
Servicing hardware INT=0x08
Servicing hardware INT=0x08
Servicing hardware INT=0x08
Servicing hardware INT=0x08
Servicing hardware INT=0x08
Servicing hardware INT=0x08
Servicing hardware INT=0x08
Servicing hardware INT=0x08
Servicing hardware INT=0x08
Servicing hardware INT=0x08
Servicing hardware INT=0x08
Servicing hardware INT=0x08
Servicing hardware INT=0x08
Servicing hardware INT=0x08
Servicing hardware INT=0x08
Servicing hardware INT=0x08
Servicing hardware INT=0x08
Servicing hardware INT=0x08
Servicing hardware INT=0x08
Servicing hardware INT=0x08
Servicing hardware INT=0x08
Servicing hardware INT=0x08
Servicing hardware INT=0x08
Servicing hardware INT=0x08
Servicing hardware INT=0x08
Servicing hardware INT=0x08
Servicing hardware INT=0x08
Servicing hardware INT=0x08
Servicing hardware INT=0x08
Servicing hardware INT=0x08
Servicing hardware INT=0x08
Servicing hardware INT=0x08
Servicing hardware INT=0x08
Servicing hardware INT=0x08
Servicing hardware INT=0x08
Servicing hardware INT=0x08
Servicing hardware INT=0x08
Servicing hardware INT=0x08
Servicing hardware INT=0x08
Servicing hardware INT=0x08
Servicing hardware INT=0x08
Servicing hardware INT=0x08
Servicing hardware INT=0x08
Servicing hardware INT=0x08
Servicing hardware INT=0x08
Servicing hardware INT=0x08
Servicing hardware INT=0x08
Servicing hardware INT=0x08
Servicing hardware INT=0x08
Servicing hardware INT=0x08
Servicing hardware INT=0x08
Servicing hardware INT=0x08
Servicing hardware INT=0x08
Servicing hardware INT=0x08
Servicing hardware INT=0x08
Servicing hardware INT=0x08
Servicing hardware INT=0x08
Servicing hardware INT=0x08
Servicing hardware INT=0x08
Servicing hardware INT=0x08
Servicing hardware INT=0x08
Servicing hardware INT=0x08
Servicing hardware INT=0x08
Servicing hardware INT=0x08
Servicing hardware INT=0x08
Servicing hardware INT=0x08
Servicing hardware INT=0x08
Servicing hardware INT=0x08
Servicing hardware INT=0x08
Servicing hardware INT=0x08
Servicing hardware INT=0x08
Servicing hardware INT=0x08
Servicing hardware INT=0x08
Servicing hardware INT=0x08
Servicing hardware INT=0x08
Servicing hardware INT=0x08
Servicing hardware INT=0x08
Servicing hardware INT=0x08
Servicing hardware INT=0x08
Servicing hardware INT=0x08
Servicing hardware INT=0x08
Servicing hardware INT=0x08
Servicing hardware INT=0x08
Servicing hardware INT=0x08
Servicing hardware INT=0x08
Servicing hardware INT=0x08
Servicing hardware INT=0x08
Servicing hardware INT=0x08
Servicing hardware INT=0x08
Servicing hardware INT=0x08
Servicing hardware INT=0x08
Servicing hardware INT=0x08
Servicing hardware INT=0x08
Servicing hardware INT=0x08
Servicing hardware INT=0x08
Servicing hardware INT=0x08
Servicing hardware INT=0x08
Servicing hardware INT=0x08
Servicing hardware INT=0x08
Servicing hardware INT=0x08
Servicing hardware INT=0x08
Servicing hardware INT=0x08
Servicing hardware INT=0x08
Servicing hardware INT=0x08
Servicing hardware INT=0x08
Servicing hardware INT=0x08
Servicing hardware INT=0x08
Servicing hardware INT=0x08
Servicing hardware INT=0x08
Servicing hardware INT=0x08
Servicing hardware INT=0x08
Servicing hardware INT=0x08
Servicing hardware INT=0x08
Servicing hardware INT=0x08
Servicing hardware INT=0x08
Servicing hardware INT=0x08
Servicing hardware INT=0x08
Servicing hardware INT=0x08
Servicing hardware INT=0x08
Servicing hardware INT=0x08
Servicing hardware INT=0x08
Servicing hardware INT=0x08
Servicing hardware INT=0x08
Servicing hardware INT=0x08
Servicing hardware INT=0x08
Servicing hardware INT=0x08
Servicing hardware INT=0x08
Servicing hardware INT=0x08
Servicing hardware INT=0x08
Servicing hardware INT=0x08
Servicing hardware INT=0x08
Servicing hardware INT=0x08
Servicing hardware INT=0x08
Servicing hardware INT=0x08
Servicing hardware INT=0x08
Servicing hardware INT=0x08
Servicing hardware INT=0x08
Servicing hardware INT=0x08
Servicing hardware INT=0x08
Servicing hardware INT=0x08
Servicing hardware INT=0x08
Servicing hardware INT=0x08
Servicing hardware INT=0x08
Servicing hardware INT=0x08
Servicing hardware INT=0x08
Servicing hardware INT=0x08
Servicing hardware INT=0x08
Servicing hardware INT=0x08
Servicing hardware INT=0x08
Servicing hardware INT=0x08
Servicing hardware INT=0x08
Servicing hardware INT=0x08
Servicing hardware INT=0x08
Servicing hardware INT=0x08
Servicing hardware INT=0x08
Servicing hardware INT=0x08
Servicing hardware INT=0x08
Servicing hardware INT=0x08
Servicing hardware INT=0x08
Servicing hardware INT=0x08
Servicing hardware INT=0x08
Servicing hardware INT=0x08
Servicing hardware INT=0x08
Servicing hardware INT=0x08
Servicing hardware INT=0x08
Servicing hardware INT=0x08
Servicing hardware INT=0x08
Servicing hardware INT=0x08
Servicing hardware INT=0x08
Servicing hardware INT=0x08
Servicing hardware INT=0x08
Servicing hardware INT=0x08
Servicing hardware INT=0x08
Servicing hardware INT=0x08
Servicing hardware INT=0x08
Servicing hardware INT=0x08
Servicing hardware INT=0x08
Servicing hardware INT=0x08
Servicing hardware INT=0x08
Servicing hardware INT=0x08
Servicing hardware INT=0x08
Servicing hardware INT=0x08
Servicing hardware INT=0x08
Servicing hardware INT=0x08
Servicing hardware INT=0x08
Servicing hardware INT=0x08
Servicing hardware INT=0x08
Servicing hardware INT=0x08
Servicing hardware INT=0x08
Servicing hardware INT=0x08
Servicing hardware INT=0x08
Servicing hardware INT=0x08
Servicing hardware INT=0x08
Servicing hardware INT=0x08
Servicing hardware INT=0x08
Servicing hardware INT=0x08
Servicing hardware INT=0x08
Servicing hardware INT=0x08
Servicing hardware INT=0x08
Servicing hardware INT=0x08
Servicing hardware INT=0x08
Servicing hardware INT=0x08
Servicing hardware INT=0x08
Servicing hardware INT=0x08
Servicing hardware INT=0x08
Servicing hardware INT=0x08
Servicing hardware INT=0x08
Servicing hardware INT=0x08
Servicing hardware INT=0x08
Servicing hardware INT=0x08
Servicing hardware INT=0x08
Servicing hardware INT=0x08
Servicing hardware INT=0x08
Servicing hardware INT=0x08
Servicing hardware INT=0x08
Servicing hardware INT=0x08
Servicing hardware INT=0x08
Servicing hardware INT=0x08
Servicing hardware INT=0x08
Servicing hardware INT=0x08
Servicing hardware INT=0x08
Servicing hardware INT=0x08
Servicing hardware INT=0x08
Servicing hardware INT=0x08
Servicing hardware INT=0x08
Servicing hardware INT=0x08
Servicing hardware INT=0x08
Servicing hardware INT=0x08
Servicing hardware INT=0x08
Servicing hardware INT=0x08
Servicing hardware INT=0x08
Servicing hardware INT=0x08
Servicing hardware INT=0x08
Servicing hardware INT=0x08
Servicing hardware INT=0x08
Servicing hardware INT=0x08
Servicing hardware INT=0x08
Servicing hardware INT=0x08
Servicing hardware INT=0x08
Servicing hardware INT=0x08
Servicing hardware INT=0x08
Servicing hardware INT=0x08
Servicing hardware INT=0x08
Servicing hardware INT=0x08
Servicing hardware INT=0x08
Servicing hardware INT=0x08
Servicing hardware INT=0x08
Servicing hardware INT=0x08
Servicing hardware INT=0x08
Servicing hardware INT=0x08
Servicing hardware INT=0x08
Servicing hardware INT=0x08
Servicing hardware INT=0x08
Servicing hardware INT=0x08
Servicing hardware INT=0x08
Servicing hardware INT=0x08
Servicing hardware INT=0x08
Servicing hardware INT=0x08
Servicing hardware INT=0x08
Servicing hardware INT=0x08
Servicing hardware INT=0x08
Servicing hardware INT=0x08
Servicing hardware INT=0x08
Servicing hardware INT=0x08
Servicing hardware INT=0x08
Servicing hardware INT=0x08
Servicing hardware INT=0x08
Servicing hardware INT=0x08
Servicing hardware INT=0x08
Servicing hardware INT=0x08
Servicing hardware INT=0x08
Servicing hardware INT=0x08
Servicing hardware INT=0x08
Servicing hardware INT=0x08
Servicing hardware INT=0x08
Servicing hardware INT=0x08
Servicing hardware INT=0x08
Servicing hardware INT=0x08
Servicing hardware INT=0x08
Servicing hardware INT=0x08
Servicing hardware INT=0x08
Servicing hardware INT=0x08
Servicing hardware INT=0x08
Servicing hardware INT=0x08
Servicing hardware INT=0x08
Servicing hardware INT=0x08
Servicing hardware INT=0x08
Servicing hardware INT=0x08
Servicing hardware INT=0x08
Servicing hardware INT=0x08
Servicing hardware INT=0x08
Servicing hardware INT=0x08
Servicing hardware INT=0x08
Servicing hardware INT=0x08
Servicing hardware INT=0x08
Servicing hardware INT=0x08
Servicing hardware INT=0x08
Servicing hardware INT=0x08
Servicing hardware INT=0x08
Servicing hardware INT=0x08
Servicing hardware INT=0x08
Servicing hardware INT=0x08
Servicing hardware INT=0x08
Servicing hardware INT=0x08
Servicing hardware INT=0x08
Servicing hardware INT=0x08
Servicing hardware INT=0x08
Servicing hardware INT=0x08
Servicing hardware INT=0x08
Servicing hardware INT=0x08
Servicing hardware INT=0x08
Servicing hardware INT=0x08
Servicing hardware INT=0x08
Servicing hardware INT=0x08
Servicing hardware INT=0x08
Servicing hardware INT=0x08
Servicing hardware INT=0x08
Servicing hardware INT=0x08
Servicing hardware INT=0x08
Servicing hardware INT=0x08
Servicing hardware INT=0x08
Servicing hardware INT=0x08
Servicing hardware INT=0x08
Servicing hardware INT=0x08
Servicing hardware INT=0x08
Servicing hardware INT=0x08
Servicing hardware INT=0x08
Servicing hardware INT=0x08
Servicing hardware INT=0x08
Servicing hardware INT=0x08
Servicing hardware INT=0x08
Servicing hardware INT=0x08
Servicing hardware INT=0x08
Servicing hardware INT=0x08
Servicing hardware INT=0x08
Servicing hardware INT=0x08
Servicing hardware INT=0x08
Servicing hardware INT=0x08
Servicing hardware INT=0x08
Servicing hardware INT=0x08
Servicing hardware INT=0x08
Servicing hardware INT=0x08
Servicing hardware INT=0x08
Servicing hardware INT=0x08
Servicing hardware INT=0x08
Servicing hardware INT=0x08
Servicing hardware INT=0x08
Servicing hardware INT=0x08
Servicing hardware INT=0x08
Servicing hardware INT=0x08
Servicing hardware INT=0x08
Servicing hardware INT=0x08
Servicing hardware INT=0x08
Servicing hardware INT=0x08
Servicing hardware INT=0x08
Servicing hardware INT=0x08
Servicing hardware INT=0x08
Servicing hardware INT=0x08
Servicing hardware INT=0x08
Servicing hardware INT=0x08
Servicing hardware INT=0x08
Servicing hardware INT=0x08
Servicing hardware INT=0x08
Servicing hardware INT=0x08
Servicing hardware INT=0x08
Servicing hardware INT=0x08
Servicing hardware INT=0x08
Servicing hardware INT=0x08
Servicing hardware INT=0x08
Servicing hardware INT=0x08
Servicing hardware INT=0x08
Servicing hardware INT=0x08
Servicing hardware INT=0x08
Servicing hardware INT=0x08
Servicing hardware INT=0x08
Servicing hardware INT=0x08
Servicing hardware INT=0x08
Servicing hardware INT=0x08
Servicing hardware INT=0x08
Servicing hardware INT=0x08
Servicing hardware INT=0x08
Servicing hardware INT=0x08
Servicing hardware INT=0x08
Servicing hardware INT=0x08
Servicing hardware INT=0x08
Servicing hardware INT=0x08
Servicing hardware INT=0x08
Servicing hardware INT=0x08
Servicing hardware INT=0x08
Servicing hardware INT=0x08
Servicing hardware INT=0x08
Servicing hardware INT=0x08
Servicing hardware INT=0x08
Servicing hardware INT=0x08
Servicing hardware INT=0x08
Servicing hardware INT=0x08
Servicing hardware INT=0x08
Servicing hardware INT=0x08
Servicing hardware INT=0x08
Servicing hardware INT=0x08
Servicing hardware INT=0x08
Servicing hardware INT=0x08
Servicing hardware INT=0x08
Servicing hardware INT=0x08
Servicing hardware INT=0x08
Servicing hardware INT=0x08
Servicing hardware INT=0x08
Servicing hardware INT=0x08
Servicing hardware INT=0x08
Servicing hardware INT=0x08
Servicing hardware INT=0x08
Servicing hardware INT=0x08
Servicing hardware INT=0x08
Servicing hardware INT=0x08
Servicing hardware INT=0x08
Servicing hardware INT=0x08
Servicing hardware INT=0x08
Servicing hardware INT=0x08
Servicing hardware INT=0x08
Servicing hardware INT=0x08
Servicing hardware INT=0x08
Servicing hardware INT=0x08
Servicing hardware INT=0x08
Servicing hardware INT=0x08
Servicing hardware INT=0x08
Servicing hardware INT=0x08
Servicing hardware INT=0x08
Servicing hardware INT=0x08
Servicing hardware INT=0x08
Servicing hardware INT=0x08
Servicing hardware INT=0x08
Servicing hardware INT=0x08
Servicing hardware INT=0x08
Servicing hardware INT=0x08
Servicing hardware INT=0x08
Servicing hardware INT=0x08
Servicing hardware INT=0x08
Servicing hardware INT=0x08
Servicing hardware INT=0x08
Servicing hardware INT=0x08
Servicing hardware INT=0x08
Servicing hardware INT=0x08
Servicing hardware INT=0x08
Servicing hardware INT=0x08
Servicing hardware INT=0x08
Servicing hardware INT=0x08
Servicing hardware INT=0x08
Servicing hardware INT=0x08
Servicing hardware INT=0x08
Servicing hardware INT=0x08
Servicing hardware INT=0x08
Servicing hardware INT=0x08
Servicing hardware INT=0x08
Servicing hardware INT=0x08
Servicing hardware INT=0x08
Servicing hardware INT=0x08
Servicing hardware INT=0x08
Servicing hardware INT=0x08
Servicing hardware INT=0x08
Servicing hardware INT=0x08
Servicing hardware INT=0x08
Servicing hardware INT=0x08
Servicing hardware INT=0x08
Servicing hardware INT=0x08
Servicing hardware INT=0x08
Servicing hardware INT=0x08
Servicing hardware INT=0x08
Servicing hardware INT=0x08
Servicing hardware INT=0x08
Servicing hardware INT=0x08
Servicing hardware INT=0x08
Servicing hardware INT=0x08
Servicing hardware INT=0x08
Servicing hardware INT=0x08
Servicing hardware INT=0x08
Servicing hardware INT=0x08
Servicing hardware INT=0x08
Servicing hardware INT=0x08
Servicing hardware INT=0x08
Servicing hardware INT=0x08
Servicing hardware INT=0x08
Servicing hardware INT=0x08
Servicing hardware INT=0x08
Servicing hardware INT=0x08
Servicing hardware INT=0x08
Servicing hardware INT=0x08
Servicing hardware INT=0x08
Servicing hardware INT=0x08
Servicing hardware INT=0x08
Servicing hardware INT=0x08
Servicing hardware INT=0x08
Servicing hardware INT=0x08
Servicing hardware INT=0x08
Servicing hardware INT=0x08
Servicing hardware INT=0x08
Servicing hardware INT=0x08
Servicing hardware INT=0x08
Servicing hardware INT=0x08
Servicing hardware INT=0x08
Servicing hardware INT=0x08
Servicing hardware INT=0x08
Servicing hardware INT=0x08
Servicing hardware INT=0x08
Servicing hardware INT=0x08
Servicing hardware INT=0x08
Servicing hardware INT=0x08
Servicing hardware INT=0x08
Servicing hardware INT=0x08
Servicing hardware INT=0x08
Servicing hardware INT=0x08
Servicing hardware INT=0x08
Servicing hardware INT=0x08
Servicing hardware INT=0x08
Servicing hardware INT=0x08
Servicing hardware INT=0x08
Servicing hardware INT=0x08
Servicing hardware INT=0x08
Servicing hardware INT=0x08
Servicing hardware INT=0x08
Servicing hardware INT=0x08
Servicing hardware INT=0x08
Servicing hardware INT=0x08
Servicing hardware INT=0x08
Servicing hardware INT=0x08
Servicing hardware INT=0x08
Servicing hardware INT=0x08
Servicing hardware INT=0x08
Servicing hardware INT=0x08
Servicing hardware INT=0x08
Servicing hardware INT=0x08
Servicing hardware INT=0x08
Servicing hardware INT=0x08
Servicing hardware INT=0x08
Servicing hardware INT=0x08
Servicing hardware INT=0x08
Servicing hardware INT=0x08
Servicing hardware INT=0x08
Servicing hardware INT=0x08
Servicing hardware INT=0x08
Servicing hardware INT=0x08
Servicing hardware INT=0x08
Servicing hardware INT=0x08
Servicing hardware INT=0x08
Servicing hardware INT=0x08
Servicing hardware INT=0x08
Servicing hardware INT=0x08
Servicing hardware INT=0x08
Servicing hardware INT=0x08
Servicing hardware INT=0x08
Servicing hardware INT=0x08
Servicing hardware INT=0x08
Servicing hardware INT=0x08
Servicing hardware INT=0x08
Servicing hardware INT=0x08
Servicing hardware INT=0x08
Servicing hardware INT=0x08
Servicing hardware INT=0x08
Servicing hardware INT=0x08
Servicing hardware INT=0x08
Servicing hardware INT=0x08
Servicing hardware INT=0x08
Servicing hardware INT=0x08
Servicing hardware INT=0x08
Servicing hardware INT=0x08
Servicing hardware INT=0x08
Servicing hardware INT=0x08
Servicing hardware INT=0x08
Servicing hardware INT=0x08
Servicing hardware INT=0x08
Servicing hardware INT=0x08
Servicing hardware INT=0x08
Servicing hardware INT=0x08
Servicing hardware INT=0x08
Servicing hardware INT=0x08
Servicing hardware INT=0x08
Servicing hardware INT=0x08
Servicing hardware INT=0x08
Servicing hardware INT=0x08
Servicing hardware INT=0x08
Servicing hardware INT=0x08
Servicing hardware INT=0x08
Servicing hardware INT=0x08
Servicing hardware INT=0x08
Servicing hardware INT=0x08
Servicing hardware INT=0x08
Servicing hardware INT=0x08
Servicing hardware INT=0x08
Servicing hardware INT=0x08
Servicing hardware INT=0x08
Servicing hardware INT=0x08
Servicing hardware INT=0x08
Servicing hardware INT=0x08
Servicing hardware INT=0x08
Servicing hardware INT=0x08
Servicing hardware INT=0x08
Servicing hardware INT=0x08
Servicing hardware INT=0x08
Servicing hardware INT=0x08
Servicing hardware INT=0x08
Servicing hardware INT=0x08
Servicing hardware INT=0x08
Servicing hardware INT=0x08
Servicing hardware INT=0x08
Servicing hardware INT=0x08
Servicing hardware INT=0x08
Servicing hardware INT=0x08
Servicing hardware INT=0x08
Servicing hardware INT=0x08
Servicing hardware INT=0x08
Servicing hardware INT=0x08
Servicing hardware INT=0x08
Servicing hardware INT=0x08
Servicing hardware INT=0x08
Servicing hardware INT=0x08
Servicing hardware INT=0x08
Servicing hardware INT=0x08
Servicing hardware INT=0x08
Servicing hardware INT=0x08
Servicing hardware INT=0x08
Servicing hardware INT=0x08
Servicing hardware INT=0x08
Servicing hardware INT=0x08
Servicing hardware INT=0x08
Servicing hardware INT=0x08
Servicing hardware INT=0x08
Servicing hardware INT=0x08
Servicing hardware INT=0x08
Servicing hardware INT=0x08
Servicing hardware INT=0x08
Servicing hardware INT=0x08
Servicing hardware INT=0x08
Servicing hardware INT=0x08
Servicing hardware INT=0x08
Servicing hardware INT=0x08
Servicing hardware INT=0x08
Servicing hardware INT=0x08
Servicing hardware INT=0x08
Servicing hardware INT=0x08
Servicing hardware INT=0x08
Servicing hardware INT=0x08
Servicing hardware INT=0x08
Servicing hardware INT=0x08
Servicing hardware INT=0x08
Servicing hardware INT=0x08
Servicing hardware INT=0x08
Servicing hardware INT=0x08
Servicing hardware INT=0x08
Servicing hardware INT=0x08
Servicing hardware INT=0x08
Servicing hardware INT=0x08
Servicing hardware INT=0x08
Servicing hardware INT=0x08
Servicing hardware INT=0x08
Servicing hardware INT=0x08
Servicing hardware INT=0x08
Servicing hardware INT=0x08
Servicing hardware INT=0x08
Servicing hardware INT=0x08
Servicing hardware INT=0x08
Servicing hardware INT=0x08
Servicing hardware INT=0x08
Servicing hardware INT=0x08
Servicing hardware INT=0x08
Servicing hardware INT=0x08
Servicing hardware INT=0x08
Servicing hardware INT=0x08
Servicing hardware INT=0x08
Servicing hardware INT=0x08
Servicing hardware INT=0x08
Servicing hardware INT=0x08
Servicing hardware INT=0x08
Servicing hardware INT=0x08
Servicing hardware INT=0x08
Servicing hardware INT=0x08
Servicing hardware INT=0x08
Servicing hardware INT=0x08
Servicing hardware INT=0x08
Servicing hardware INT=0x08
Servicing hardware INT=0x08
Servicing hardware INT=0x08
Servicing hardware INT=0x08
Servicing hardware INT=0x08
Servicing hardware INT=0x08
Servicing hardware INT=0x08
Servicing hardware INT=0x08
Servicing hardware INT=0x08
Servicing hardware INT=0x08
Servicing hardware INT=0x08
Servicing hardware INT=0x08
Servicing hardware INT=0x08
Servicing hardware INT=0x08
Servicing hardware INT=0x08
Servicing hardware INT=0x08
Servicing hardware INT=0x08
Servicing hardware INT=0x08
Servicing hardware INT=0x08
Servicing hardware INT=0x08
Servicing hardware INT=0x08
Servicing hardware INT=0x08
Servicing hardware INT=0x08
Servicing hardware INT=0x08
Servicing hardware INT=0x08
Servicing hardware INT=0x08
Servicing hardware INT=0x08
Servicing hardware INT=0x08
Servicing hardware INT=0x08
Servicing hardware INT=0x08
Servicing hardware INT=0x08
Servicing hardware INT=0x08
Servicing hardware INT=0x08
Servicing hardware INT=0x08
Servicing hardware INT=0x08
Servicing hardware INT=0x08
Servicing hardware INT=0x08
Servicing hardware INT=0x08
Servicing hardware INT=0x08
Servicing hardware INT=0x08
Servicing hardware INT=0x08
Servicing hardware INT=0x08
Servicing hardware INT=0x08
Servicing hardware INT=0x08
Servicing hardware INT=0x08
Servicing hardware INT=0x08
Servicing hardware INT=0x08
Servicing hardware INT=0x08
Servicing hardware INT=0x08
Servicing hardware INT=0x08
Servicing hardware INT=0x08
Servicing hardware INT=0x08
Servicing hardware INT=0x08
Servicing hardware INT=0x08
Servicing hardware INT=0x08
Servicing hardware INT=0x08
Servicing hardware INT=0x08
Servicing hardware INT=0x08
Servicing hardware INT=0x08
Servicing hardware INT=0x08
Servicing hardware INT=0x08
Servicing hardware INT=0x08
Servicing hardware INT=0x08
Servicing hardware INT=0x08
Servicing hardware INT=0x08
Servicing hardware INT=0x08
Servicing hardware INT=0x08
Servicing hardware INT=0x08
Servicing hardware INT=0x08
Servicing hardware INT=0x08
Servicing hardware INT=0x08
Servicing hardware INT=0x08
Servicing hardware INT=0x08
Servicing hardware INT=0x08
Servicing hardware INT=0x08
Servicing hardware INT=0x08
Servicing hardware INT=0x08
Servicing hardware INT=0x08
Servicing hardware INT=0x08
Servicing hardware INT=0x08
Servicing hardware INT=0x08
Servicing hardware INT=0x08
Servicing hardware INT=0x08
Servicing hardware INT=0x08
Servicing hardware INT=0x08
Servicing hardware INT=0x08
Servicing hardware INT=0x08
Servicing hardware INT=0x08
Servicing hardware INT=0x08
Servicing hardware INT=0x08
Servicing hardware INT=0x08
Servicing hardware INT=0x08
Servicing hardware INT=0x08
Servicing hardware INT=0x08
Servicing hardware INT=0x08
Servicing hardware INT=0x08
Servicing hardware INT=0x08
Servicing hardware INT=0x08
Servicing hardware INT=0x08
Servicing hardware INT=0x08
Servicing hardware INT=0x08
Servicing hardware INT=0x08
Servicing hardware INT=0x08
Servicing hardware INT=0x08
Servicing hardware INT=0x08
Servicing hardware INT=0x08
Servicing hardware INT=0x08
Servicing hardware INT=0x08
Servicing hardware INT=0x08
Servicing hardware INT=0x08
Servicing hardware INT=0x08
Servicing hardware INT=0x08
Servicing hardware INT=0x08
Servicing hardware INT=0x08
Servicing hardware INT=0x08
Servicing hardware INT=0x08
Servicing hardware INT=0x08
Servicing hardware INT=0x08
Servicing hardware INT=0x08
Servicing hardware INT=0x08
Servicing hardware INT=0x08
Servicing hardware INT=0x08
Servicing hardware INT=0x08
Servicing hardware INT=0x08
Servicing hardware INT=0x08
Servicing hardware INT=0x08
Servicing hardware INT=0x08
Servicing hardware INT=0x08
Servicing hardware INT=0x08
Servicing hardware INT=0x08
Servicing hardware INT=0x08
Servicing hardware INT=0x08
Servicing hardware INT=0x08
Servicing hardware INT=0x08
Servicing hardware INT=0x08
Servicing hardware INT=0x08
Servicing hardware INT=0x08
Servicing hardware INT=0x08
Servicing hardware INT=0x08
Servicing hardware INT=0x08
Servicing hardware INT=0x08
Servicing hardware INT=0x08
Servicing hardware INT=0x08
Servicing hardware INT=0x08
Servicing hardware INT=0x08
Servicing hardware INT=0x08
Servicing hardware INT=0x08
Servicing hardware INT=0x08
Servicing hardware INT=0x08
Servicing hardware INT=0x08
Servicing hardware INT=0x08
Servicing hardware INT=0x08
Servicing hardware INT=0x08
Servicing hardware INT=0x08
Servicing hardware INT=0x08
Servicing hardware INT=0x08
Servicing hardware INT=0x08
Servicing hardware INT=0x08
Servicing hardware INT=0x08
Servicing hardware INT=0x08
Servicing hardware INT=0x08
Servicing hardware INT=0x08
Servicing hardware INT=0x08
Servicing hardware INT=0x08
Servicing hardware INT=0x08
Servicing hardware INT=0x08
Servicing hardware INT=0x08
Servicing hardware INT=0x08
Servicing hardware INT=0x08
Servicing hardware INT=0x08
Servicing hardware INT=0x08
Servicing hardware INT=0x08
Servicing hardware INT=0x08
Servicing hardware INT=0x08
Servicing hardware INT=0x08
Servicing hardware INT=0x08
Servicing hardware INT=0x08
Servicing hardware INT=0x08
Servicing hardware INT=0x08
Servicing hardware INT=0x08
Servicing hardware INT=0x08
Servicing hardware INT=0x08
Servicing hardware INT=0x08
Servicing hardware INT=0x08
Servicing hardware INT=0x08
Servicing hardware INT=0x08
Servicing hardware INT=0x08
Servicing hardware INT=0x08
Servicing hardware INT=0x08
Servicing hardware INT=0x08
Servicing hardware INT=0x08
Servicing hardware INT=0x08
Servicing hardware INT=0x08
Servicing hardware INT=0x08
Servicing hardware INT=0x08
Servicing hardware INT=0x08
Servicing hardware INT=0x08
Servicing hardware INT=0x08
Servicing hardware INT=0x08
Servicing hardware INT=0x08
Servicing hardware INT=0x08
Servicing hardware INT=0x08
Servicing hardware INT=0x08
Servicing hardware INT=0x08
Servicing hardware INT=0x08
Servicing hardware INT=0x08
Servicing hardware INT=0x08
Servicing hardware INT=0x08
Servicing hardware INT=0x08
Servicing hardware INT=0x08
Servicing hardware INT=0x08
Servicing hardware INT=0x08
Servicing hardware INT=0x08
Servicing hardware INT=0x08
Servicing hardware INT=0x08
Servicing hardware INT=0x08
Servicing hardware INT=0x08
Servicing hardware INT=0x08
Servicing hardware INT=0x08
Servicing hardware INT=0x08
Servicing hardware INT=0x08
Servicing hardware INT=0x08
Servicing hardware INT=0x08
Servicing hardware INT=0x08
Servicing hardware INT=0x08
Servicing hardware INT=0x08
Servicing hardware INT=0x08
Servicing hardware INT=0x08
Servicing hardware INT=0x08
Servicing hardware INT=0x08
Servicing hardware INT=0x08
Servicing hardware INT=0x08
Servicing hardware INT=0x08
Servicing hardware INT=0x08
Servicing hardware INT=0x08
Servicing hardware INT=0x08
Servicing hardware INT=0x08
Servicing hardware INT=0x08
Servicing hardware INT=0x08
Servicing hardware INT=0x08
Servicing hardware INT=0x08
Servicing hardware INT=0x08
Servicing hardware INT=0x08
Servicing hardware INT=0x08
Servicing hardware INT=0x08
Servicing hardware INT=0x08
Servicing hardware INT=0x08
Servicing hardware INT=0x08
Servicing hardware INT=0x08
Servicing hardware INT=0x08
Servicing hardware INT=0x08
Servicing hardware INT=0x08
Servicing hardware INT=0x08
Servicing hardware INT=0x08
Servicing hardware INT=0x08
Servicing hardware INT=0x08
Servicing hardware INT=0x08
Servicing hardware INT=0x08
Servicing hardware INT=0x08
Servicing hardware INT=0x08
Servicing hardware INT=0x08
Servicing hardware INT=0x08
Servicing hardware INT=0x08
Servicing hardware INT=0x08
Servicing hardware INT=0x08
Servicing hardware INT=0x08
Servicing hardware INT=0x08
Servicing hardware INT=0x08
Servicing hardware INT=0x08
Servicing hardware INT=0x08
Servicing hardware INT=0x08
Servicing hardware INT=0x08
Servicing hardware INT=0x08
Servicing hardware INT=0x08
Servicing hardware INT=0x08
Servicing hardware INT=0x08
Servicing hardware INT=0x08
Servicing hardware INT=0x08
Servicing hardware INT=0x08
Servicing hardware INT=0x08
Servicing hardware INT=0x08
Servicing hardware INT=0x08
Servicing hardware INT=0x08
Servicing hardware INT=0x08
Servicing hardware INT=0x08
Servicing hardware INT=0x08
Servicing hardware INT=0x08
Servicing hardware INT=0x08
Servicing hardware INT=0x08
Servicing hardware INT=0x08
Servicing hardware INT=0x08
Servicing hardware INT=0x08
Servicing hardware INT=0x08
Servicing hardware INT=0x08
Servicing hardware INT=0x08
Servicing hardware INT=0x08
Servicing hardware INT=0x08
Servicing hardware INT=0x08
Servicing hardware INT=0x08
Servicing hardware INT=0x08
Servicing hardware INT=0x08
Servicing hardware INT=0x08
Servicing hardware INT=0x08
Servicing hardware INT=0x08
Servicing hardware INT=0x08
Servicing hardware INT=0x08
Servicing hardware INT=0x08
Servicing hardware INT=0x08
Servicing hardware INT=0x08
Servicing hardware INT=0x08
Servicing hardware INT=0x08
Servicing hardware INT=0x08
Servicing hardware INT=0x08
Servicing hardware INT=0x08
Servicing hardware INT=0x08
Servicing hardware INT=0x08
Servicing hardware INT=0x08
Servicing hardware INT=0x08
Servicing hardware INT=0x08
Servicing hardware INT=0x08
Servicing hardware INT=0x08
Servicing hardware INT=0x08
Servicing hardware INT=0x08
Servicing hardware INT=0x08
Servicing hardware INT=0x08
Servicing hardware INT=0x08
Servicing hardware INT=0x08
Servicing hardware INT=0x08
Servicing hardware INT=0x08
Servicing hardware INT=0x08
Servicing hardware INT=0x08
Servicing hardware INT=0x08
Servicing hardware INT=0x08
Servicing hardware INT=0x08
Servicing hardware INT=0x08
Servicing hardware INT=0x08
Servicing hardware INT=0x08
Servicing hardware INT=0x08
Servicing hardware INT=0x08
Servicing hardware INT=0x08
Servicing hardware INT=0x08
Servicing hardware INT=0x08
Servicing hardware INT=0x08
Servicing hardware INT=0x08
Servicing hardware INT=0x08
Servicing hardware INT=0x08
Servicing hardware INT=0x08
Servicing hardware INT=0x08
Servicing hardware INT=0x08
Servicing hardware INT=0x08
Servicing hardware INT=0x08
Servicing hardware INT=0x08
Servicing hardware INT=0x08
Servicing hardware INT=0x08
Servicing hardware INT=0x08
Servicing hardware INT=0x08
Servicing hardware INT=0x08
Servicing hardware INT=0x08
Servicing hardware INT=0x08
Servicing hardware INT=0x08
Servicing hardware INT=0x08
Servicing hardware INT=0x08
Servicing hardware INT=0x08
Servicing hardware INT=0x08
Servicing hardware INT=0x08
Servicing hardware INT=0x08
Servicing hardware INT=0x08
Servicing hardware INT=0x08
Servicing hardware INT=0x08
Servicing hardware INT=0x08
Servicing hardware INT=0x08
Servicing hardware INT=0x08
Servicing hardware INT=0x08
Servicing hardware INT=0x08
Servicing hardware INT=0x08
Servicing hardware INT=0x08
Servicing hardware INT=0x08
Servicing hardware INT=0x08
Servicing hardware INT=0x08
Servicing hardware INT=0x08
Servicing hardware INT=0x08
Servicing hardware INT=0x08
Servicing hardware INT=0x08
Servicing hardware INT=0x08
Servicing hardware INT=0x08
Servicing hardware INT=0x08
Servicing hardware INT=0x08
Servicing hardware INT=0x08
Servicing hardware INT=0x08
Servicing hardware INT=0x08
Servicing hardware INT=0x08
Servicing hardware INT=0x08
Servicing hardware INT=0x08
Servicing hardware INT=0x08
Servicing hardware INT=0x08
Servicing hardware INT=0x08
Servicing hardware INT=0x08
Servicing hardware INT=0x08
Servicing hardware INT=0x08
Servicing hardware INT=0x08
Servicing hardware INT=0x08
Servicing hardware INT=0x08
Servicing hardware INT=0x08
Servicing hardware INT=0x08
Servicing hardware INT=0x08
Servicing hardware INT=0x08
Servicing hardware INT=0x08
Servicing hardware INT=0x08
Servicing hardware INT=0x08
Servicing hardware INT=0x08
Servicing hardware INT=0x08
Servicing hardware INT=0x08
Servicing hardware INT=0x08
Servicing hardware INT=0x08
Servicing hardware INT=0x08
Servicing hardware INT=0x08
Servicing hardware INT=0x08
Servicing hardware INT=0x08
Servicing hardware INT=0x08
Servicing hardware INT=0x08
Servicing hardware INT=0x08
Servicing hardware INT=0x08
Servicing hardware INT=0x08
Servicing hardware INT=0x08
Servicing hardware INT=0x08
Servicing hardware INT=0x08
Servicing hardware INT=0x08
Servicing hardware INT=0x08
Servicing hardware INT=0x08
Servicing hardware INT=0x08
Servicing hardware INT=0x08
Servicing hardware INT=0x08
Servicing hardware INT=0x08
Servicing hardware INT=0x08
Servicing hardware INT=0x08
Servicing hardware INT=0x08
Servicing hardware INT=0x08
Servicing hardware INT=0x08
Servicing hardware INT=0x08
Servicing hardware INT=0x08
Servicing hardware INT=0x08
Servicing hardware INT=0x08
Servicing hardware INT=0x08
Servicing hardware INT=0x08
Servicing hardware INT=0x08
Servicing hardware INT=0x08
Servicing hardware INT=0x08
Servicing hardware INT=0x08
Servicing hardware INT=0x08
Servicing hardware INT=0x08
Servicing hardware INT=0x08
Servicing hardware INT=0x08
Servicing hardware INT=0x08
Servicing hardware INT=0x08
Servicing hardware INT=0x08
Servicing hardware INT=0x08
Servicing hardware INT=0x08
Servicing hardware INT=0x08
Servicing hardware INT=0x08
Servicing hardware INT=0x08
Servicing hardware INT=0x08
Servicing hardware INT=0x08
Servicing hardware INT=0x08
Servicing hardware INT=0x08
Servicing hardware INT=0x08
Servicing hardware INT=0x08
Servicing hardware INT=0x08
Servicing hardware INT=0x08
Servicing hardware INT=0x08
Servicing hardware INT=0x08
Servicing hardware INT=0x08
Servicing hardware INT=0x08
Servicing hardware INT=0x08
Servicing hardware INT=0x08
Servicing hardware INT=0x08
Servicing hardware INT=0x08
Servicing hardware INT=0x08
Servicing hardware INT=0x08
Servicing hardware INT=0x08
Servicing hardware INT=0x08
Servicing hardware INT=0x08
Servicing hardware INT=0x08
Servicing hardware INT=0x08
Servicing hardware INT=0x08
Servicing hardware INT=0x08
Servicing hardware INT=0x08
Servicing hardware INT=0x08
Servicing hardware INT=0x08
Servicing hardware INT=0x08
Servicing hardware INT=0x08
Servicing hardware INT=0x08
Servicing hardware INT=0x08
Servicing hardware INT=0x08
Servicing hardware INT=0x08
Servicing hardware INT=0x08
Servicing hardware INT=0x08
Servicing hardware INT=0x08
Servicing hardware INT=0x08
Servicing hardware INT=0x08
Servicing hardware INT=0x08
Servicing hardware INT=0x08
Servicing hardware INT=0x08
Servicing hardware INT=0x08
Servicing hardware INT=0x08
Servicing hardware INT=0x08
Servicing hardware INT=0x08
Servicing hardware INT=0x08
Servicing hardware INT=0x08
Servicing hardware INT=0x08
Servicing hardware INT=0x08
Servicing hardware INT=0x08
Servicing hardware INT=0x08
Servicing hardware INT=0x08
Servicing hardware INT=0x08
Servicing hardware INT=0x08
Servicing hardware INT=0x08
Servicing hardware INT=0x08
Servicing hardware INT=0x08
Servicing hardware INT=0x08
Servicing hardware INT=0x08
Servicing hardware INT=0x08
Servicing hardware INT=0x08
Servicing hardware INT=0x08
Servicing hardware INT=0x08
Servicing hardware INT=0x08
Servicing hardware INT=0x08
Servicing hardware INT=0x08
Servicing hardware INT=0x08
Servicing hardware INT=0x08
Servicing hardware INT=0x08
Servicing hardware INT=0x08
Servicing hardware INT=0x08
Servicing hardware INT=0x08
Servicing hardware INT=0x08
Servicing hardware INT=0x08
Servicing hardware INT=0x08
Servicing hardware INT=0x08
Servicing hardware INT=0x08
Servicing hardware INT=0x08
Servicing hardware INT=0x08
Servicing hardware INT=0x08
Servicing hardware INT=0x08
Servicing hardware INT=0x08
Servicing hardware INT=0x08
Servicing hardware INT=0x08
Servicing hardware INT=0x08
Servicing hardware INT=0x08
Servicing hardware INT=0x08
Servicing hardware INT=0x08
Servicing hardware INT=0x08
Servicing hardware INT=0x08
Servicing hardware INT=0x08
Servicing hardware INT=0x08
Servicing hardware INT=0x08
Servicing hardware INT=0x08
Servicing hardware INT=0x08
Servicing hardware INT=0x08
Servicing hardware INT=0x08
Servicing hardware INT=0x08
Servicing hardware INT=0x08
Servicing hardware INT=0x08
Servicing hardware INT=0x08
Servicing hardware INT=0x08
Servicing hardware INT=0x08
Servicing hardware INT=0x08
Servicing hardware INT=0x08
Servicing hardware INT=0x08
Servicing hardware INT=0x08
Servicing hardware INT=0x08
Servicing hardware INT=0x08
Servicing hardware INT=0x08
Servicing hardware INT=0x08
Servicing hardware INT=0x08
Servicing hardware INT=0x08
Servicing hardware INT=0x08
Servicing hardware INT=0x08
Servicing hardware INT=0x08
Servicing hardware INT=0x08
Servicing hardware INT=0x08
Servicing hardware INT=0x08
Servicing hardware INT=0x08
Servicing hardware INT=0x08
Servicing hardware INT=0x08
Servicing hardware INT=0x08
Servicing hardware INT=0x08
Servicing hardware INT=0x08
Servicing hardware INT=0x08
Servicing hardware INT=0x08
Servicing hardware INT=0x08
Servicing hardware INT=0x08
Servicing hardware INT=0x08
Servicing hardware INT=0x08
Servicing hardware INT=0x08
Servicing hardware INT=0x08
Servicing hardware INT=0x08
Servicing hardware INT=0x08
Servicing hardware INT=0x08
Servicing hardware INT=0x08
Servicing hardware INT=0x08
Servicing hardware INT=0x08
Servicing hardware INT=0x08
Servicing hardware INT=0x08
Servicing hardware INT=0x08
Servicing hardware INT=0x08
Servicing hardware INT=0x08
Servicing hardware INT=0x08
Servicing hardware INT=0x08
Servicing hardware INT=0x08
Servicing hardware INT=0x08
Servicing hardware INT=0x08
Servicing hardware INT=0x08
Servicing hardware INT=0x08
Servicing hardware INT=0x08
Servicing hardware INT=0x08
Servicing hardware INT=0x08
Servicing hardware INT=0x08
Servicing hardware INT=0x08
Servicing hardware INT=0x08
Servicing hardware INT=0x08
Servicing hardware INT=0x08
Servicing hardware INT=0x08
Servicing hardware INT=0x08
Servicing hardware INT=0x08
Servicing hardware INT=0x08
Servicing hardware INT=0x08
Servicing hardware INT=0x08
Servicing hardware INT=0x08
Servicing hardware INT=0x08
Servicing hardware INT=0x08
Servicing hardware INT=0x08
Servicing hardware INT=0x08
Servicing hardware INT=0x08
Servicing hardware INT=0x08
Servicing hardware INT=0x08
Servicing hardware INT=0x08
Servicing hardware INT=0x08
Servicing hardware INT=0x08
Servicing hardware INT=0x08
Servicing hardware INT=0x08
Servicing hardware INT=0x08
Servicing hardware INT=0x08
Servicing hardware INT=0x08
Servicing hardware INT=0x08
Servicing hardware INT=0x08
Servicing hardware INT=0x08
Servicing hardware INT=0x08
Servicing hardware INT=0x08
Servicing hardware INT=0x08
Servicing hardware INT=0x08
Servicing hardware INT=0x08
Servicing hardware INT=0x08
Servicing hardware INT=0x08
Servicing hardware INT=0x08
Servicing hardware INT=0x08
Servicing hardware INT=0x08
Servicing hardware INT=0x08
Servicing hardware INT=0x08
Servicing hardware INT=0x08
Servicing hardware INT=0x08
Servicing hardware INT=0x08
Servicing hardware INT=0x08
Servicing hardware INT=0x08
Servicing hardware INT=0x08
Servicing hardware INT=0x08
Servicing hardware INT=0x08
Servicing hardware INT=0x08
Servicing hardware INT=0x08
Servicing hardware INT=0x08
Servicing hardware INT=0x08
Servicing hardware INT=0x08
Servicing hardware INT=0x08
Servicing hardware INT=0x08
Servicing hardware INT=0x08
Servicing hardware INT=0x08
Servicing hardware INT=0x08
Servicing hardware INT=0x08
Servicing hardware INT=0x08
Servicing hardware INT=0x08
Servicing hardware INT=0x08
Servicing hardware INT=0x08
Servicing hardware INT=0x08
Servicing hardware INT=0x08
Servicing hardware INT=0x08
Servicing hardware INT=0x08
Servicing hardware INT=0x08
Servicing hardware INT=0x08
Servicing hardware INT=0x08
Servicing hardware INT=0x08
Servicing hardware INT=0x08
Servicing hardware INT=0x08
Servicing hardware INT=0x08
Servicing hardware INT=0x08
Servicing hardware INT=0x08
Servicing hardware INT=0x08
Servicing hardware INT=0x08
Servicing hardware INT=0x08
Servicing hardware INT=0x08
Servicing hardware INT=0x08
Servicing hardware INT=0x08
Servicing hardware INT=0x08
Servicing hardware INT=0x08
Servicing hardware INT=0x08
Servicing hardware INT=0x08
Servicing hardware INT=0x08
Servicing hardware INT=0x08
Servicing hardware INT=0x08
Servicing hardware INT=0x08
Servicing hardware INT=0x08
Servicing hardware INT=0x08
Servicing hardware INT=0x08
Servicing hardware INT=0x08
Servicing hardware INT=0x08
Servicing hardware INT=0x08
Servicing hardware INT=0x08
Servicing hardware INT=0x08
Servicing hardware INT=0x08
Servicing hardware INT=0x08
Servicing hardware INT=0x08
Servicing hardware INT=0x08
Servicing hardware INT=0x08
Servicing hardware INT=0x08
Servicing hardware INT=0x08
Servicing hardware INT=0x08
Servicing hardware INT=0x08
Servicing hardware INT=0x08
Servicing hardware INT=0x08
Servicing hardware INT=0x08
Servicing hardware INT=0x08
Servicing hardware INT=0x08
Servicing hardware INT=0x08
Servicing hardware INT=0x08
Servicing hardware INT=0x08
Servicing hardware INT=0x08
Servicing hardware INT=0x08
Servicing hardware INT=0x08
Servicing hardware INT=0x08
Servicing hardware INT=0x08
Servicing hardware INT=0x08
Servicing hardware INT=0x08
Servicing hardware INT=0x08
Servicing hardware INT=0x08
Servicing hardware INT=0x08
Servicing hardware INT=0x08
Servicing hardware INT=0x08
Servicing hardware INT=0x08
Servicing hardware INT=0x08
Servicing hardware INT=0x08
Servicing hardware INT=0x08
Servicing hardware INT=0x08
Servicing hardware INT=0x08
Servicing hardware INT=0x08
Servicing hardware INT=0x08
Servicing hardware INT=0x08
Servicing hardware INT=0x08
Servicing hardware INT=0x08
Servicing hardware INT=0x08
Servicing hardware INT=0x08
Servicing hardware INT=0x08
Servicing hardware INT=0x08
Servicing hardware INT=0x08
Servicing hardware INT=0x08
Servicing hardware INT=0x08
Servicing hardware INT=0x08
Servicing hardware INT=0x08
Servicing hardware INT=0x08
Servicing hardware INT=0x08
Servicing hardware INT=0x08
Servicing hardware INT=0x08
Servicing hardware INT=0x08
Servicing hardware INT=0x08
Servicing hardware INT=0x08
Servicing hardware INT=0x08
Servicing hardware INT=0x08
Servicing hardware INT=0x08
Servicing hardware INT=0x08
Servicing hardware INT=0x08
Servicing hardware INT=0x08
Servicing hardware INT=0x08
Servicing hardware INT=0x08
Servicing hardware INT=0x08
Servicing hardware INT=0x08
Servicing hardware INT=0x08
Servicing hardware INT=0x08
Servicing hardware INT=0x08
Servicing hardware INT=0x08
Servicing hardware INT=0x08
Servicing hardware INT=0x08
Servicing hardware INT=0x08
Servicing hardware INT=0x08
Servicing hardware INT=0x08
Servicing hardware INT=0x08
Servicing hardware INT=0x08
Servicing hardware INT=0x08
Servicing hardware INT=0x08
Servicing hardware INT=0x08
Servicing hardware INT=0x08
Servicing hardware INT=0x08
Servicing hardware INT=0x08
Servicing hardware INT=0x08
Servicing hardware INT=0x08
Servicing hardware INT=0x08
Servicing hardware INT=0x08
Servicing hardware INT=0x08
Servicing hardware INT=0x08
Servicing hardware INT=0x08
Servicing hardware INT=0x08
Servicing hardware INT=0x08
Servicing hardware INT=0x08
Servicing hardware INT=0x08
Servicing hardware INT=0x08
Servicing hardware INT=0x08
Servicing hardware INT=0x08
Servicing hardware INT=0x08
Servicing hardware INT=0x08
Servicing hardware INT=0x08
Servicing hardware INT=0x08
Servicing hardware INT=0x08
Servicing hardware INT=0x08
Servicing hardware INT=0x08
Servicing hardware INT=0x08
Servicing hardware INT=0x08
Servicing hardware INT=0x08
Servicing hardware INT=0x08
Servicing hardware INT=0x08
Servicing hardware INT=0x08
Servicing hardware INT=0x08
Servicing hardware INT=0x08
Servicing hardware INT=0x08
Servicing hardware INT=0x08
Servicing hardware INT=0x08
Servicing hardware INT=0x08
Servicing hardware INT=0x08
Servicing hardware INT=0x08
Servicing hardware INT=0x08
Servicing hardware INT=0x08
Servicing hardware INT=0x08
Servicing hardware INT=0x08
Servicing hardware INT=0x08
Servicing hardware INT=0x08
Servicing hardware INT=0x08
Servicing hardware INT=0x08
Servicing hardware INT=0x08
Servicing hardware INT=0x08
Servicing hardware INT=0x08
Servicing hardware INT=0x08
Servicing hardware INT=0x08
Servicing hardware INT=0x08
Servicing hardware INT=0x08
Servicing hardware INT=0x08
Servicing hardware INT=0x08
Servicing hardware INT=0x08
Servicing hardware INT=0x08
Servicing hardware INT=0x08
Servicing hardware INT=0x08
Servicing hardware INT=0x08
Servicing hardware INT=0x08
Servicing hardware INT=0x08
Servicing hardware INT=0x08
Servicing hardware INT=0x08
Servicing hardware INT=0x08
Servicing hardware INT=0x08
Servicing hardware INT=0x08
Servicing hardware INT=0x08
Servicing hardware INT=0x08
Servicing hardware INT=0x08
Servicing hardware INT=0x08
Servicing hardware INT=0x08
Servicing hardware INT=0x08
Servicing hardware INT=0x08
Servicing hardware INT=0x08
Servicing hardware INT=0x08
Servicing hardware INT=0x08
Servicing hardware INT=0x08
Servicing hardware INT=0x08
Servicing hardware INT=0x08
Servicing hardware INT=0x08
Servicing hardware INT=0x08
Servicing hardware INT=0x08
Servicing hardware INT=0x08
Servicing hardware INT=0x08
Servicing hardware INT=0x08
Servicing hardware INT=0x08
Servicing hardware INT=0x08
Servicing hardware INT=0x08
Servicing hardware INT=0x08
Servicing hardware INT=0x08
Servicing hardware INT=0x08
Servicing hardware INT=0x08
Servicing hardware INT=0x08
Servicing hardware INT=0x08
Servicing hardware INT=0x08
Servicing hardware INT=0x08
Servicing hardware INT=0x08
Servicing hardware INT=0x08
Servicing hardware INT=0x08
Servicing hardware INT=0x08
Servicing hardware INT=0x08
Servicing hardware INT=0x08
Servicing hardware INT=0x08
Servicing hardware INT=0x08
Servicing hardware INT=0x08
Servicing hardware INT=0x08
Servicing hardware INT=0x08
Servicing hardware INT=0x08
Servicing hardware INT=0x08
Servicing hardware INT=0x08
Servicing hardware INT=0x08
Servicing hardware INT=0x08
Servicing hardware INT=0x08
Servicing hardware INT=0x08
Servicing hardware INT=0x08
Servicing hardware INT=0x08
Servicing hardware INT=0x08
Servicing hardware INT=0x08
Servicing hardware INT=0x08
Servicing hardware INT=0x08
Servicing hardware INT=0x08
Servicing hardware INT=0x08
Servicing hardware INT=0x08
Servicing hardware INT=0x08
Servicing hardware INT=0x08
Servicing hardware INT=0x08
Servicing hardware INT=0x08
Servicing hardware INT=0x08
Servicing hardware INT=0x08
Servicing hardware INT=0x08
Servicing hardware INT=0x08
Servicing hardware INT=0x08
Servicing hardware INT=0x08
Servicing hardware INT=0x08
Servicing hardware INT=0x08
Servicing hardware INT=0x08
Servicing hardware INT=0x08
Servicing hardware INT=0x08
Servicing hardware INT=0x08
Servicing hardware INT=0x08
Servicing hardware INT=0x08
Servicing hardware INT=0x08
Servicing hardware INT=0x08
Servicing hardware INT=0x08
Servicing hardware INT=0x08
Servicing hardware INT=0x08
Servicing hardware INT=0x08
Servicing hardware INT=0x08
Servicing hardware INT=0x08
Servicing hardware INT=0x08
Servicing hardware INT=0x08
Servicing hardware INT=0x08
Servicing hardware INT=0x08
Servicing hardware INT=0x08
Servicing hardware INT=0x08
Servicing hardware INT=0x08
Servicing hardware INT=0x08
Servicing hardware INT=0x08
Servicing hardware INT=0x08
Servicing hardware INT=0x08
Servicing hardware INT=0x08
Servicing hardware INT=0x08
Servicing hardware INT=0x08
Servicing hardware INT=0x08
Servicing hardware INT=0x08
Servicing hardware INT=0x08
Servicing hardware INT=0x08
Servicing hardware INT=0x08
Servicing hardware INT=0x08
Servicing hardware INT=0x08
Servicing hardware INT=0x08
Servicing hardware INT=0x08
Servicing hardware INT=0x08
Servicing hardware INT=0x08
Servicing hardware INT=0x08
Servicing hardware INT=0x08
Servicing hardware INT=0x08
Servicing hardware INT=0x08
Servicing hardware INT=0x08
Servicing hardware INT=0x08
Servicing hardware INT=0x08
Servicing hardware INT=0x08
Servicing hardware INT=0x08
Servicing hardware INT=0x08
Servicing hardware INT=0x08
Servicing hardware INT=0x08
Servicing hardware INT=0x08
Servicing hardware INT=0x08
Servicing hardware INT=0x08
Servicing hardware INT=0x08
Servicing hardware INT=0x08
Servicing hardware INT=0x08
Servicing hardware INT=0x08
Servicing hardware INT=0x08
Servicing hardware INT=0x08
Servicing hardware INT=0x08
Servicing hardware INT=0x08
Servicing hardware INT=0x08
Servicing hardware INT=0x08
Servicing hardware INT=0x08
Servicing hardware INT=0x08
Servicing hardware INT=0x08
Servicing hardware INT=0x08
Servicing hardware INT=0x08
Servicing hardware INT=0x08
Servicing hardware INT=0x08
Servicing hardware INT=0x08
Servicing hardware INT=0x08
Servicing hardware INT=0x08
Servicing hardware INT=0x08
Servicing hardware INT=0x08
Servicing hardware INT=0x08
Servicing hardware INT=0x08
Servicing hardware INT=0x08
Servicing hardware INT=0x08
Servicing hardware INT=0x08
Servicing hardware INT=0x08
Servicing hardware INT=0x08
Servicing hardware INT=0x08
Servicing hardware INT=0x08
Servicing hardware INT=0x08
Servicing hardware INT=0x08
Servicing hardware INT=0x08
Servicing hardware INT=0x08
Servicing hardware INT=0x08
Servicing hardware INT=0x08
Servicing hardware INT=0x08
Servicing hardware INT=0x08
Servicing hardware INT=0x08
Servicing hardware INT=0x08
Servicing hardware INT=0x08
Servicing hardware INT=0x08
Servicing hardware INT=0x08
Servicing hardware INT=0x08
Servicing hardware INT=0x08
Servicing hardware INT=0x08
Servicing hardware INT=0x08
Servicing hardware INT=0x08
Servicing hardware INT=0x08
Servicing hardware INT=0x08
Servicing hardware INT=0x08
Servicing hardware INT=0x08
Servicing hardware INT=0x08
Servicing hardware INT=0x08
Servicing hardware INT=0x08
Servicing hardware INT=0x08
Servicing hardware INT=0x08
Servicing hardware INT=0x08
Servicing hardware INT=0x08
Servicing hardware INT=0x08
Servicing hardware INT=0x08
Servicing hardware INT=0x08
Servicing hardware INT=0x08
Servicing hardware INT=0x08
Servicing hardware INT=0x08
Servicing hardware INT=0x08
Servicing hardware INT=0x08
Servicing hardware INT=0x08
Servicing hardware INT=0x08
Servicing hardware INT=0x08
Servicing hardware INT=0x08
Servicing hardware INT=0x08
Servicing hardware INT=0x08
Servicing hardware INT=0x08
Servicing hardware INT=0x08
Servicing hardware INT=0x08
Servicing hardware INT=0x08
Servicing hardware INT=0x08
Servicing hardware INT=0x08
Servicing hardware INT=0x08
Servicing hardware INT=0x08
Servicing hardware INT=0x08
Servicing hardware INT=0x08
Servicing hardware INT=0x08
Servicing hardware INT=0x08
Servicing hardware INT=0x08
Servicing hardware INT=0x08
Servicing hardware INT=0x08
Servicing hardware INT=0x08
Servicing hardware INT=0x08
Servicing hardware INT=0x08
Servicing hardware INT=0x08
Servicing hardware INT=0x08
Servicing hardware INT=0x08
Servicing hardware INT=0x08
Servicing hardware INT=0x08
Servicing hardware INT=0x08
Servicing hardware INT=0x08
Servicing hardware INT=0x08
Servicing hardware INT=0x08
Servicing hardware INT=0x08
Servicing hardware INT=0x08
Servicing hardware INT=0x08
Servicing hardware INT=0x08
Servicing hardware INT=0x08
Servicing hardware INT=0x08
Servicing hardware INT=0x08
Servicing hardware INT=0x08
Servicing hardware INT=0x08
Servicing hardware INT=0x08
Servicing hardware INT=0x08
Servicing hardware INT=0x08
Servicing hardware INT=0x08
Servicing hardware INT=0x08
Servicing hardware INT=0x08
Servicing hardware INT=0x08
Servicing hardware INT=0x08
Servicing hardware INT=0x08
Servicing hardware INT=0x08
Servicing hardware INT=0x08
Servicing hardware INT=0x08
Servicing hardware INT=0x08
Servicing hardware INT=0x08
Servicing hardware INT=0x08
Servicing hardware INT=0x08
Servicing hardware INT=0x08
Servicing hardware INT=0x08
Servicing hardware INT=0x08
Servicing hardware INT=0x08
Servicing hardware INT=0x08
Servicing hardware INT=0x08
Servicing hardware INT=0x08
Servicing hardware INT=0x08
Servicing hardware INT=0x08
Servicing hardware INT=0x08
Servicing hardware INT=0x08
Servicing hardware INT=0x08
Servicing hardware INT=0x08
Servicing hardware INT=0x08
Servicing hardware INT=0x08
Servicing hardware INT=0x08
Servicing hardware INT=0x08
Servicing hardware INT=0x08
Servicing hardware INT=0x08
Servicing hardware INT=0x08
Servicing hardware INT=0x08
Servicing hardware INT=0x08
Servicing hardware INT=0x08
Servicing hardware INT=0x08
Servicing hardware INT=0x08
Servicing hardware INT=0x08
Servicing hardware INT=0x08
Servicing hardware INT=0x08
Servicing hardware INT=0x08
Servicing hardware INT=0x08
Servicing hardware INT=0x08
Servicing hardware INT=0x08
Servicing hardware INT=0x08
Servicing hardware INT=0x08
Servicing hardware INT=0x08
Servicing hardware INT=0x08
Servicing hardware INT=0x08
Servicing hardware INT=0x08
Servicing hardware INT=0x08
Servicing hardware INT=0x08
Servicing hardware INT=0x08
Servicing hardware INT=0x08
Servicing hardware INT=0x08
Servicing hardware INT=0x08
Servicing hardware INT=0x08
Servicing hardware INT=0x08
Servicing hardware INT=0x08
Servicing hardware INT=0x08
Servicing hardware INT=0x08
Servicing hardware INT=0x08
Servicing hardware INT=0x08
Servicing hardware INT=0x08
Servicing hardware INT=0x08
Servicing hardware INT=0x08
Servicing hardware INT=0x08
Servicing hardware INT=0x08
Servicing hardware INT=0x08
Servicing hardware INT=0x08
Servicing hardware INT=0x08
Servicing hardware INT=0x08
Servicing hardware INT=0x08
Servicing hardware INT=0x08
Servicing hardware INT=0x08
Servicing hardware INT=0x08
Servicing hardware INT=0x08
Servicing hardware INT=0x08
Servicing hardware INT=0x08
Servicing hardware INT=0x08
Servicing hardware INT=0x08
Servicing hardware INT=0x08
Servicing hardware INT=0x08
Servicing hardware INT=0x08
Servicing hardware INT=0x08
Servicing hardware INT=0x08
Servicing hardware INT=0x08
Servicing hardware INT=0x08
Servicing hardware INT=0x08
Servicing hardware INT=0x08
Servicing hardware INT=0x08
Servicing hardware INT=0x08
Servicing hardware INT=0x08
Servicing hardware INT=0x08
Servicing hardware INT=0x08
Servicing hardware INT=0x08
Servicing hardware INT=0x08
Servicing hardware INT=0x08
Servicing hardware INT=0x08
Servicing hardware INT=0x08
Servicing hardware INT=0x08
Servicing hardware INT=0x08
Servicing hardware INT=0x08
Servicing hardware INT=0x08
Servicing hardware INT=0x08
Servicing hardware INT=0x08
Servicing hardware INT=0x08
Servicing hardware INT=0x08
Servicing hardware INT=0x08
Servicing hardware INT=0x08
Servicing hardware INT=0x08
Servicing hardware INT=0x08
Servicing hardware INT=0x08
Servicing hardware INT=0x08
Servicing hardware INT=0x08
Servicing hardware INT=0x08
Servicing hardware INT=0x08
Servicing hardware INT=0x08
Servicing hardware INT=0x08
Servicing hardware INT=0x08
Servicing hardware INT=0x08
Servicing hardware INT=0x08
Servicing hardware INT=0x08
Servicing hardware INT=0x08
Servicing hardware INT=0x08
Servicing hardware INT=0x08
Servicing hardware INT=0x08
Servicing hardware INT=0x08
Servicing hardware INT=0x08
Servicing hardware INT=0x08
Servicing hardware INT=0x08
Servicing hardware INT=0x08
Servicing hardware INT=0x08
Servicing hardware INT=0x08
Servicing hardware INT=0x08
Servicing hardware INT=0x08
Servicing hardware INT=0x08
Servicing hardware INT=0x08
Servicing hardware INT=0x08
Servicing hardware INT=0x08
Servicing hardware INT=0x08
Servicing hardware INT=0x08
Servicing hardware INT=0x08
Servicing hardware INT=0x08
Servicing hardware INT=0x08
Servicing hardware INT=0x08
Servicing hardware INT=0x08
Servicing hardware INT=0x08
Servicing hardware INT=0x08
Servicing hardware INT=0x08
Servicing hardware INT=0x08
Servicing hardware INT=0x08
Servicing hardware INT=0x08
Servicing hardware INT=0x08
Servicing hardware INT=0x08
Servicing hardware INT=0x08
Servicing hardware INT=0x08
Servicing hardware INT=0x08
Servicing hardware INT=0x08
Servicing hardware INT=0x08
Servicing hardware INT=0x08
Servicing hardware INT=0x08
Servicing hardware INT=0x08
Servicing hardware INT=0x08
Servicing hardware INT=0x08
Servicing hardware INT=0x08
Servicing hardware INT=0x08
Servicing hardware INT=0x08
Servicing hardware INT=0x08
Servicing hardware INT=0x08
Servicing hardware INT=0x08
Servicing hardware INT=0x08
Servicing hardware INT=0x08
Servicing hardware INT=0x08
Servicing hardware INT=0x08
Servicing hardware INT=0x08
Servicing hardware INT=0x08
Servicing hardware INT=0x08
Servicing hardware INT=0x08
Servicing hardware INT=0x08
Servicing hardware INT=0x08
Servicing hardware INT=0x08
Servicing hardware INT=0x08
Servicing hardware INT=0x08
Servicing hardware INT=0x08
Servicing hardware INT=0x08
Servicing hardware INT=0x08
Servicing hardware INT=0x08
Servicing hardware INT=0x08
Servicing hardware INT=0x08
Servicing hardware INT=0x08
Servicing hardware INT=0x08
Servicing hardware INT=0x08
Servicing hardware INT=0x08
Servicing hardware INT=0x08
Servicing hardware INT=0x08
Servicing hardware INT=0x08
Servicing hardware INT=0x08
Servicing hardware INT=0x08
Servicing hardware INT=0x08
Servicing hardware INT=0x08
Servicing hardware INT=0x08
Servicing hardware INT=0x08
Servicing hardware INT=0x08
Servicing hardware INT=0x08
Servicing hardware INT=0x08
Servicing hardware INT=0x08
Servicing hardware INT=0x08
Servicing hardware INT=0x08
Servicing hardware INT=0x08
Servicing hardware INT=0x08
Servicing hardware INT=0x08
Servicing hardware INT=0x08
Servicing hardware INT=0x08
Servicing hardware INT=0x08
Servicing hardware INT=0x08
Servicing hardware INT=0x08
Servicing hardware INT=0x08
Servicing hardware INT=0x08
Servicing hardware INT=0x08
Servicing hardware INT=0x08
Servicing hardware INT=0x08
Servicing hardware INT=0x08
Servicing hardware INT=0x08
Servicing hardware INT=0x08
Servicing hardware INT=0x08
Servicing hardware INT=0x08
Servicing hardware INT=0x08
Servicing hardware INT=0x08
Servicing hardware INT=0x08
Servicing hardware INT=0x08
Servicing hardware INT=0x08
Servicing hardware INT=0x08
Servicing hardware INT=0x08
Servicing hardware INT=0x08
Servicing hardware INT=0x08
Servicing hardware INT=0x08
Servicing hardware INT=0x08
Servicing hardware INT=0x08
Servicing hardware INT=0x08
Servicing hardware INT=0x08
Servicing hardware INT=0x08
Servicing hardware INT=0x08
Servicing hardware INT=0x08
Servicing hardware INT=0x08
Servicing hardware INT=0x08
Servicing hardware INT=0x08
Servicing hardware INT=0x08
Servicing hardware INT=0x08
Servicing hardware INT=0x08
Servicing hardware INT=0x08
Servicing hardware INT=0x08
Servicing hardware INT=0x08
Servicing hardware INT=0x08
Servicing hardware INT=0x08
Servicing hardware INT=0x08
Servicing hardware INT=0x08
Servicing hardware INT=0x08
Servicing hardware INT=0x08
Servicing hardware INT=0x08
Servicing hardware INT=0x08
Servicing hardware INT=0x08
Servicing hardware INT=0x08
Servicing hardware INT=0x08
Servicing hardware INT=0x08
Servicing hardware INT=0x08
Servicing hardware INT=0x08
Servicing hardware INT=0x08
Servicing hardware INT=0x08
Servicing hardware INT=0x08
Servicing hardware INT=0x08
Servicing hardware INT=0x08
Servicing hardware INT=0x08
Servicing hardware INT=0x08
Servicing hardware INT=0x08
Servicing hardware INT=0x08
Servicing hardware INT=0x08
Servicing hardware INT=0x08
Servicing hardware INT=0x08
Servicing hardware INT=0x08
Servicing hardware INT=0x08
Servicing hardware INT=0x08
Servicing hardware INT=0x08
Servicing hardware INT=0x08
Servicing hardware INT=0x08
Servicing hardware INT=0x08
Servicing hardware INT=0x08
Servicing hardware INT=0x08
Servicing hardware INT=0x08
Servicing hardware INT=0x08
Servicing hardware INT=0x08
Servicing hardware INT=0x08
Servicing hardware INT=0x08
Servicing hardware INT=0x08
Servicing hardware INT=0x08
Servicing hardware INT=0x08
Servicing hardware INT=0x08
Servicing hardware INT=0x08
Servicing hardware INT=0x08
Servicing hardware INT=0x08
Servicing hardware INT=0x08
Servicing hardware INT=0x08
Servicing hardware INT=0x08
Servicing hardware INT=0x08
Servicing hardware INT=0x08
Servicing hardware INT=0x08
Servicing hardware INT=0x08
Servicing hardware INT=0x08
Servicing hardware INT=0x08
Servicing hardware INT=0x08
Servicing hardware INT=0x08
Servicing hardware INT=0x08
Servicing hardware INT=0x08
Servicing hardware INT=0x08
Servicing hardware INT=0x08
Servicing hardware INT=0x08
Servicing hardware INT=0x08
Servicing hardware INT=0x08
Servicing hardware INT=0x08
Servicing hardware INT=0x08
Servicing hardware INT=0x08
Servicing hardware INT=0x08
Servicing hardware INT=0x08
Servicing hardware INT=0x08
Servicing hardware INT=0x08
Servicing hardware INT=0x08
Servicing hardware INT=0x08
Servicing hardware INT=0x08
Servicing hardware INT=0x08
Servicing hardware INT=0x08
Servicing hardware INT=0x08
Servicing hardware INT=0x08
Servicing hardware INT=0x08
Servicing hardware INT=0x08
Servicing hardware INT=0x08
Servicing hardware INT=0x08
Servicing hardware INT=0x08
Servicing hardware INT=0x08
Servicing hardware INT=0x08
Servicing hardware INT=0x08
Servicing hardware INT=0x08
Servicing hardware INT=0x08
Servicing hardware INT=0x08
Servicing hardware INT=0x08
Servicing hardware INT=0x08
Servicing hardware INT=0x08
Servicing hardware INT=0x08
Servicing hardware INT=0x08
Servicing hardware INT=0x08
Servicing hardware INT=0x08
Servicing hardware INT=0x08
Servicing hardware INT=0x08
Servicing hardware INT=0x08
Servicing hardware INT=0x08
Servicing hardware INT=0x08
Servicing hardware INT=0x08
Servicing hardware INT=0x08
Servicing hardware INT=0x08
Servicing hardware INT=0x08
Servicing hardware INT=0x08
Servicing hardware INT=0x08
Servicing hardware INT=0x08
Servicing hardware INT=0x08
Servicing hardware INT=0x08
Servicing hardware INT=0x08
Servicing hardware INT=0x08
Servicing hardware INT=0x08
Servicing hardware INT=0x08
Servicing hardware INT=0x08
Servicing hardware INT=0x08
Servicing hardware INT=0x08
Servicing hardware INT=0x08
Servicing hardware INT=0x08
Servicing hardware INT=0x08
Servicing hardware INT=0x08
Servicing hardware INT=0x08
Servicing hardware INT=0x08
Servicing hardware INT=0x08
Servicing hardware INT=0x08
Servicing hardware INT=0x08
Servicing hardware INT=0x08
Servicing hardware INT=0x08
Servicing hardware INT=0x08
Servicing hardware INT=0x08
Servicing hardware INT=0x08
Servicing hardware INT=0x08
Servicing hardware INT=0x08
Servicing hardware INT=0x08
Servicing hardware INT=0x08
Servicing hardware INT=0x08
Servicing hardware INT=0x08
Servicing hardware INT=0x08
Servicing hardware INT=0x08
Servicing hardware INT=0x08
Servicing hardware INT=0x08
Servicing hardware INT=0x08
Servicing hardware INT=0x08
Servicing hardware INT=0x08
Servicing hardware INT=0x08
Servicing hardware INT=0x08
Servicing hardware INT=0x08
Servicing hardware INT=0x08
Servicing hardware INT=0x08
Servicing hardware INT=0x08
Servicing hardware INT=0x08
Servicing hardware INT=0x08
Servicing hardware INT=0x08
Servicing hardware INT=0x08
Servicing hardware INT=0x08
Servicing hardware INT=0x08
Servicing hardware INT=0x08
Servicing hardware INT=0x08
Servicing hardware INT=0x08
Servicing hardware INT=0x08
Servicing hardware INT=0x08
Servicing hardware INT=0x08
Servicing hardware INT=0x08
Servicing hardware INT=0x08
Servicing hardware INT=0x08
Servicing hardware INT=0x08
Servicing hardware INT=0x08
Servicing hardware INT=0x08
Servicing hardware INT=0x08
Servicing hardware INT=0x08
Servicing hardware INT=0x08
Servicing hardware INT=0x08
Servicing hardware INT=0x08
Servicing hardware INT=0x08
Servicing hardware INT=0x08
Servicing hardware INT=0x08
Servicing hardware INT=0x08
Servicing hardware INT=0x08
Servicing hardware INT=0x08
Servicing hardware INT=0x08
Servicing hardware INT=0x08
Servicing hardware INT=0x08
Servicing hardware INT=0x08
Servicing hardware INT=0x08
Servicing hardware INT=0x08
Servicing hardware INT=0x08
Servicing hardware INT=0x08
Servicing hardware INT=0x08
Servicing hardware INT=0x08
Servicing hardware INT=0x08
Servicing hardware INT=0x08
Servicing hardware INT=0x08
Servicing hardware INT=0x08
Servicing hardware INT=0x08
Servicing hardware INT=0x08
Servicing hardware INT=0x08
Servicing hardware INT=0x08
Servicing hardware INT=0x08
Servicing hardware INT=0x08
Servicing hardware INT=0x08
Servicing hardware INT=0x08
Servicing hardware INT=0x08
Servicing hardware INT=0x08
Servicing hardware INT=0x08
Servicing hardware INT=0x08
Servicing hardware INT=0x08
Servicing hardware INT=0x08
Servicing hardware INT=0x08
Servicing hardware INT=0x08
Servicing hardware INT=0x08
Servicing hardware INT=0x08
Servicing hardware INT=0x08
Servicing hardware INT=0x08
Servicing hardware INT=0x08
Servicing hardware INT=0x08
Servicing hardware INT=0x08
Servicing hardware INT=0x08
Servicing hardware INT=0x08
Servicing hardware INT=0x08
Servicing hardware INT=0x08
Servicing hardware INT=0x08
Servicing hardware INT=0x08
Servicing hardware INT=0x08
Servicing hardware INT=0x08
Servicing hardware INT=0x08
Servicing hardware INT=0x08
Servicing hardware INT=0x08
Servicing hardware INT=0x08
Servicing hardware INT=0x08
Servicing hardware INT=0x08
Servicing hardware INT=0x08
Servicing hardware INT=0x08
Servicing hardware INT=0x08
Servicing hardware INT=0x08
Servicing hardware INT=0x08
Servicing hardware INT=0x08
Servicing hardware INT=0x08
Servicing hardware INT=0x08
Servicing hardware INT=0x08
Servicing hardware INT=0x08
Servicing hardware INT=0x08
Servicing hardware INT=0x08
Servicing hardware INT=0x08
Servicing hardware INT=0x08
Servicing hardware INT=0x08
Servicing hardware INT=0x08
Servicing hardware INT=0x08
Servicing hardware INT=0x08
Servicing hardware INT=0x08
Servicing hardware INT=0x08
Servicing hardware INT=0x08
Servicing hardware INT=0x08
Servicing hardware INT=0x08
Servicing hardware INT=0x08
Servicing hardware INT=0x08
Servicing hardware INT=0x08
Servicing hardware INT=0x08
Servicing hardware INT=0x08
Servicing hardware INT=0x08
Servicing hardware INT=0x08
Servicing hardware INT=0x08
Servicing hardware INT=0x08
Servicing hardware INT=0x08
Servicing hardware INT=0x08
Servicing hardware INT=0x08
Servicing hardware INT=0x08
Servicing hardware INT=0x08
Servicing hardware INT=0x08
Servicing hardware INT=0x08
Servicing hardware INT=0x08
Servicing hardware INT=0x08
Servicing hardware INT=0x08
Servicing hardware INT=0x08
Servicing hardware INT=0x08
Servicing hardware INT=0x08
Servicing hardware INT=0x08
Servicing hardware INT=0x08
Servicing hardware INT=0x08
Servicing hardware INT=0x08
Servicing hardware INT=0x08
Servicing hardware INT=0x08
Servicing hardware INT=0x08
Servicing hardware INT=0x08
Servicing hardware INT=0x08
Servicing hardware INT=0x08
Servicing hardware INT=0x08
Servicing hardware INT=0x08
Servicing hardware INT=0x08
Servicing hardware INT=0x08
Servicing hardware INT=0x08
Servicing hardware INT=0x08
Servicing hardware INT=0x08
Servicing hardware INT=0x08
Servicing hardware INT=0x08
Servicing hardware INT=0x08
Servicing hardware INT=0x08
Servicing hardware INT=0x08
Servicing hardware INT=0x08
Servicing hardware INT=0x08
Servicing hardware INT=0x08
Servicing hardware INT=0x08
Servicing hardware INT=0x08
Servicing hardware INT=0x08
Servicing hardware INT=0x08
Servicing hardware INT=0x08
Servicing hardware INT=0x08
Servicing hardware INT=0x08
Servicing hardware INT=0x08
Servicing hardware INT=0x08
Servicing hardware INT=0x08
Servicing hardware INT=0x08
Servicing hardware INT=0x08
Servicing hardware INT=0x08
Servicing hardware INT=0x08
Servicing hardware INT=0x08
Servicing hardware INT=0x08
Servicing hardware INT=0x08
Servicing hardware INT=0x08
Servicing hardware INT=0x08
Servicing hardware INT=0x08
Servicing hardware INT=0x08
Servicing hardware INT=0x08
Servicing hardware INT=0x08
Servicing hardware INT=0x08
Servicing hardware INT=0x08
Servicing hardware INT=0x08
Servicing hardware INT=0x08
Servicing hardware INT=0x08
Servicing hardware INT=0x08
Servicing hardware INT=0x08
Servicing hardware INT=0x08
Servicing hardware INT=0x08
Servicing hardware INT=0x08
Servicing hardware INT=0x08
Servicing hardware INT=0x08
Servicing hardware INT=0x08
Servicing hardware INT=0x08
Servicing hardware INT=0x08
Servicing hardware INT=0x08
Servicing hardware INT=0x08
Servicing hardware INT=0x08
Servicing hardware INT=0x08
Servicing hardware INT=0x08
Servicing hardware INT=0x08
Servicing hardware INT=0x08
Servicing hardware INT=0x08
Servicing hardware INT=0x08
Servicing hardware INT=0x08
Servicing hardware INT=0x08
Servicing hardware INT=0x08
Servicing hardware INT=0x08
Servicing hardware INT=0x08
Servicing hardware INT=0x08
Servicing hardware INT=0x08
Servicing hardware INT=0x08
Servicing hardware INT=0x08
Servicing hardware INT=0x08
Servicing hardware INT=0x08
Servicing hardware INT=0x08
Servicing hardware INT=0x08
Servicing hardware INT=0x08
Servicing hardware INT=0x08
Servicing hardware INT=0x08
Servicing hardware INT=0x08
Servicing hardware INT=0x08
Servicing hardware INT=0x08
Servicing hardware INT=0x08
Servicing hardware INT=0x08
Servicing hardware INT=0x08
Servicing hardware INT=0x08
Servicing hardware INT=0x08
Servicing hardware INT=0x08
Servicing hardware INT=0x08
Servicing hardware INT=0x08
Servicing hardware INT=0x08
Servicing hardware INT=0x08
Servicing hardware INT=0x08
Servicing hardware INT=0x08
Servicing hardware INT=0x08
Servicing hardware INT=0x08
Servicing hardware INT=0x08
Servicing hardware INT=0x08
Servicing hardware INT=0x08
Servicing hardware INT=0x08
Servicing hardware INT=0x08
Servicing hardware INT=0x08
Servicing hardware INT=0x08
Servicing hardware INT=0x08
Servicing hardware INT=0x08
Servicing hardware INT=0x08
Servicing hardware INT=0x08
Servicing hardware INT=0x08
Servicing hardware INT=0x08
Servicing hardware INT=0x08
Servicing hardware INT=0x08
Servicing hardware INT=0x08
Servicing hardware INT=0x08
Servicing hardware INT=0x08
Servicing hardware INT=0x08
Servicing hardware INT=0x08
Servicing hardware INT=0x08
Servicing hardware INT=0x08
Servicing hardware INT=0x08
Servicing hardware INT=0x08
Servicing hardware INT=0x08
Servicing hardware INT=0x08
Servicing hardware INT=0x08
Servicing hardware INT=0x08
Servicing hardware INT=0x08
Servicing hardware INT=0x08
Servicing hardware INT=0x08
Servicing hardware INT=0x08
Servicing hardware INT=0x08
Servicing hardware INT=0x08
Servicing hardware INT=0x08
Servicing hardware INT=0x08
Servicing hardware INT=0x08
Servicing hardware INT=0x08
Servicing hardware INT=0x08
Servicing hardware INT=0x08
Servicing hardware INT=0x08
Servicing hardware INT=0x08
Servicing hardware INT=0x08
Servicing hardware INT=0x08
Servicing hardware INT=0x08
Servicing hardware INT=0x08
Servicing hardware INT=0x08
Servicing hardware INT=0x08
Servicing hardware INT=0x08
Servicing hardware INT=0x08
Servicing hardware INT=0x08
Servicing hardware INT=0x08
Servicing hardware INT=0x08
Servicing hardware INT=0x08
Servicing hardware INT=0x08
Servicing hardware INT=0x08
Servicing hardware INT=0x08
Servicing hardware INT=0x08
Servicing hardware INT=0x08
Servicing hardware INT=0x08
Servicing hardware INT=0x08
Servicing hardware INT=0x08
Servicing hardware INT=0x08
Servicing hardware INT=0x08
Servicing hardware INT=0x08
Servicing hardware INT=0x08
Servicing hardware INT=0x08
Servicing hardware INT=0x08
Servicing hardware INT=0x08
Servicing hardware INT=0x08
Servicing hardware INT=0x08
Servicing hardware INT=0x08
Servicing hardware INT=0x08
Servicing hardware INT=0x08
Servicing hardware INT=0x08
Servicing hardware INT=0x08
Servicing hardware INT=0x08
Servicing hardware INT=0x08
Servicing hardware INT=0x08
Servicing hardware INT=0x08
Servicing hardware INT=0x08
Servicing hardware INT=0x08
Servicing hardware INT=0x08
Servicing hardware INT=0x08
Servicing hardware INT=0x08
Servicing hardware INT=0x08
Servicing hardware INT=0x08
Servicing hardware INT=0x08
Servicing hardware INT=0x08
Servicing hardware INT=0x08
Servicing hardware INT=0x08
Servicing hardware INT=0x08
Servicing hardware INT=0x08
Servicing hardware INT=0x08
Servicing hardware INT=0x08
Servicing hardware INT=0x08
Servicing hardware INT=0x08
Servicing hardware INT=0x08
Servicing hardware INT=0x08
Servicing hardware INT=0x08
Servicing hardware INT=0x08
Servicing hardware INT=0x08
Servicing hardware INT=0x08
Servicing hardware INT=0x08
Servicing hardware INT=0x08
Servicing hardware INT=0x08
Servicing hardware INT=0x08
Servicing hardware INT=0x08
Servicing hardware INT=0x08
Servicing hardware INT=0x08
Servicing hardware INT=0x08
Servicing hardware INT=0x08
Servicing hardware INT=0x08
Servicing hardware INT=0x08
Servicing hardware INT=0x08
Servicing hardware INT=0x08
Servicing hardware INT=0x08
Servicing hardware INT=0x08
Servicing hardware INT=0x08
Servicing hardware INT=0x08
Servicing hardware INT=0x08
Servicing hardware INT=0x08
Servicing hardware INT=0x08
Servicing hardware INT=0x08
Servicing hardware INT=0x08
Servicing hardware INT=0x08
Servicing hardware INT=0x08
Servicing hardware INT=0x08
Servicing hardware INT=0x08
Servicing hardware INT=0x08
Servicing hardware INT=0x08
Servicing hardware INT=0x08
Servicing hardware INT=0x08
Servicing hardware INT=0x08
Servicing hardware INT=0x08
Servicing hardware INT=0x08
Servicing hardware INT=0x08
Servicing hardware INT=0x08
Servicing hardware INT=0x08
Servicing hardware INT=0x08
Servicing hardware INT=0x08
Servicing hardware INT=0x08
Servicing hardware INT=0x08
Servicing hardware INT=0x08
Servicing hardware INT=0x08
Servicing hardware INT=0x08
Servicing hardware INT=0x08
Servicing hardware INT=0x08
Servicing hardware INT=0x08
Servicing hardware INT=0x08
Servicing hardware INT=0x08
Servicing hardware INT=0x08
Servicing hardware INT=0x08
Servicing hardware INT=0x08
Servicing hardware INT=0x08
Servicing hardware INT=0x08
Servicing hardware INT=0x08
Servicing hardware INT=0x08
Servicing hardware INT=0x08
Servicing hardware INT=0x08
Servicing hardware INT=0x08
Servicing hardware INT=0x08
Servicing hardware INT=0x08
Servicing hardware INT=0x08
Servicing hardware INT=0x08
Servicing hardware INT=0x08
Servicing hardware INT=0x08
Servicing hardware INT=0x08
Servicing hardware INT=0x08
Servicing hardware INT=0x08
Servicing hardware INT=0x08
Servicing hardware INT=0x08
Servicing hardware INT=0x08
Servicing hardware INT=0x08
Servicing hardware INT=0x08
Servicing hardware INT=0x08
Servicing hardware INT=0x08
Servicing hardware INT=0x08
Servicing hardware INT=0x08
Servicing hardware INT=0x08
Servicing hardware INT=0x08
Servicing hardware INT=0x08
Servicing hardware INT=0x08
Servicing hardware INT=0x08
Servicing hardware INT=0x08
Servicing hardware INT=0x08
Servicing hardware INT=0x08
Servicing hardware INT=0x08
Servicing hardware INT=0x08
Servicing hardware INT=0x08
Servicing hardware INT=0x08
Servicing hardware INT=0x08
Servicing hardware INT=0x08
Servicing hardware INT=0x08
Servicing hardware INT=0x08
Servicing hardware INT=0x08
Servicing hardware INT=0x08
Servicing hardware INT=0x08
Servicing hardware INT=0x08
Servicing hardware INT=0x08
Servicing hardware INT=0x08
Servicing hardware INT=0x08
Servicing hardware INT=0x08
Servicing hardware INT=0x08
Servicing hardware INT=0x08
Servicing hardware INT=0x08
Servicing hardware INT=0x08
Servicing hardware INT=0x08
Servicing hardware INT=0x08
Servicing hardware INT=0x08
Servicing hardware INT=0x08
Servicing hardware INT=0x08
Servicing hardware INT=0x08
Servicing hardware INT=0x08
Servicing hardware INT=0x08
Servicing hardware INT=0x08
Servicing hardware INT=0x08
Servicing hardware INT=0x08
Servicing hardware INT=0x08
Servicing hardware INT=0x08
Servicing hardware INT=0x08
Servicing hardware INT=0x08
Servicing hardware INT=0x08
Servicing hardware INT=0x08
Servicing hardware INT=0x08
Servicing hardware INT=0x08
Servicing hardware INT=0x08
Servicing hardware INT=0x08
Servicing hardware INT=0x08
Servicing hardware INT=0x08
Servicing hardware INT=0x08
Servicing hardware INT=0x08
Servicing hardware INT=0x08
Servicing hardware INT=0x08
Servicing hardware INT=0x08
Servicing hardware INT=0x08
Servicing hardware INT=0x08
Servicing hardware INT=0x08
Servicing hardware INT=0x08
Servicing hardware INT=0x08
Servicing hardware INT=0x08
Servicing hardware INT=0x08
Servicing hardware INT=0x08
Servicing hardware INT=0x08
Servicing hardware INT=0x08
Servicing hardware INT=0x08
Servicing hardware INT=0x08
Servicing hardware INT=0x08
Servicing hardware INT=0x08
Servicing hardware INT=0x08
Servicing hardware INT=0x08
Servicing hardware INT=0x08
Servicing hardware INT=0x08
Servicing hardware INT=0x08
Servicing hardware INT=0x08
Servicing hardware INT=0x08
Servicing hardware INT=0x08
Servicing hardware INT=0x08
Servicing hardware INT=0x08
Servicing hardware INT=0x08
Servicing hardware INT=0x08
Servicing hardware INT=0x08
Servicing hardware INT=0x08
Servicing hardware INT=0x08
Servicing hardware INT=0x08
Servicing hardware INT=0x08
Servicing hardware INT=0x08
Servicing hardware INT=0x08
Servicing hardware INT=0x08
Servicing hardware INT=0x08
Servicing hardware INT=0x08
Servicing hardware INT=0x08
Servicing hardware INT=0x08
Servicing hardware INT=0x08
Servicing hardware INT=0x08
Servicing hardware INT=0x08
Servicing hardware INT=0x08
Servicing hardware INT=0x08
Servicing hardware INT=0x08
Servicing hardware INT=0x08
Servicing hardware INT=0x08
Servicing hardware INT=0x08
Servicing hardware INT=0x08
Servicing hardware INT=0x08
Servicing hardware INT=0x08
Servicing hardware INT=0x08
Servicing hardware INT=0x08
Servicing hardware INT=0x08
Servicing hardware INT=0x08
Servicing hardware INT=0x08
Servicing hardware INT=0x08
Servicing hardware INT=0x08
Servicing hardware INT=0x08
Servicing hardware INT=0x08
Servicing hardware INT=0x08
Servicing hardware INT=0x08
Servicing hardware INT=0x08
Servicing hardware INT=0x08
Servicing hardware INT=0x08
Servicing hardware INT=0x08
Servicing hardware INT=0x08
Servicing hardware INT=0x08
Servicing hardware INT=0x08
Servicing hardware INT=0x08
Servicing hardware INT=0x08
Servicing hardware INT=0x08
Servicing hardware INT=0x08
Servicing hardware INT=0x08
Servicing hardware INT=0x08
Servicing hardware INT=0x08
Servicing hardware INT=0x08
Servicing hardware INT=0x08
Servicing hardware INT=0x08
Servicing hardware INT=0x08
Servicing hardware INT=0x08
Servicing hardware INT=0x08
Servicing hardware INT=0x08
Servicing hardware INT=0x08
Servicing hardware INT=0x08
Servicing hardware INT=0x08
Servicing hardware INT=0x08
Servicing hardware INT=0x08
Servicing hardware INT=0x08
Servicing hardware INT=0x08
Servicing hardware INT=0x08
Servicing hardware INT=0x08
Servicing hardware INT=0x08
Servicing hardware INT=0x08
Servicing hardware INT=0x08
Servicing hardware INT=0x08
Servicing hardware INT=0x08
Servicing hardware INT=0x08
Servicing hardware INT=0x08
Servicing hardware INT=0x08
Servicing hardware INT=0x08
Servicing hardware INT=0x08
Servicing hardware INT=0x08
Servicing hardware INT=0x08
Servicing hardware INT=0x08
Servicing hardware INT=0x08
Servicing hardware INT=0x08
Servicing hardware INT=0x08
Servicing hardware INT=0x08
Servicing hardware INT=0x08
Servicing hardware INT=0x08
Servicing hardware INT=0x08
Servicing hardware INT=0x08
Servicing hardware INT=0x08
Servicing hardware INT=0x08
Servicing hardware INT=0x08
Servicing hardware INT=0x08
Servicing hardware INT=0x08
Servicing hardware INT=0x08
Servicing hardware INT=0x08
Servicing hardware INT=0x08
Servicing hardware INT=0x08
Servicing hardware INT=0x08
Servicing hardware INT=0x08
Servicing hardware INT=0x08
Servicing hardware INT=0x08
Servicing hardware INT=0x08
Servicing hardware INT=0x08
Servicing hardware INT=0x08
Servicing hardware INT=0x08
Servicing hardware INT=0x08
Servicing hardware INT=0x08
Servicing hardware INT=0x08
Servicing hardware INT=0x08
Servicing hardware INT=0x08
Servicing hardware INT=0x08
Servicing hardware INT=0x08
Servicing hardware INT=0x08
Servicing hardware INT=0x08
Servicing hardware INT=0x08
Servicing hardware INT=0x08
Servicing hardware INT=0x08
Servicing hardware INT=0x08
Servicing hardware INT=0x08
Servicing hardware INT=0x08
Servicing hardware INT=0x08
Servicing hardware INT=0x08
Servicing hardware INT=0x08
Servicing hardware INT=0x08
Servicing hardware INT=0x08
Servicing hardware INT=0x08
Servicing hardware INT=0x08
Servicing hardware INT=0x08
Servicing hardware INT=0x08
Servicing hardware INT=0x08
Servicing hardware INT=0x08
Servicing hardware INT=0x08
Servicing hardware INT=0x08
Servicing hardware INT=0x08
Servicing hardware INT=0x08
Servicing hardware INT=0x08
Servicing hardware INT=0x08
Servicing hardware INT=0x08
Servicing hardware INT=0x08
Servicing hardware INT=0x08
Servicing hardware INT=0x08
Servicing hardware INT=0x08
Servicing hardware INT=0x08
Servicing hardware INT=0x08
Servicing hardware INT=0x08
Servicing hardware INT=0x08
Servicing hardware INT=0x08
Servicing hardware INT=0x08
Servicing hardware INT=0x08
Servicing hardware INT=0x08
Servicing hardware INT=0x08
Servicing hardware INT=0x08
Servicing hardware INT=0x08
Servicing hardware INT=0x08
Servicing hardware INT=0x08
Servicing hardware INT=0x08
Servicing hardware INT=0x08
Servicing hardware INT=0x08
Servicing hardware INT=0x08
Servicing hardware INT=0x08
Servicing hardware INT=0x08
Servicing hardware INT=0x08
Servicing hardware INT=0x08
Servicing hardware INT=0x08
Servicing hardware INT=0x08
Servicing hardware INT=0x08
Servicing hardware INT=0x08
Servicing hardware INT=0x08
Servicing hardware INT=0x08
Servicing hardware INT=0x08
Servicing hardware INT=0x08
Servicing hardware INT=0x08
Servicing hardware INT=0x08
Servicing hardware INT=0x08
Servicing hardware INT=0x08
Servicing hardware INT=0x08
Servicing hardware INT=0x08
Servicing hardware INT=0x08
Servicing hardware INT=0x08
Servicing hardware INT=0x08
Servicing hardware INT=0x08
Servicing hardware INT=0x08
Servicing hardware INT=0x08
Servicing hardware INT=0x08
Servicing hardware INT=0x08
Servicing hardware INT=0x08
Servicing hardware INT=0x08
Servicing hardware INT=0x08
Servicing hardware INT=0x08
Servicing hardware INT=0x08
Servicing hardware INT=0x08
Servicing hardware INT=0x08
Servicing hardware INT=0x08
Servicing hardware INT=0x08
Servicing hardware INT=0x08
Servicing hardware INT=0x08
Servicing hardware INT=0x08
Servicing hardware INT=0x08
Servicing hardware INT=0x08
Servicing hardware INT=0x08
Servicing hardware INT=0x08
Servicing hardware INT=0x08
Servicing hardware INT=0x08
Servicing hardware INT=0x08
Servicing hardware INT=0x08
Servicing hardware INT=0x08
Servicing hardware INT=0x08
Servicing hardware INT=0x08
Servicing hardware INT=0x08
Servicing hardware INT=0x08
Servicing hardware INT=0x08
Servicing hardware INT=0x08
Servicing hardware INT=0x08
Servicing hardware INT=0x08
Servicing hardware INT=0x08
Servicing hardware INT=0x08
Servicing hardware INT=0x08
Servicing hardware INT=0x08
Servicing hardware INT=0x08
Servicing hardware INT=0x08
Servicing hardware INT=0x08
Servicing hardware INT=0x08
Servicing hardware INT=0x08
Servicing hardware INT=0x08
Servicing hardware INT=0x08
Servicing hardware INT=0x08
Servicing hardware INT=0x08
Servicing hardware INT=0x08
Servicing hardware INT=0x08
Servicing hardware INT=0x08
Servicing hardware INT=0x08
Servicing hardware INT=0x08
Servicing hardware INT=0x08
Servicing hardware INT=0x08
Servicing hardware INT=0x08
Servicing hardware INT=0x08
Servicing hardware INT=0x08
Servicing hardware INT=0x08
Servicing hardware INT=0x08
Servicing hardware INT=0x08
Servicing hardware INT=0x08
Servicing hardware INT=0x08
Servicing hardware INT=0x08
Servicing hardware INT=0x08
Servicing hardware INT=0x08
Servicing hardware INT=0x08
Servicing hardware INT=0x08
Servicing hardware INT=0x08
Servicing hardware INT=0x08
Servicing hardware INT=0x08
Servicing hardware INT=0x08
Servicing hardware INT=0x08
Servicing hardware INT=0x08
Servicing hardware INT=0x08
Servicing hardware INT=0x08
Servicing hardware INT=0x08
Servicing hardware INT=0x08
Servicing hardware INT=0x08
Servicing hardware INT=0x08
Servicing hardware INT=0x08
Servicing hardware INT=0x08
Servicing hardware INT=0x08
Servicing hardware INT=0x08
Servicing hardware INT=0x08
Servicing hardware INT=0x08
Servicing hardware INT=0x08
Servicing hardware INT=0x08
Servicing hardware INT=0x08
Servicing hardware INT=0x08
Servicing hardware INT=0x08
Servicing hardware INT=0x08
Servicing hardware INT=0x08
Servicing hardware INT=0x08
Servicing hardware INT=0x08
Servicing hardware INT=0x08
Servicing hardware INT=0x08
Servicing hardware INT=0x08
Servicing hardware INT=0x08
Servicing hardware INT=0x08
Servicing hardware INT=0x08
Servicing hardware INT=0x08
Servicing hardware INT=0x08
Servicing hardware INT=0x08
Servicing hardware INT=0x08
Servicing hardware INT=0x08
Servicing hardware INT=0x08
Servicing hardware INT=0x08
Servicing hardware INT=0x08
Servicing hardware INT=0x08
Servicing hardware INT=0x08
Servicing hardware INT=0x08
Servicing hardware INT=0x08
Servicing hardware INT=0x08
Servicing hardware INT=0x08
Servicing hardware INT=0x08
Servicing hardware INT=0x08
Servicing hardware INT=0x08
Servicing hardware INT=0x08
Servicing hardware INT=0x08
Servicing hardware INT=0x08
Servicing hardware INT=0x08
Servicing hardware INT=0x08
Servicing hardware INT=0x08
Servicing hardware INT=0x08
Servicing hardware INT=0x08
Servicing hardware INT=0x08
Servicing hardware INT=0x08
Servicing hardware INT=0x08
Servicing hardware INT=0x08
Servicing hardware INT=0x08
Servicing hardware INT=0x08
Servicing hardware INT=0x08
Servicing hardware INT=0x08
Servicing hardware INT=0x08
Servicing hardware INT=0x08
Servicing hardware INT=0x08
Servicing hardware INT=0x08
Servicing hardware INT=0x08
Servicing hardware INT=0x08
Servicing hardware INT=0x08
Servicing hardware INT=0x08
Servicing hardware INT=0x08
Servicing hardware INT=0x08
Servicing hardware INT=0x08
Servicing hardware INT=0x08
Servicing hardware INT=0x08
Servicing hardware INT=0x08
Servicing hardware INT=0x08
Servicing hardware INT=0x08
Servicing hardware INT=0x08
Servicing hardware INT=0x08
Servicing hardware INT=0x08
Servicing hardware INT=0x08
Servicing hardware INT=0x08
Servicing hardware INT=0x08
Servicing hardware INT=0x08
Servicing hardware INT=0x08
Servicing hardware INT=0x08
Servicing hardware INT=0x08
Servicing hardware INT=0x08
Servicing hardware INT=0x08
Servicing hardware INT=0x08
Servicing hardware INT=0x08
Servicing hardware INT=0x08
Servicing hardware INT=0x08
Servicing hardware INT=0x08
Servicing hardware INT=0x08
Servicing hardware INT=0x08
Servicing hardware INT=0x08
Servicing hardware INT=0x08
Servicing hardware INT=0x08
Servicing hardware INT=0x08
Servicing hardware INT=0x08
Servicing hardware INT=0x08
Servicing hardware INT=0x08
Servicing hardware INT=0x08
Servicing hardware INT=0x08
Servicing hardware INT=0x08
Servicing hardware INT=0x08
Servicing hardware INT=0x08
Servicing hardware INT=0x08
Servicing hardware INT=0x08
Servicing hardware INT=0x08
Servicing hardware INT=0x08
Servicing hardware INT=0x08
Servicing hardware INT=0x08
Servicing hardware INT=0x08
Servicing hardware INT=0x08
Servicing hardware INT=0x08
Servicing hardware INT=0x08
Servicing hardware INT=0x08
Servicing hardware INT=0x08
Servicing hardware INT=0x08
Servicing hardware INT=0x08
Servicing hardware INT=0x08
Servicing hardware INT=0x08
Servicing hardware INT=0x08
Servicing hardware INT=0x08
Servicing hardware INT=0x08
Servicing hardware INT=0x08
Servicing hardware INT=0x08
Servicing hardware INT=0x08
Servicing hardware INT=0x08
Servicing hardware INT=0x08
Servicing hardware INT=0x08
Servicing hardware INT=0x08
Servicing hardware INT=0x08
Servicing hardware INT=0x08
Servicing hardware INT=0x08
Servicing hardware INT=0x08
Servicing hardware INT=0x08
Servicing hardware INT=0x08
Servicing hardware INT=0x08
Servicing hardware INT=0x08
Servicing hardware INT=0x08
Servicing hardware INT=0x08
Servicing hardware INT=0x08
Servicing hardware INT=0x08
Servicing hardware INT=0x08
Servicing hardware INT=0x08
Servicing hardware INT=0x08
Servicing hardware INT=0x08
Servicing hardware INT=0x08
Servicing hardware INT=0x08
Servicing hardware INT=0x08
Servicing hardware INT=0x08
Servicing hardware INT=0x08
Servicing hardware INT=0x08
Servicing hardware INT=0x08
Servicing hardware INT=0x08
Servicing hardware INT=0x08
Servicing hardware INT=0x08
Servicing hardware INT=0x08
Servicing hardware INT=0x08
Servicing hardware INT=0x08
Servicing hardware INT=0x08
Servicing hardware INT=0x08
Servicing hardware INT=0x08
Servicing hardware INT=0x08
Servicing hardware INT=0x08
Servicing hardware INT=0x08
Servicing hardware INT=0x08
Servicing hardware INT=0x08
Servicing hardware INT=0x08
Servicing hardware INT=0x08
Servicing hardware INT=0x08
Servicing hardware INT=0x08
Servicing hardware INT=0x08
Servicing hardware INT=0x08
Servicing hardware INT=0x08
Servicing hardware INT=0x08
Servicing hardware INT=0x08
Servicing hardware INT=0x08
Servicing hardware INT=0x08
Servicing hardware INT=0x08
Servicing hardware INT=0x08
Servicing hardware INT=0x08
Servicing hardware INT=0x08
Servicing hardware INT=0x08
Servicing hardware INT=0x08
Servicing hardware INT=0x08
Servicing hardware INT=0x08
Servicing hardware INT=0x08
Servicing hardware INT=0x08
Servicing hardware INT=0x08
Servicing hardware INT=0x08
Servicing hardware INT=0x08
Servicing hardware INT=0x08
Servicing hardware INT=0x08
Servicing hardware INT=0x08
Servicing hardware INT=0x08
Servicing hardware INT=0x08
Servicing hardware INT=0x08
Servicing hardware INT=0x08
Servicing hardware INT=0x08
Servicing hardware INT=0x08
Servicing hardware INT=0x08
Servicing hardware INT=0x08
Servicing hardware INT=0x08
Servicing hardware INT=0x08
Servicing hardware INT=0x08
Servicing hardware INT=0x08
Servicing hardware INT=0x08
Servicing hardware INT=0x08
Servicing hardware INT=0x08
Servicing hardware INT=0x08
Servicing hardware INT=0x08
Servicing hardware INT=0x08
Servicing hardware INT=0x08
Servicing hardware INT=0x08
Servicing hardware INT=0x08
Servicing hardware INT=0x08
Servicing hardware INT=0x08
Servicing hardware INT=0x08
Servicing hardware INT=0x08
Servicing hardware INT=0x08
Servicing hardware INT=0x08
Servicing hardware INT=0x08
Servicing hardware INT=0x08
Servicing hardware INT=0x08
Servicing hardware INT=0x08
Servicing hardware INT=0x08
Servicing hardware INT=0x08
Servicing hardware INT=0x08
Servicing hardware INT=0x08
Servicing hardware INT=0x08
Servicing hardware INT=0x08
Servicing hardware INT=0x08
Servicing hardware INT=0x08
Servicing hardware INT=0x08
Servicing hardware INT=0x08
Servicing hardware INT=0x08
Servicing hardware INT=0x08
Servicing hardware INT=0x08
Servicing hardware INT=0x08
Servicing hardware INT=0x08
Servicing hardware INT=0x08
Servicing hardware INT=0x08
Servicing hardware INT=0x08
Servicing hardware INT=0x08
Servicing hardware INT=0x08
Servicing hardware INT=0x08
Servicing hardware INT=0x08
Servicing hardware INT=0x08
Servicing hardware INT=0x08
Servicing hardware INT=0x08
Servicing hardware INT=0x08
Servicing hardware INT=0x08
Servicing hardware INT=0x08
Servicing hardware INT=0x08
Servicing hardware INT=0x08
Servicing hardware INT=0x08
Servicing hardware INT=0x08
Servicing hardware INT=0x08
Servicing hardware INT=0x08
Servicing hardware INT=0x08
Servicing hardware INT=0x08
Servicing hardware INT=0x08
Servicing hardware INT=0x08
Servicing hardware INT=0x08
Servicing hardware INT=0x08
Servicing hardware INT=0x08
Servicing hardware INT=0x08
Servicing hardware INT=0x08
Servicing hardware INT=0x08
Servicing hardware INT=0x08
Servicing hardware INT=0x08
Servicing hardware INT=0x08
Servicing hardware INT=0x08
Servicing hardware INT=0x08
Servicing hardware INT=0x08
Servicing hardware INT=0x08
Servicing hardware INT=0x08
Servicing hardware INT=0x08
Servicing hardware INT=0x08
Servicing hardware INT=0x08
Servicing hardware INT=0x08
Servicing hardware INT=0x08
Servicing hardware INT=0x08
Servicing hardware INT=0x08
Servicing hardware INT=0x08
Servicing hardware INT=0x08
Servicing hardware INT=0x08
Servicing hardware INT=0x08
Servicing hardware INT=0x08
Servicing hardware INT=0x08
Servicing hardware INT=0x08
Servicing hardware INT=0x08
Servicing hardware INT=0x08
Servicing hardware INT=0x08
Servicing hardware INT=0x08
Servicing hardware INT=0x08
Servicing hardware INT=0x08
Servicing hardware INT=0x08
Servicing hardware INT=0x08
Servicing hardware INT=0x08
Servicing hardware INT=0x08
Servicing hardware INT=0x08
Servicing hardware INT=0x08
Servicing hardware INT=0x08
Servicing hardware INT=0x08
Servicing hardware INT=0x08
Servicing hardware INT=0x08
Servicing hardware INT=0x08
Servicing hardware INT=0x08
Servicing hardware INT=0x08
Servicing hardware INT=0x08
Servicing hardware INT=0x08
Servicing hardware INT=0x08
Servicing hardware INT=0x08
Servicing hardware INT=0x08
Servicing hardware INT=0x08
Servicing hardware INT=0x08
Servicing hardware INT=0x08
Servicing hardware INT=0x08
Servicing hardware INT=0x08
Servicing hardware INT=0x08
Servicing hardware INT=0x08
Servicing hardware INT=0x08
Servicing hardware INT=0x08
Servicing hardware INT=0x08
Servicing hardware INT=0x08
Servicing hardware INT=0x08
Servicing hardware INT=0x08
Servicing hardware INT=0x08
Servicing hardware INT=0x08
Servicing hardware INT=0x08
Servicing hardware INT=0x08
Servicing hardware INT=0x08
Servicing hardware INT=0x08
Servicing hardware INT=0x08
Servicing hardware INT=0x08
Servicing hardware INT=0x08
Servicing hardware INT=0x08
Servicing hardware INT=0x08
Servicing hardware INT=0x08
Servicing hardware INT=0x08
Servicing hardware INT=0x08
Servicing hardware INT=0x08
Servicing hardware INT=0x08
Servicing hardware INT=0x08
Servicing hardware INT=0x08
Servicing hardware INT=0x08
Servicing hardware INT=0x08
Servicing hardware INT=0x08
Servicing hardware INT=0x08
Servicing hardware INT=0x08
Servicing hardware INT=0x08
Servicing hardware INT=0x08
Servicing hardware INT=0x08
Servicing hardware INT=0x08
Servicing hardware INT=0x08
Servicing hardware INT=0x08
Servicing hardware INT=0x08
Servicing hardware INT=0x08
Servicing hardware INT=0x08
Servicing hardware INT=0x08
Servicing hardware INT=0x08
Servicing hardware INT=0x08
Servicing hardware INT=0x08
Servicing hardware INT=0x08
Servicing hardware INT=0x08
Servicing hardware INT=0x08
Servicing hardware INT=0x08
Servicing hardware INT=0x08
Servicing hardware INT=0x08
Servicing hardware INT=0x08
Servicing hardware INT=0x08
Servicing hardware INT=0x08
Servicing hardware INT=0x08
Servicing hardware INT=0x08
Servicing hardware INT=0x08
Servicing hardware INT=0x08
Servicing hardware INT=0x08
Servicing hardware INT=0x08
Servicing hardware INT=0x08
Servicing hardware INT=0x08
Servicing hardware INT=0x08
Servicing hardware INT=0x08
Servicing hardware INT=0x08
Servicing hardware INT=0x08
Servicing hardware INT=0x08
Servicing hardware INT=0x08
Servicing hardware INT=0x08
Servicing hardware INT=0x08
Servicing hardware INT=0x08
Servicing hardware INT=0x08
Servicing hardware INT=0x08
Servicing hardware INT=0x08
Servicing hardware INT=0x08
Servicing hardware INT=0x08
Servicing hardware INT=0x08
Servicing hardware INT=0x08
Servicing hardware INT=0x08
Servicing hardware INT=0x08
Servicing hardware INT=0x08
Servicing hardware INT=0x08
Servicing hardware INT=0x08
Servicing hardware INT=0x08
Servicing hardware INT=0x08
Servicing hardware INT=0x08
Servicing hardware INT=0x08
Servicing hardware INT=0x08
Servicing hardware INT=0x08
Servicing hardware INT=0x08
Servicing hardware INT=0x08
Servicing hardware INT=0x08
Servicing hardware INT=0x08
Servicing hardware INT=0x08
Servicing hardware INT=0x08
Servicing hardware INT=0x08
Servicing hardware INT=0x08
Servicing hardware INT=0x08
Servicing hardware INT=0x08
Servicing hardware INT=0x08
Servicing hardware INT=0x08
Servicing hardware INT=0x08
Servicing hardware INT=0x08
Servicing hardware INT=0x08
Servicing hardware INT=0x08
Servicing hardware INT=0x08
Servicing hardware INT=0x08
Servicing hardware INT=0x08
Servicing hardware INT=0x08
Servicing hardware INT=0x08
Servicing hardware INT=0x08
Servicing hardware INT=0x08
Servicing hardware INT=0x08
Servicing hardware INT=0x08
Servicing hardware INT=0x08
Servicing hardware INT=0x08
Servicing hardware INT=0x08
Servicing hardware INT=0x08
Servicing hardware INT=0x08
Servicing hardware INT=0x08
Servicing hardware INT=0x08
Servicing hardware INT=0x08
Servicing hardware INT=0x08
Servicing hardware INT=0x08
Servicing hardware INT=0x08
Servicing hardware INT=0x08
Servicing hardware INT=0x08
Servicing hardware INT=0x08
Servicing hardware INT=0x08
Servicing hardware INT=0x08
Servicing hardware INT=0x08
Servicing hardware INT=0x08
Servicing hardware INT=0x08
Servicing hardware INT=0x08
Servicing hardware INT=0x08
Servicing hardware INT=0x08
Servicing hardware INT=0x08
Servicing hardware INT=0x08
Servicing hardware INT=0x08
Servicing hardware INT=0x08
Servicing hardware INT=0x08
Servicing hardware INT=0x08
Servicing hardware INT=0x08
Servicing hardware INT=0x08
Servicing hardware INT=0x08
Servicing hardware INT=0x08
Servicing hardware INT=0x08
Servicing hardware INT=0x08
Servicing hardware INT=0x08
Servicing hardware INT=0x08
Servicing hardware INT=0x08
Servicing hardware INT=0x08
Servicing hardware INT=0x08
Servicing hardware INT=0x08
Servicing hardware INT=0x08
Servicing hardware INT=0x08
Servicing hardware INT=0x08
Servicing hardware INT=0x08
Servicing hardware INT=0x08
Servicing hardware INT=0x08
Servicing hardware INT=0x08
Servicing hardware INT=0x08
Servicing hardware INT=0x08
Servicing hardware INT=0x08
Servicing hardware INT=0x08
Servicing hardware INT=0x08
Servicing hardware INT=0x08
Servicing hardware INT=0x08
Servicing hardware INT=0x08
Servicing hardware INT=0x08
Servicing hardware INT=0x08
Servicing hardware INT=0x08
Servicing hardware INT=0x08
Servicing hardware INT=0x08
Servicing hardware INT=0x08
Servicing hardware INT=0x08
Servicing hardware INT=0x08
Servicing hardware INT=0x08
Servicing hardware INT=0x08
Servicing hardware INT=0x08
Servicing hardware INT=0x08
Servicing hardware INT=0x08
Servicing hardware INT=0x08
Servicing hardware INT=0x08
Servicing hardware INT=0x08
Servicing hardware INT=0x08
Servicing hardware INT=0x08
Servicing hardware INT=0x08
Servicing hardware INT=0x08
Servicing hardware INT=0x08
Servicing hardware INT=0x08
Servicing hardware INT=0x08
Servicing hardware INT=0x08
Servicing hardware INT=0x08
Servicing hardware INT=0x08
Servicing hardware INT=0x08
Servicing hardware INT=0x08
Servicing hardware INT=0x08
Servicing hardware INT=0x08
Servicing hardware INT=0x08
Servicing hardware INT=0x08
Servicing hardware INT=0x08
Servicing hardware INT=0x08
Servicing hardware INT=0x08
Servicing hardware INT=0x08
Servicing hardware INT=0x08
Servicing hardware INT=0x08
Servicing hardware INT=0x08
Servicing hardware INT=0x08
Servicing hardware INT=0x08
Servicing hardware INT=0x08
Servicing hardware INT=0x08
Servicing hardware INT=0x08
Servicing hardware INT=0x08
Servicing hardware INT=0x08
Servicing hardware INT=0x08
Servicing hardware INT=0x08
Servicing hardware INT=0x08
Servicing hardware INT=0x08
Servicing hardware INT=0x08
Servicing hardware INT=0x08
Servicing hardware INT=0x08
Servicing hardware INT=0x08
Servicing hardware INT=0x08
Servicing hardware INT=0x08
Servicing hardware INT=0x08
Servicing hardware INT=0x08
Servicing hardware INT=0x08
Servicing hardware INT=0x08
Servicing hardware INT=0x08
Servicing hardware INT=0x08
Servicing hardware INT=0x08
Servicing hardware INT=0x08
Servicing hardware INT=0x08
Servicing hardware INT=0x08
Servicing hardware INT=0x08
Servicing hardware INT=0x08
Servicing hardware INT=0x08
Servicing hardware INT=0x08
Servicing hardware INT=0x08
Servicing hardware INT=0x08
Servicing hardware INT=0x08
Servicing hardware INT=0x08
Servicing hardware INT=0x08
Servicing hardware INT=0x08
Servicing hardware INT=0x08
Servicing hardware INT=0x08
Servicing hardware INT=0x08
Servicing hardware INT=0x08
Servicing hardware INT=0x08
Servicing hardware INT=0x08
Servicing hardware INT=0x08
Servicing hardware INT=0x08
Servicing hardware INT=0x08
Servicing hardware INT=0x08
Servicing hardware INT=0x08
Servicing hardware INT=0x08
Servicing hardware INT=0x08
Servicing hardware INT=0x08
Servicing hardware INT=0x08
Servicing hardware INT=0x08
Servicing hardware INT=0x08
Servicing hardware INT=0x08
Servicing hardware INT=0x08
Servicing hardware INT=0x08
Servicing hardware INT=0x08
Servicing hardware INT=0x08
Servicing hardware INT=0x08
Servicing hardware INT=0x08
Servicing hardware INT=0x08
Servicing hardware INT=0x08
Servicing hardware INT=0x08
Servicing hardware INT=0x08
Servicing hardware INT=0x08
Servicing hardware INT=0x08
Servicing hardware INT=0x08
Servicing hardware INT=0x08
Servicing hardware INT=0x08
Servicing hardware INT=0x08
Servicing hardware INT=0x08
Servicing hardware INT=0x08
Servicing hardware INT=0x08
Servicing hardware INT=0x08
Servicing hardware INT=0x08
Servicing hardware INT=0x08
Servicing hardware INT=0x08
Servicing hardware INT=0x08
Servicing hardware INT=0x08
Servicing hardware INT=0x08
Servicing hardware INT=0x08
Servicing hardware INT=0x08
Servicing hardware INT=0x08
Servicing hardware INT=0x08
Servicing hardware INT=0x08
Servicing hardware INT=0x08
Servicing hardware INT=0x08
Servicing hardware INT=0x08
Servicing hardware INT=0x08
Servicing hardware INT=0x08
Servicing hardware INT=0x08
Servicing hardware INT=0x08
Servicing hardware INT=0x08
Servicing hardware INT=0x08
Servicing hardware INT=0x08
Servicing hardware INT=0x08
Servicing hardware INT=0x08
Servicing hardware INT=0x08
Servicing hardware INT=0x08
Servicing hardware INT=0x08
Servicing hardware INT=0x08
Servicing hardware INT=0x08
Servicing hardware INT=0x08
Servicing hardware INT=0x08
Servicing hardware INT=0x08
Servicing hardware INT=0x08
Servicing hardware INT=0x08
Servicing hardware INT=0x08
Servicing hardware INT=0x08
Servicing hardware INT=0x08
Servicing hardware INT=0x08
Servicing hardware INT=0x08
Servicing hardware INT=0x08
Servicing hardware INT=0x08
Servicing hardware INT=0x08
Servicing hardware INT=0x08
Servicing hardware INT=0x08
Servicing hardware INT=0x08
Servicing hardware INT=0x08
Servicing hardware INT=0x08
Servicing hardware INT=0x08
Servicing hardware INT=0x08
Servicing hardware INT=0x08
Servicing hardware INT=0x08
Servicing hardware INT=0x08
Servicing hardware INT=0x08
Servicing hardware INT=0x08
Servicing hardware INT=0x08
Servicing hardware INT=0x08
Servicing hardware INT=0x08
Servicing hardware INT=0x08
Servicing hardware INT=0x08
Servicing hardware INT=0x08
Servicing hardware INT=0x08
Servicing hardware INT=0x08
Servicing hardware INT=0x08
Servicing hardware INT=0x08
Servicing hardware INT=0x08
Servicing hardware INT=0x08
Servicing hardware INT=0x08
Servicing hardware INT=0x08
Servicing hardware INT=0x08
Servicing hardware INT=0x08
Servicing hardware INT=0x08
Servicing hardware INT=0x08
Servicing hardware INT=0x08
Servicing hardware INT=0x08
Servicing hardware INT=0x08
Servicing hardware INT=0x08
Servicing hardware INT=0x08
Servicing hardware INT=0x08
Servicing hardware INT=0x08
Servicing hardware INT=0x08
Servicing hardware INT=0x08
Servicing hardware INT=0x08
Servicing hardware INT=0x08
Servicing hardware INT=0x08
Servicing hardware INT=0x08
Servicing hardware INT=0x08
Servicing hardware INT=0x08
Servicing hardware INT=0x08
Servicing hardware INT=0x08
Servicing hardware INT=0x08
Servicing hardware INT=0x08
Servicing hardware INT=0x08
Servicing hardware INT=0x08
Servicing hardware INT=0x08
Servicing hardware INT=0x08
Servicing hardware INT=0x08
Servicing hardware INT=0x08
Servicing hardware INT=0x08
Servicing hardware INT=0x08
Servicing hardware INT=0x08
Servicing hardware INT=0x08
Servicing hardware INT=0x08
Servicing hardware INT=0x08
Servicing hardware INT=0x08
Servicing hardware INT=0x08
Servicing hardware INT=0x08
Servicing hardware INT=0x08
Servicing hardware INT=0x08
Servicing hardware INT=0x08
Servicing hardware INT=0x08
Servicing hardware INT=0x08
Servicing hardware INT=0x08
Servicing hardware INT=0x08
Servicing hardware INT=0x08
Servicing hardware INT=0x08
Servicing hardware INT=0x08
Servicing hardware INT=0x08
Servicing hardware INT=0x08
Servicing hardware INT=0x08
Servicing hardware INT=0x08
Servicing hardware INT=0x08
Servicing hardware INT=0x08
Servicing hardware INT=0x08
Servicing hardware INT=0x08
Servicing hardware INT=0x08
Servicing hardware INT=0x08
Servicing hardware INT=0x08
Servicing hardware INT=0x08
Servicing hardware INT=0x08
Servicing hardware INT=0x08
Servicing hardware INT=0x08
Servicing hardware INT=0x08
Servicing hardware INT=0x08
Servicing hardware INT=0x08
Servicing hardware INT=0x08
Servicing hardware INT=0x08
Servicing hardware INT=0x08
Servicing hardware INT=0x08
Servicing hardware INT=0x08
Servicing hardware INT=0x08
Servicing hardware INT=0x08
Servicing hardware INT=0x08
Servicing hardware INT=0x08
Servicing hardware INT=0x08
Servicing hardware INT=0x08
Servicing hardware INT=0x08
Servicing hardware INT=0x08
Servicing hardware INT=0x08
Servicing hardware INT=0x08
Servicing hardware INT=0x08
Servicing hardware INT=0x08
Servicing hardware INT=0x08
Servicing hardware INT=0x08
Servicing hardware INT=0x08
Servicing hardware INT=0x08
Servicing hardware INT=0x08
Servicing hardware INT=0x08
Servicing hardware INT=0x08
Servicing hardware INT=0x08
Servicing hardware INT=0x08
Servicing hardware INT=0x08
Servicing hardware INT=0x08
Servicing hardware INT=0x08
Servicing hardware INT=0x08
Servicing hardware INT=0x08
Servicing hardware INT=0x08
Servicing hardware INT=0x08
Servicing hardware INT=0x08
Servicing hardware INT=0x08
Servicing hardware INT=0x08
Servicing hardware INT=0x08
Servicing hardware INT=0x08
Servicing hardware INT=0x08
Servicing hardware INT=0x08
Servicing hardware INT=0x08
Servicing hardware INT=0x08
Servicing hardware INT=0x08
Servicing hardware INT=0x08
Servicing hardware INT=0x08
Servicing hardware INT=0x08
Servicing hardware INT=0x08
Servicing hardware INT=0x08
Servicing hardware INT=0x08
Servicing hardware INT=0x08
Servicing hardware INT=0x08
Servicing hardware INT=0x08
Servicing hardware INT=0x08
Servicing hardware INT=0x08
Servicing hardware INT=0x08
Servicing hardware INT=0x08
Servicing hardware INT=0x08
Servicing hardware INT=0x08
Servicing hardware INT=0x08
Servicing hardware INT=0x08
Servicing hardware INT=0x08
Servicing hardware INT=0x08
Servicing hardware INT=0x08
Servicing hardware INT=0x08
Servicing hardware INT=0x08
Servicing hardware INT=0x08
Servicing hardware INT=0x08
Servicing hardware INT=0x08
Servicing hardware INT=0x08
Servicing hardware INT=0x08
Servicing hardware INT=0x08
Servicing hardware INT=0x08
Servicing hardware INT=0x08
Servicing hardware INT=0x08
Servicing hardware INT=0x08
Servicing hardware INT=0x08
Servicing hardware INT=0x08
Servicing hardware INT=0x08
Servicing hardware INT=0x08
Servicing hardware INT=0x08
Servicing hardware INT=0x08
Servicing hardware INT=0x08
Servicing hardware INT=0x08
Servicing hardware INT=0x08
Servicing hardware INT=0x08
Servicing hardware INT=0x08
Servicing hardware INT=0x08
Servicing hardware INT=0x08
Servicing hardware INT=0x08
Servicing hardware INT=0x08
Servicing hardware INT=0x08
Servicing hardware INT=0x08
Servicing hardware INT=0x08
Servicing hardware INT=0x08
Servicing hardware INT=0x08
Servicing hardware INT=0x08
Servicing hardware INT=0x08
Servicing hardware INT=0x08
Servicing hardware INT=0x08
Servicing hardware INT=0x08
Servicing hardware INT=0x08
Servicing hardware INT=0x08
Servicing hardware INT=0x08
Servicing hardware INT=0x08
Servicing hardware INT=0x08
Servicing hardware INT=0x08
Servicing hardware INT=0x08
Servicing hardware INT=0x08
Servicing hardware INT=0x08
Servicing hardware INT=0x08
Servicing hardware INT=0x08
Servicing hardware INT=0x08
Servicing hardware INT=0x08
Servicing hardware INT=0x08
Servicing hardware INT=0x08
Servicing hardware INT=0x08
Servicing hardware INT=0x08
Servicing hardware INT=0x08
Servicing hardware INT=0x08
Servicing hardware INT=0x08
Servicing hardware INT=0x08
Servicing hardware INT=0x08
Servicing hardware INT=0x08
Servicing hardware INT=0x08
Servicing hardware INT=0x08
Servicing hardware INT=0x08
Servicing hardware INT=0x08
Servicing hardware INT=0x08
Servicing hardware INT=0x08
Servicing hardware INT=0x08
Servicing hardware INT=0x08
Servicing hardware INT=0x08
Servicing hardware INT=0x08
Servicing hardware INT=0x08
Servicing hardware INT=0x08
Servicing hardware INT=0x08
Servicing hardware INT=0x08
Servicing hardware INT=0x08
Servicing hardware INT=0x08
Servicing hardware INT=0x08
Servicing hardware INT=0x08
Servicing hardware INT=0x08
Servicing hardware INT=0x08
Servicing hardware INT=0x08
Servicing hardware INT=0x08
Servicing hardware INT=0x08
Servicing hardware INT=0x08
Servicing hardware INT=0x08
Servicing hardware INT=0x08
Servicing hardware INT=0x08
Servicing hardware INT=0x08
Servicing hardware INT=0x08
Servicing hardware INT=0x08
Servicing hardware INT=0x08
Servicing hardware INT=0x08
Servicing hardware INT=0x08
Servicing hardware INT=0x08
Servicing hardware INT=0x08
Servicing hardware INT=0x08
Servicing hardware INT=0x08
Servicing hardware INT=0x08
Servicing hardware INT=0x08
Servicing hardware INT=0x08
Servicing hardware INT=0x08
Servicing hardware INT=0x08
Servicing hardware INT=0x08
Servicing hardware INT=0x08
Servicing hardware INT=0x08
Servicing hardware INT=0x08
Servicing hardware INT=0x08
Servicing hardware INT=0x08
Servicing hardware INT=0x08
Servicing hardware INT=0x08
Servicing hardware INT=0x08
Servicing hardware INT=0x08
Servicing hardware INT=0x08
Servicing hardware INT=0x08
Servicing hardware INT=0x08
Servicing hardware INT=0x08
Servicing hardware INT=0x08
Servicing hardware INT=0x08
Servicing hardware INT=0x08
Servicing hardware INT=0x08
Servicing hardware INT=0x08
Servicing hardware INT=0x08
Servicing hardware INT=0x08
Servicing hardware INT=0x08
Servicing hardware INT=0x08
Servicing hardware INT=0x08
Servicing hardware INT=0x08
Servicing hardware INT=0x08
Servicing hardware INT=0x08
Servicing hardware INT=0x08
Servicing hardware INT=0x08
Servicing hardware INT=0x08
Servicing hardware INT=0x08
Servicing hardware INT=0x08
Servicing hardware INT=0x08
Servicing hardware INT=0x08
Servicing hardware INT=0x08
Servicing hardware INT=0x08
Servicing hardware INT=0x08
Servicing hardware INT=0x08
Servicing hardware INT=0x08
Servicing hardware INT=0x08
Servicing hardware INT=0x08
Servicing hardware INT=0x08
Servicing hardware INT=0x08
Servicing hardware INT=0x08
Servicing hardware INT=0x08
Servicing hardware INT=0x08
Servicing hardware INT=0x08
Servicing hardware INT=0x08
Servicing hardware INT=0x08
Servicing hardware INT=0x08
Servicing hardware INT=0x08
Servicing hardware INT=0x08
Servicing hardware INT=0x08
Servicing hardware INT=0x08
Servicing hardware INT=0x08
Servicing hardware INT=0x08
Servicing hardware INT=0x08
Servicing hardware INT=0x08
Servicing hardware INT=0x08
Servicing hardware INT=0x08
Servicing hardware INT=0x08
Servicing hardware INT=0x08
Servicing hardware INT=0x08
Servicing hardware INT=0x08
Servicing hardware INT=0x08
Servicing hardware INT=0x08
Servicing hardware INT=0x08
Servicing hardware INT=0x08
Servicing hardware INT=0x08
Servicing hardware INT=0x08
Servicing hardware INT=0x08
Servicing hardware INT=0x08
Servicing hardware INT=0x08
Servicing hardware INT=0x08
Servicing hardware INT=0x08
Servicing hardware INT=0x08
Servicing hardware INT=0x08
Servicing hardware INT=0x08
Servicing hardware INT=0x08
Servicing hardware INT=0x08
Servicing hardware INT=0x08
Servicing hardware INT=0x08
Servicing hardware INT=0x08
Servicing hardware INT=0x08
Servicing hardware INT=0x08
Servicing hardware INT=0x08
Servicing hardware INT=0x08
Servicing hardware INT=0x08
Servicing hardware INT=0x08
Servicing hardware INT=0x08
Servicing hardware INT=0x08
Servicing hardware INT=0x08
Servicing hardware INT=0x08
Servicing hardware INT=0x08
Servicing hardware INT=0x08
Servicing hardware INT=0x08
Servicing hardware INT=0x08
Servicing hardware INT=0x08
Servicing hardware INT=0x08
Servicing hardware INT=0x08
Servicing hardware INT=0x08
Servicing hardware INT=0x08
Servicing hardware INT=0x08
Servicing hardware INT=0x08
Servicing hardware INT=0x08
Servicing hardware INT=0x08
Servicing hardware INT=0x08
Servicing hardware INT=0x08
Servicing hardware INT=0x08
Servicing hardware INT=0x08
Servicing hardware INT=0x08
Servicing hardware INT=0x08
Servicing hardware INT=0x08
Servicing hardware INT=0x08
Servicing hardware INT=0x08
Servicing hardware INT=0x08
Servicing hardware INT=0x08
Servicing hardware INT=0x08
Servicing hardware INT=0x08
Servicing hardware INT=0x08
Servicing hardware INT=0x08
Servicing hardware INT=0x08
Servicing hardware INT=0x08
Servicing hardware INT=0x08
Servicing hardware INT=0x08
Servicing hardware INT=0x08
Servicing hardware INT=0x08
Servicing hardware INT=0x08
Servicing hardware INT=0x08
Servicing hardware INT=0x08
Servicing hardware INT=0x08
Servicing hardware INT=0x08
Servicing hardware INT=0x08
Servicing hardware INT=0x08
Servicing hardware INT=0x08
Servicing hardware INT=0x08
Servicing hardware INT=0x08
Servicing hardware INT=0x08
Servicing hardware INT=0x08
Servicing hardware INT=0x08
Servicing hardware INT=0x08
Servicing hardware INT=0x08
Servicing hardware INT=0x08
Servicing hardware INT=0x08
Servicing hardware INT=0x08
Servicing hardware INT=0x08
Servicing hardware INT=0x08
Servicing hardware INT=0x08
Servicing hardware INT=0x08
Servicing hardware INT=0x08
Servicing hardware INT=0x08
Servicing hardware INT=0x08
Servicing hardware INT=0x08
Servicing hardware INT=0x08
Servicing hardware INT=0x08
Servicing hardware INT=0x08
Servicing hardware INT=0x08
Servicing hardware INT=0x08
Servicing hardware INT=0x08
Servicing hardware INT=0x08
Servicing hardware INT=0x08
Servicing hardware INT=0x08
Servicing hardware INT=0x08
Servicing hardware INT=0x08
Servicing hardware INT=0x08
Servicing hardware INT=0x08
Servicing hardware INT=0x08
Servicing hardware INT=0x08
Servicing hardware INT=0x08
Servicing hardware INT=0x08
Servicing hardware INT=0x08
Servicing hardware INT=0x08
Servicing hardware INT=0x08
Servicing hardware INT=0x08
Servicing hardware INT=0x08
Servicing hardware INT=0x08
Servicing hardware INT=0x08
Servicing hardware INT=0x08
Servicing hardware INT=0x08
Servicing hardware INT=0x08
Servicing hardware INT=0x08
Servicing hardware INT=0x08
Servicing hardware INT=0x08
Servicing hardware INT=0x08
Servicing hardware INT=0x08
Servicing hardware INT=0x08
Servicing hardware INT=0x08
Servicing hardware INT=0x08
Servicing hardware INT=0x08
Servicing hardware INT=0x08
Servicing hardware INT=0x08
Servicing hardware INT=0x08
Servicing hardware INT=0x08
Servicing hardware INT=0x08
Servicing hardware INT=0x08
Servicing hardware INT=0x08
Servicing hardware INT=0x08
Servicing hardware INT=0x08
Servicing hardware INT=0x08
Servicing hardware INT=0x08
Servicing hardware INT=0x08
Servicing hardware INT=0x08
Servicing hardware INT=0x08
Servicing hardware INT=0x08
Servicing hardware INT=0x08
Servicing hardware INT=0x08
Servicing hardware INT=0x08
Servicing hardware INT=0x08
Servicing hardware INT=0x08
Servicing hardware INT=0x08
Servicing hardware INT=0x08
Servicing hardware INT=0x08
Servicing hardware INT=0x08
Servicing hardware INT=0x08
Servicing hardware INT=0x08
Servicing hardware INT=0x08
Servicing hardware INT=0x08
Servicing hardware INT=0x08
Servicing hardware INT=0x08
Servicing hardware INT=0x08
Servicing hardware INT=0x08
Servicing hardware INT=0x08
Servicing hardware INT=0x08
Servicing hardware INT=0x08
Servicing hardware INT=0x08
Servicing hardware INT=0x08
Servicing hardware INT=0x08
Servicing hardware INT=0x08
Servicing hardware INT=0x08
Servicing hardware INT=0x08
Servicing hardware INT=0x08
Servicing hardware INT=0x08
Servicing hardware INT=0x08
Servicing hardware INT=0x08
Servicing hardware INT=0x08
Servicing hardware INT=0x08
Servicing hardware INT=0x08
Servicing hardware INT=0x08
Servicing hardware INT=0x08
Servicing hardware INT=0x08
Servicing hardware INT=0x08
Servicing hardware INT=0x08
Servicing hardware INT=0x08
Servicing hardware INT=0x08
Servicing hardware INT=0x08
Servicing hardware INT=0x08
Servicing hardware INT=0x08
Servicing hardware INT=0x08
Servicing hardware INT=0x08
Servicing hardware INT=0x08
Servicing hardware INT=0x08
Servicing hardware INT=0x08
Servicing hardware INT=0x08
Servicing hardware INT=0x08
Servicing hardware INT=0x08
Servicing hardware INT=0x08
Servicing hardware INT=0x08
Servicing hardware INT=0x08
Servicing hardware INT=0x08
Servicing hardware INT=0x08
Servicing hardware INT=0x08
Servicing hardware INT=0x08
Servicing hardware INT=0x08
Servicing hardware INT=0x08
Servicing hardware INT=0x08
Servicing hardware INT=0x08
Servicing hardware INT=0x08
Servicing hardware INT=0x08
Servicing hardware INT=0x08
Servicing hardware INT=0x08
Servicing hardware INT=0x08
Servicing hardware INT=0x08
Servicing hardware INT=0x08
Servicing hardware INT=0x08
Servicing hardware INT=0x08
Servicing hardware INT=0x08
Servicing hardware INT=0x08
Servicing hardware INT=0x08
Servicing hardware INT=0x08
Servicing hardware INT=0x08
Servicing hardware INT=0x08
Servicing hardware INT=0x08
Servicing hardware INT=0x08
Servicing hardware INT=0x08
Servicing hardware INT=0x08
Servicing hardware INT=0x08
Servicing hardware INT=0x08
Servicing hardware INT=0x08
Servicing hardware INT=0x08
Servicing hardware INT=0x08
Servicing hardware INT=0x08
Servicing hardware INT=0x08
Servicing hardware INT=0x08
Servicing hardware INT=0x08
Servicing hardware INT=0x08
Servicing hardware INT=0x08
Servicing hardware INT=0x08
Servicing hardware INT=0x08
Servicing hardware INT=0x08
Servicing hardware INT=0x08
Servicing hardware INT=0x08
Servicing hardware INT=0x08
Servicing hardware INT=0x08
Servicing hardware INT=0x08
Servicing hardware INT=0x08
Servicing hardware INT=0x08
Servicing hardware INT=0x08
Servicing hardware INT=0x08
Servicing hardware INT=0x08
Servicing hardware INT=0x08
Servicing hardware INT=0x08
Servicing hardware INT=0x08
Servicing hardware INT=0x08
Servicing hardware INT=0x08
Servicing hardware INT=0x08
Servicing hardware INT=0x08
Servicing hardware INT=0x08
Servicing hardware INT=0x08
Servicing hardware INT=0x08
Servicing hardware INT=0x08
Servicing hardware INT=0x08
Servicing hardware INT=0x08
Servicing hardware INT=0x08
Servicing hardware INT=0x08
Servicing hardware INT=0x08
Servicing hardware INT=0x08
Servicing hardware INT=0x08
Servicing hardware INT=0x08
Servicing hardware INT=0x08
Servicing hardware INT=0x08
Servicing hardware INT=0x08
Servicing hardware INT=0x08
Servicing hardware INT=0x08
Servicing hardware INT=0x08
Servicing hardware INT=0x08
Servicing hardware INT=0x08
Servicing hardware INT=0x08
Servicing hardware INT=0x08
Servicing hardware INT=0x08
Servicing hardware INT=0x08
Servicing hardware INT=0x08
Servicing hardware INT=0x08
Servicing hardware INT=0x08
Servicing hardware INT=0x08
Servicing hardware INT=0x08
Servicing hardware INT=0x08
Servicing hardware INT=0x08
Servicing hardware INT=0x08
Servicing hardware INT=0x08
Servicing hardware INT=0x08
Servicing hardware INT=0x08
Servicing hardware INT=0x08
Servicing hardware INT=0x08
Servicing hardware INT=0x08
Servicing hardware INT=0x08
Servicing hardware INT=0x08
Servicing hardware INT=0x08
Servicing hardware INT=0x08
Servicing hardware INT=0x08
Servicing hardware INT=0x08
Servicing hardware INT=0x08
Servicing hardware INT=0x08
Servicing hardware INT=0x08
Servicing hardware INT=0x08
Servicing hardware INT=0x08
Servicing hardware INT=0x08
Servicing hardware INT=0x08
Servicing hardware INT=0x08
Servicing hardware INT=0x08
Servicing hardware INT=0x08
Servicing hardware INT=0x08
Servicing hardware INT=0x08
Servicing hardware INT=0x08
Servicing hardware INT=0x08
Servicing hardware INT=0x08
Servicing hardware INT=0x08
Servicing hardware INT=0x08
Servicing hardware INT=0x08
Servicing hardware INT=0x08
Servicing hardware INT=0x08
Servicing hardware INT=0x08
Servicing hardware INT=0x08
Servicing hardware INT=0x08
Servicing hardware INT=0x08
Servicing hardware INT=0x08
Servicing hardware INT=0x08
Servicing hardware INT=0x08
Servicing hardware INT=0x08
Servicing hardware INT=0x08
Servicing hardware INT=0x08
Servicing hardware INT=0x08
Servicing hardware INT=0x08
Servicing hardware INT=0x08
Servicing hardware INT=0x08
Servicing hardware INT=0x08
Servicing hardware INT=0x08
Servicing hardware INT=0x08
Servicing hardware INT=0x08
Servicing hardware INT=0x08
Servicing hardware INT=0x08
Servicing hardware INT=0x08
Servicing hardware INT=0x08
Servicing hardware INT=0x08
Servicing hardware INT=0x08
Servicing hardware INT=0x08
Servicing hardware INT=0x08
Servicing hardware INT=0x08
Servicing hardware INT=0x08
Servicing hardware INT=0x08
Servicing hardware INT=0x08
Servicing hardware INT=0x08
Servicing hardware INT=0x08
Servicing hardware INT=0x08
Servicing hardware INT=0x08
Servicing hardware INT=0x08
Servicing hardware INT=0x08
Servicing hardware INT=0x08
Servicing hardware INT=0x08
Servicing hardware INT=0x08
Servicing hardware INT=0x08
Servicing hardware INT=0x08
Servicing hardware INT=0x08
Servicing hardware INT=0x08
Servicing hardware INT=0x08
Servicing hardware INT=0x08
Servicing hardware INT=0x08
Servicing hardware INT=0x08
Servicing hardware INT=0x08
Servicing hardware INT=0x08
Servicing hardware INT=0x08
Servicing hardware INT=0x08
Servicing hardware INT=0x08
Servicing hardware INT=0x08
Servicing hardware INT=0x08
Servicing hardware INT=0x08
Servicing hardware INT=0x08
Servicing hardware INT=0x08
Servicing hardware INT=0x08
Servicing hardware INT=0x08
Servicing hardware INT=0x08
Servicing hardware INT=0x08
Servicing hardware INT=0x08
Servicing hardware INT=0x08
Servicing hardware INT=0x08
Servicing hardware INT=0x08
Servicing hardware INT=0x08
Servicing hardware INT=0x08
Servicing hardware INT=0x08
Servicing hardware INT=0x08
Servicing hardware INT=0x08
Servicing hardware INT=0x08
Servicing hardware INT=0x08
Servicing hardware INT=0x08
Servicing hardware INT=0x08
Servicing hardware INT=0x08
Servicing hardware INT=0x08
Servicing hardware INT=0x08
Servicing hardware INT=0x08
Servicing hardware INT=0x08
Servicing hardware INT=0x08
Servicing hardware INT=0x08
Servicing hardware INT=0x08
Servicing hardware INT=0x08
Servicing hardware INT=0x08
Servicing hardware INT=0x08
Servicing hardware INT=0x08
Servicing hardware INT=0x08
Servicing hardware INT=0x08
Servicing hardware INT=0x08
Servicing hardware INT=0x08
Servicing hardware INT=0x08
Servicing hardware INT=0x08
Servicing hardware INT=0x08
Servicing hardware INT=0x08
Servicing hardware INT=0x08
Servicing hardware INT=0x08
Servicing hardware INT=0x08
Servicing hardware INT=0x08
Servicing hardware INT=0x08
Servicing hardware INT=0x08
Servicing hardware INT=0x08
Servicing hardware INT=0x08
Servicing hardware INT=0x08
Servicing hardware INT=0x08
Servicing hardware INT=0x08
Servicing hardware INT=0x08
Servicing hardware INT=0x08
Servicing hardware INT=0x08
Servicing hardware INT=0x08
Servicing hardware INT=0x08
Servicing hardware INT=0x08
Servicing hardware INT=0x08
Servicing hardware INT=0x08
Servicing hardware INT=0x08
Servicing hardware INT=0x08
Servicing hardware INT=0x08
Servicing hardware INT=0x08
Servicing hardware INT=0x08
Servicing hardware INT=0x08
Servicing hardware INT=0x08
Servicing hardware INT=0x08
Servicing hardware INT=0x08
Servicing hardware INT=0x08
Servicing hardware INT=0x08
Servicing hardware INT=0x08
Servicing hardware INT=0x08
Servicing hardware INT=0x08
Servicing hardware INT=0x08
Servicing hardware INT=0x08
Servicing hardware INT=0x08
Servicing hardware INT=0x08
Servicing hardware INT=0x08
Servicing hardware INT=0x08
Servicing hardware INT=0x08
Servicing hardware INT=0x08
Servicing hardware INT=0x08
Servicing hardware INT=0x08
Servicing hardware INT=0x08
Servicing hardware INT=0x08
Servicing hardware INT=0x08
Servicing hardware INT=0x08
Servicing hardware INT=0x08
Servicing hardware INT=0x08
Servicing hardware INT=0x08
Servicing hardware INT=0x08
Servicing hardware INT=0x08
Servicing hardware INT=0x08
Servicing hardware INT=0x08
Servicing hardware INT=0x08
Servicing hardware INT=0x08
Servicing hardware INT=0x08
Servicing hardware INT=0x08
Servicing hardware INT=0x08
Servicing hardware INT=0x08
Servicing hardware INT=0x08
Servicing hardware INT=0x08
Servicing hardware INT=0x08
Servicing hardware INT=0x08
Servicing hardware INT=0x08
Servicing hardware INT=0x08
Servicing hardware INT=0x08
Servicing hardware INT=0x08
Servicing hardware INT=0x08
Servicing hardware INT=0x08
Servicing hardware INT=0x08
Servicing hardware INT=0x08
Servicing hardware INT=0x08
Servicing hardware INT=0x08
Servicing hardware INT=0x08
Servicing hardware INT=0x08
Servicing hardware INT=0x08
Servicing hardware INT=0x08
Servicing hardware INT=0x08
Servicing hardware INT=0x08
Servicing hardware INT=0x08
Servicing hardware INT=0x08
Servicing hardware INT=0x08
Servicing hardware INT=0x08
Servicing hardware INT=0x08
Servicing hardware INT=0x08
Servicing hardware INT=0x08
Servicing hardware INT=0x08
Servicing hardware INT=0x08
Servicing hardware INT=0x08
Servicing hardware INT=0x08
Servicing hardware INT=0x08
Servicing hardware INT=0x08
Servicing hardware INT=0x08
Servicing hardware INT=0x08
Servicing hardware INT=0x08
Servicing hardware INT=0x08
Servicing hardware INT=0x08
Servicing hardware INT=0x08
Servicing hardware INT=0x08
Servicing hardware INT=0x08
Servicing hardware INT=0x08
Servicing hardware INT=0x08
Servicing hardware INT=0x08
Servicing hardware INT=0x08
Servicing hardware INT=0x08
Servicing hardware INT=0x08
Servicing hardware INT=0x08
Servicing hardware INT=0x08
Servicing hardware INT=0x08
Servicing hardware INT=0x08
Servicing hardware INT=0x08
Servicing hardware INT=0x08
Servicing hardware INT=0x08
Servicing hardware INT=0x08
Servicing hardware INT=0x08
Servicing hardware INT=0x08
Servicing hardware INT=0x08
Servicing hardware INT=0x08
Servicing hardware INT=0x08
Servicing hardware INT=0x08
Servicing hardware INT=0x08
Servicing hardware INT=0x08
Servicing hardware INT=0x08
Servicing hardware INT=0x08
Servicing hardware INT=0x08
Servicing hardware INT=0x08
Servicing hardware INT=0x08
Servicing hardware INT=0x08
Servicing hardware INT=0x08
Servicing hardware INT=0x08
Servicing hardware INT=0x08
Servicing hardware INT=0x08
Servicing hardware INT=0x08
Servicing hardware INT=0x08
Servicing hardware INT=0x08
Servicing hardware INT=0x08
Servicing hardware INT=0x08
Servicing hardware INT=0x08
Servicing hardware INT=0x08
Servicing hardware INT=0x08
Servicing hardware INT=0x08
Servicing hardware INT=0x08
Servicing hardware INT=0x08
Servicing hardware INT=0x08
Servicing hardware INT=0x08
Servicing hardware INT=0x08
Servicing hardware INT=0x08
Servicing hardware INT=0x08
Servicing hardware INT=0x08
Servicing hardware INT=0x08
Servicing hardware INT=0x08
Servicing hardware INT=0x08
Servicing hardware INT=0x08
Servicing hardware INT=0x08
Servicing hardware INT=0x08
Servicing hardware INT=0x08
Servicing hardware INT=0x08
Servicing hardware INT=0x08
Servicing hardware INT=0x08
Servicing hardware INT=0x08
Servicing hardware INT=0x08
Servicing hardware INT=0x08
Servicing hardware INT=0x08
Servicing hardware INT=0x08
Servicing hardware INT=0x08
Servicing hardware INT=0x08
Servicing hardware INT=0x08
Servicing hardware INT=0x08
Servicing hardware INT=0x08
Servicing hardware INT=0x08
Servicing hardware INT=0x08
Servicing hardware INT=0x08
Servicing hardware INT=0x08
Servicing hardware INT=0x08
Servicing hardware INT=0x08
Servicing hardware INT=0x08
Servicing hardware INT=0x08
Servicing hardware INT=0x08
Servicing hardware INT=0x08
Servicing hardware INT=0x08
Servicing hardware INT=0x08
Servicing hardware INT=0x08
Servicing hardware INT=0x08
Servicing hardware INT=0x08
Servicing hardware INT=0x08
Servicing hardware INT=0x08
Servicing hardware INT=0x08
Servicing hardware INT=0x08
Servicing hardware INT=0x08
Servicing hardware INT=0x08
Servicing hardware INT=0x08
Servicing hardware INT=0x08
Servicing hardware INT=0x08
Servicing hardware INT=0x08
Servicing hardware INT=0x08
Servicing hardware INT=0x08
Servicing hardware INT=0x08
Servicing hardware INT=0x08
Servicing hardware INT=0x08
Servicing hardware INT=0x08
Servicing hardware INT=0x08
Servicing hardware INT=0x08
Servicing hardware INT=0x08
Servicing hardware INT=0x08
Servicing hardware INT=0x08
Servicing hardware INT=0x08
Servicing hardware INT=0x08
Servicing hardware INT=0x08
Servicing hardware INT=0x08
Servicing hardware INT=0x08
Servicing hardware INT=0x08
Servicing hardware INT=0x08
Servicing hardware INT=0x08
Servicing hardware INT=0x08
Servicing hardware INT=0x08
Servicing hardware INT=0x08
Servicing hardware INT=0x08
Servicing hardware INT=0x08
Servicing hardware INT=0x08
Servicing hardware INT=0x08
Servicing hardware INT=0x08
Servicing hardware INT=0x08
Servicing hardware INT=0x08
Servicing hardware INT=0x08
Servicing hardware INT=0x08
Servicing hardware INT=0x08
Servicing hardware INT=0x08
Servicing hardware INT=0x08
Servicing hardware INT=0x08
Servicing hardware INT=0x08
Servicing hardware INT=0x08
Servicing hardware INT=0x08
Servicing hardware INT=0x08
Servicing hardware INT=0x08
Servicing hardware INT=0x08
Servicing hardware INT=0x08
Servicing hardware INT=0x08
Servicing hardware INT=0x08
Servicing hardware INT=0x08
Servicing hardware INT=0x08
Servicing hardware INT=0x08
Servicing hardware INT=0x08
Servicing hardware INT=0x08
Servicing hardware INT=0x08
Servicing hardware INT=0x08
Servicing hardware INT=0x08
Servicing hardware INT=0x08
Servicing hardware INT=0x08
Servicing hardware INT=0x08
Servicing hardware INT=0x08
Servicing hardware INT=0x08
Servicing hardware INT=0x08
Servicing hardware INT=0x08
Servicing hardware INT=0x08
Servicing hardware INT=0x08
Servicing hardware INT=0x08
Servicing hardware INT=0x08
Servicing hardware INT=0x08
Servicing hardware INT=0x08
Servicing hardware INT=0x08
Servicing hardware INT=0x08
Servicing hardware INT=0x08
Servicing hardware INT=0x08
Servicing hardware INT=0x08
Servicing hardware INT=0x08
Servicing hardware INT=0x08
Servicing hardware INT=0x08
Servicing hardware INT=0x08
Servicing hardware INT=0x08
Servicing hardware INT=0x08
Servicing hardware INT=0x08
Servicing hardware INT=0x08
Servicing hardware INT=0x08
Servicing hardware INT=0x08
Servicing hardware INT=0x08
Servicing hardware INT=0x08
Servicing hardware INT=0x08
Servicing hardware INT=0x08
Servicing hardware INT=0x08
Servicing hardware INT=0x08
Servicing hardware INT=0x08
Servicing hardware INT=0x08
Servicing hardware INT=0x08
Servicing hardware INT=0x08
Servicing hardware INT=0x08
Servicing hardware INT=0x08
Servicing hardware INT=0x08
Servicing hardware INT=0x08
Servicing hardware INT=0x08
Servicing hardware INT=0x08
Servicing hardware INT=0x08
Servicing hardware INT=0x08
Servicing hardware INT=0x08
Servicing hardware INT=0x08
Servicing hardware INT=0x08
Servicing hardware INT=0x08
Servicing hardware INT=0x08
Servicing hardware INT=0x08
Servicing hardware INT=0x08
Servicing hardware INT=0x08
Servicing hardware INT=0x08
Servicing hardware INT=0x08
Servicing hardware INT=0x08
Servicing hardware INT=0x08
Servicing hardware INT=0x08
Servicing hardware INT=0x08
Servicing hardware INT=0x08
Servicing hardware INT=0x08
Servicing hardware INT=0x08
Servicing hardware INT=0x08
Servicing hardware INT=0x08
Servicing hardware INT=0x08
Servicing hardware INT=0x08
Servicing hardware INT=0x08
Servicing hardware INT=0x08
Servicing hardware INT=0x08
Servicing hardware INT=0x08
Servicing hardware INT=0x08
Servicing hardware INT=0x08
Servicing hardware INT=0x08
Servicing hardware INT=0x08
Servicing hardware INT=0x08
Servicing hardware INT=0x08
Servicing hardware INT=0x08
Servicing hardware INT=0x08
Servicing hardware INT=0x08
Servicing hardware INT=0x08
Servicing hardware INT=0x08
Servicing hardware INT=0x08
Servicing hardware INT=0x08
Servicing hardware INT=0x08
Servicing hardware INT=0x08
Servicing hardware INT=0x08
Servicing hardware INT=0x08
Servicing hardware INT=0x08
Servicing hardware INT=0x08
Servicing hardware INT=0x08
Servicing hardware INT=0x08
Servicing hardware INT=0x08
Servicing hardware INT=0x08
Servicing hardware INT=0x08
Servicing hardware INT=0x08
Servicing hardware INT=0x08
Servicing hardware INT=0x08
Servicing hardware INT=0x08
Servicing hardware INT=0x08
Servicing hardware INT=0x08
Servicing hardware INT=0x08
Servicing hardware INT=0x08
Servicing hardware INT=0x08
Servicing hardware INT=0x08
Servicing hardware INT=0x08
Servicing hardware INT=0x08
Servicing hardware INT=0x08
Servicing hardware INT=0x08
Servicing hardware INT=0x08
Servicing hardware INT=0x08
Servicing hardware INT=0x08
Servicing hardware INT=0x08
Servicing hardware INT=0x08
Servicing hardware INT=0x08
Servicing hardware INT=0x08
Servicing hardware INT=0x08
Servicing hardware INT=0x08
Servicing hardware INT=0x08
Servicing hardware INT=0x08
Servicing hardware INT=0x08
Servicing hardware INT=0x08
Servicing hardware INT=0x08
Servicing hardware INT=0x08
Servicing hardware INT=0x08
Servicing hardware INT=0x08
Servicing hardware INT=0x08
Servicing hardware INT=0x08
Servicing hardware INT=0x08
Servicing hardware INT=0x08
Servicing hardware INT=0x08
Servicing hardware INT=0x08
Servicing hardware INT=0x08
Servicing hardware INT=0x08
Servicing hardware INT=0x08
Servicing hardware INT=0x08
Servicing hardware INT=0x08
Servicing hardware INT=0x08
Servicing hardware INT=0x08
Servicing hardware INT=0x08
Servicing hardware INT=0x08
Servicing hardware INT=0x08
Servicing hardware INT=0x08
Servicing hardware INT=0x08
Servicing hardware INT=0x08
Servicing hardware INT=0x08
Servicing hardware INT=0x08
Servicing hardware INT=0x08
Servicing hardware INT=0x08
Servicing hardware INT=0x08
Servicing hardware INT=0x08
Servicing hardware INT=0x08
Servicing hardware INT=0x08
Servicing hardware INT=0x08
Servicing hardware INT=0x08
Servicing hardware INT=0x08
Servicing hardware INT=0x08
Servicing hardware INT=0x08
Servicing hardware INT=0x08
Servicing hardware INT=0x08
Servicing hardware INT=0x08
Servicing hardware INT=0x08
Servicing hardware INT=0x08
Servicing hardware INT=0x08
Servicing hardware INT=0x08
Servicing hardware INT=0x08
Servicing hardware INT=0x08
Servicing hardware INT=0x08
Servicing hardware INT=0x08
Servicing hardware INT=0x08
Servicing hardware INT=0x08
Servicing hardware INT=0x08
Servicing hardware INT=0x08
Servicing hardware INT=0x08
Servicing hardware INT=0x08
Servicing hardware INT=0x08
Servicing hardware INT=0x08
Servicing hardware INT=0x08
Servicing hardware INT=0x08
Servicing hardware INT=0x08
Servicing hardware INT=0x08
Servicing hardware INT=0x08
Servicing hardware INT=0x08
Servicing hardware INT=0x08
Servicing hardware INT=0x08
Servicing hardware INT=0x08
Servicing hardware INT=0x08
Servicing hardware INT=0x08
Servicing hardware INT=0x08
Servicing hardware INT=0x08
Servicing hardware INT=0x08
Servicing hardware INT=0x08
Servicing hardware INT=0x08
Servicing hardware INT=0x08
Servicing hardware INT=0x08
Servicing hardware INT=0x08
Servicing hardware INT=0x08
Servicing hardware INT=0x08
Servicing hardware INT=0x08
Servicing hardware INT=0x08
Servicing hardware INT=0x08
Servicing hardware INT=0x08
Servicing hardware INT=0x08
Servicing hardware INT=0x08
Servicing hardware INT=0x08
Servicing hardware INT=0x08
Servicing hardware INT=0x08
Servicing hardware INT=0x08
Servicing hardware INT=0x08
Servicing hardware INT=0x08
Servicing hardware INT=0x08
Servicing hardware INT=0x08
Servicing hardware INT=0x08
Servicing hardware INT=0x08
Servicing hardware INT=0x08
Servicing hardware INT=0x08
Servicing hardware INT=0x08
Servicing hardware INT=0x08
Servicing hardware INT=0x08
Servicing hardware INT=0x08
Servicing hardware INT=0x08
Servicing hardware INT=0x08
Servicing hardware INT=0x08
Servicing hardware INT=0x08
Servicing hardware INT=0x08
Servicing hardware INT=0x08
Servicing hardware INT=0x08
Servicing hardware INT=0x08
Servicing hardware INT=0x08
Servicing hardware INT=0x08
Servicing hardware INT=0x08
Servicing hardware INT=0x08
Servicing hardware INT=0x08
Servicing hardware INT=0x08
Servicing hardware INT=0x08
Servicing hardware INT=0x08
Servicing hardware INT=0x08
Servicing hardware INT=0x08
Servicing hardware INT=0x08
Servicing hardware INT=0x08
Servicing hardware INT=0x08
Servicing hardware INT=0x08
Servicing hardware INT=0x08
Servicing hardware INT=0x08
Servicing hardware INT=0x08
Servicing hardware INT=0x08
Servicing hardware INT=0x08
Servicing hardware INT=0x08
Servicing hardware INT=0x08
Servicing hardware INT=0x08
Servicing hardware INT=0x08
Servicing hardware INT=0x08
Servicing hardware INT=0x08
Servicing hardware INT=0x08
Servicing hardware INT=0x08
Servicing hardware INT=0x08
Servicing hardware INT=0x08
Servicing hardware INT=0x08
Servicing hardware INT=0x08
Servicing hardware INT=0x08
Servicing hardware INT=0x08
Servicing hardware INT=0x08
Servicing hardware INT=0x08
Servicing hardware INT=0x08
Servicing hardware INT=0x08
Servicing hardware INT=0x08
Servicing hardware INT=0x08
Servicing hardware INT=0x08
Servicing hardware INT=0x08
Servicing hardware INT=0x08
Servicing hardware INT=0x08
Servicing hardware INT=0x08
Servicing hardware INT=0x08
Servicing hardware INT=0x08
Servicing hardware INT=0x08
Servicing hardware INT=0x08
Servicing hardware INT=0x08
Servicing hardware INT=0x08
Servicing hardware INT=0x08
Servicing hardware INT=0x08
Servicing hardware INT=0x08
Servicing hardware INT=0x08
Servicing hardware INT=0x08
Servicing hardware INT=0x08
Servicing hardware INT=0x08
Servicing hardware INT=0x08
Servicing hardware INT=0x08
Servicing hardware INT=0x08
Servicing hardware INT=0x08
Servicing hardware INT=0x08
Servicing hardware INT=0x08
Servicing hardware INT=0x08
Servicing hardware INT=0x08
Servicing hardware INT=0x08
Servicing hardware INT=0x08
Servicing hardware INT=0x08
Servicing hardware INT=0x08
Servicing hardware INT=0x08
Servicing hardware INT=0x08
Servicing hardware INT=0x08
Servicing hardware INT=0x08
Servicing hardware INT=0x08
Servicing hardware INT=0x08
Servicing hardware INT=0x08
Servicing hardware INT=0x08
Servicing hardware INT=0x08
Servicing hardware INT=0x08
Servicing hardware INT=0x08
Servicing hardware INT=0x08
Servicing hardware INT=0x08
Servicing hardware INT=0x08
Servicing hardware INT=0x08
Servicing hardware INT=0x08
Servicing hardware INT=0x08
Servicing hardware INT=0x08
Servicing hardware INT=0x08
Servicing hardware INT=0x08
Servicing hardware INT=0x08
Servicing hardware INT=0x08
Servicing hardware INT=0x08
Servicing hardware INT=0x08
Servicing hardware INT=0x08
Servicing hardware INT=0x08
Servicing hardware INT=0x08
Servicing hardware INT=0x08
Servicing hardware INT=0x08
Servicing hardware INT=0x08
Servicing hardware INT=0x08
Servicing hardware INT=0x08
Servicing hardware INT=0x08
Servicing hardware INT=0x08
Servicing hardware INT=0x08
Servicing hardware INT=0x08
Servicing hardware INT=0x08
Servicing hardware INT=0x08
Servicing hardware INT=0x08
Servicing hardware INT=0x08
Servicing hardware INT=0x08
Servicing hardware INT=0x08
Servicing hardware INT=0x08
Servicing hardware INT=0x08
Servicing hardware INT=0x08
Servicing hardware INT=0x08
Servicing hardware INT=0x08
Servicing hardware INT=0x08
Servicing hardware INT=0x08
Servicing hardware INT=0x08
Servicing hardware INT=0x08
Servicing hardware INT=0x08
Servicing hardware INT=0x08
Servicing hardware INT=0x08
Servicing hardware INT=0x08
Servicing hardware INT=0x08
Servicing hardware INT=0x08
Servicing hardware INT=0x08
Servicing hardware INT=0x08
Servicing hardware INT=0x08
Servicing hardware INT=0x08
Servicing hardware INT=0x08
Servicing hardware INT=0x08
Servicing hardware INT=0x08
Servicing hardware INT=0x08
Servicing hardware INT=0x08
Servicing hardware INT=0x08
Servicing hardware INT=0x08
Servicing hardware INT=0x08
Servicing hardware INT=0x08
Servicing hardware INT=0x08
Servicing hardware INT=0x08
Servicing hardware INT=0x08
Servicing hardware INT=0x08
Servicing hardware INT=0x08
Servicing hardware INT=0x08
Servicing hardware INT=0x08
Servicing hardware INT=0x08
Servicing hardware INT=0x08
Servicing hardware INT=0x08
Servicing hardware INT=0x08
Servicing hardware INT=0x08
Servicing hardware INT=0x08
Servicing hardware INT=0x08
Servicing hardware INT=0x08
Servicing hardware INT=0x08
Servicing hardware INT=0x08
Servicing hardware INT=0x08
Servicing hardware INT=0x08
Servicing hardware INT=0x08
Servicing hardware INT=0x08
Servicing hardware INT=0x08
Servicing hardware INT=0x08
Servicing hardware INT=0x08
Servicing hardware INT=0x08
Servicing hardware INT=0x08
Servicing hardware INT=0x08
Servicing hardware INT=0x08
Servicing hardware INT=0x08
Servicing hardware INT=0x08
Servicing hardware INT=0x08
Servicing hardware INT=0x08
Servicing hardware INT=0x08
Servicing hardware INT=0x08
Servicing hardware INT=0x08
Servicing hardware INT=0x08
Servicing hardware INT=0x08
Servicing hardware INT=0x08
Servicing hardware INT=0x08
Servicing hardware INT=0x08
Servicing hardware INT=0x08
Servicing hardware INT=0x08
Servicing hardware INT=0x08
Servicing hardware INT=0x08
Servicing hardware INT=0x08
Servicing hardware INT=0x08
Servicing hardware INT=0x08
Servicing hardware INT=0x08
Servicing hardware INT=0x08
Servicing hardware INT=0x08
Servicing hardware INT=0x08
Servicing hardware INT=0x08
Servicing hardware INT=0x08
Servicing hardware INT=0x08
Servicing hardware INT=0x08
Servicing hardware INT=0x08
Servicing hardware INT=0x08
Servicing hardware INT=0x08
Servicing hardware INT=0x08
Servicing hardware INT=0x08
Servicing hardware INT=0x08
Servicing hardware INT=0x08
Servicing hardware INT=0x08
Servicing hardware INT=0x08
Servicing hardware INT=0x08
Servicing hardware INT=0x08
Servicing hardware INT=0x08
Servicing hardware INT=0x08
Servicing hardware INT=0x08
Servicing hardware INT=0x08
Servicing hardware INT=0x08
Servicing hardware INT=0x08
Servicing hardware INT=0x08
Servicing hardware INT=0x08
Servicing hardware INT=0x08
Servicing hardware INT=0x08
Servicing hardware INT=0x08
Servicing hardware INT=0x08
Servicing hardware INT=0x08
Servicing hardware INT=0x08
Servicing hardware INT=0x08
